osm_id,road_class,road_type,is_flooded,length_km,lat,lon,n_points,cluster
206673872,street,residential,1,0.118,12.984108,80.216026,2,0
30596872,street,unclassified,1,0.132,12.97377,80.200594,3,0
27643180,street_limited,living_street,1,0.063,13.030928,80.260902,2,0
208361200,street,residential,1,0.046,12.914316,80.156162,2,0
274718912,street,primary_link,1,0.045,13.067531,80.208709,6,0
35460668,street,unclassified,1,0.306,12.821306,80.047247,2,1
23641252,street,unclassified,1,0.073,13.005921,80.20356,2,0
184301024,street,unclassified,1,0.086,12.980076,80.188997,2,0
232405632,street,residential,1,0.085,12.977472,80.217302,2,0
30342448,main,tertiary,1,0.454,12.970103,80.264059,7,0
23901204,street_limited,living_street,1,0.178,13.063193,80.274955,2,0
33135046,street,unclassified,1,0.152,13.18298,80.302404,3,0
30281994,street,unclassified,1,0.096,12.977346,80.254884,2,0
98639488,minor_rail,rail,1,1.03,12.969014,80.224966,12,0
206654144,street_limited,living_street,1,0.187,13.044946,80.207216,4,0
55556332,main,secondary,1,0.229,12.982303,80.254296,7,0
27360404,street,residential,1,0.1,12.980367,80.206264,3,0
307033888,motorway,motorway,1,1.261,12.990282,80.088428,7,0
27274196,street,residential,1,0.176,12.981937,80.206173,6,0
208378448,street,residential,1,0.167,12.935531,80.215863,4,0
24338812,street,residential,1,0.183,13.02327,80.259813,3,0
29882152,path,steps,1,0.038,13.02151,80.225949,2,0
27201936,street_limited,living_street,1,0.14,13.036721,80.221702,2,0
30119312,main,secondary,1,1.314,12.937219,80.096333,7,0
314877504,street,unclassified,1,1.289,12.913952,80.074461,4,0
23929776,street,unclassified,1,0.284,13.034397,80.262328,6,0
33631900,street,unclassified,1,0.149,13.039844,80.12417,4,0
26482360,main,tertiary,1,0.7,13.142397,80.249623,13,0
32335278,street,unclassified,1,0.255,13.027361,80.198839,4,0
32424154,street,residential,1,0.137,13.02951,80.209649,2,0
30312528,street,unclassified,1,0.128,12.978221,80.254784,4,0
102661704,street,unclassified,1,0.203,13.064675,80.216518,5,0
132065360,street,unclassified,1,0.047,12.966323,80.249347,2,0
24270448,street,residential,1,0.199,13.03364,80.26621,3,0
188574976,street,unclassified,1,0.181,12.82291,80.045745,2,1
206634208,street,residential,1,0.178,12.965903,80.215365,3,0
23970148,street,residential,1,0.295,13.086577,80.224278,5,0
23186356,street,unclassified,1,0.076,13.056137,80.234385,2,0
27370208,street,residential,1,0.131,12.979804,80.209635,3,0
33560152,street_limited,living_street,1,0.259,13.062198,80.212747,3,0
112716584,street_limited,living_street,1,0.115,13.076842,80.249531,2,0
190695312,service,service,1,0.159,12.952387,80.17021,7,0
24240078,street,residential,1,0.087,13.090785,80.21635,2,0
24338792,street,residential,1,0.445,13.024315,80.260897,10,0
207147904,street,residential,1,0.337,13.012624,80.241039,13,0
31961786,street,unclassified,1,0.366,13.044703,80.113505,6,0
249673648,street,road,1,0.05,13.014313,80.16095,3,0
208174928,street,residential,1,0.306,12.924213,80.091526,3,0
30312148,street,unclassified,1,0.208,12.97273,80.259238,4,0
27369788,street,unclassified,1,0.267,12.965049,80.190296,5,0
30923370,street_limited,living_street,1,0.367,13.082569,80.236018,5,0
206819360,street_limited,living_street,1,0.084,13.059092,80.217943,2,0
0,street,residential,1,0.232,12.939778,80.231528,3,0
27368888,main,tertiary,1,0.246,12.939457,80.246117,3,0
30424292,main,secondary,1,0.881,12.888663,80.184685,7,0
25774736,street,residential,1,0.106,12.972144,80.18988,2,0
214698608,path,footway,1,0.08,13.074619,80.266867,5,0
24375476,street_limited,living_street,1,0.248,13.063591,80.242449,5,0
27442638,street,unclassified,1,0.278,12.962993,80.21099,9,0
27442652,street,residential,1,0.444,12.95893,80.208174,6,0
34254416,street_limited,living_street,1,0.211,13.032473,80.199427,2,0
30622134,street,unclassified,1,0.305,13.029874,80.159808,5,0
34023076,street,residential,1,0.171,13.038197,80.198377,3,0
24775500,street,residential,1,0.144,13.021385,80.244877,4,0
206654144,street,residential,1,0.063,13.036753,80.207241,3,0
95669984,main,primary,1,1.275,12.817569,80.22974,13,5
27470626,street,unclassified,1,0.11,13.0571,80.209773,2,0
30680572,street_limited,living_street,1,0.289,12.997606,80.20317,5,0
24831640,street_limited,living_street,1,0.353,13.034076,80.242235,9,0
294991968,street,residential,1,0.087,12.921352,80.18812,3,0
34617996,main,tertiary,1,1.289,13.084062,80.118052,11,0
232404416,street,residential,1,0.092,12.961977,80.185089,2,0
27319936,street,residential,1,0.34,12.982916,80.214937,8,0
23163932,service,service,1,0.262,13.03522,80.227889,9,0
27320172,street,residential,1,0.306,12.972322,80.214935,3,0
369983648,service,service,1,0.122,12.94208,80.237007,2,0
98357648,street,unclassified,1,1.22,12.898846,80.206652,22,0
24338714,street,residential,1,0.184,13.027843,80.270361,7,0
30623544,street,unclassified,1,0.356,13.040873,80.158781,12,0
32945508,street,unclassified,1,0.117,13.036312,80.178938,2,0
25466340,main,secondary,1,0.109,13.036287,80.220663,4,0
211531328,street_limited,living_street,1,0.108,13.038793,80.271651,3,0
208187488,street,residential,1,0.47,12.924899,80.135332,6,0
102663600,main,tertiary,1,0.391,13.166755,80.255609,5,2
208935040,street,residential,1,0.106,12.983383,80.12124,3,0
179306368,street,residential,1,0.225,12.951198,80.196365,6,0
179305584,street,residential,1,0.228,12.950734,80.198315,4,0
30609138,street,unclassified,1,0.105,12.978597,80.231656,2,0
23164012,street,residential,1,0.184,13.043607,80.239581,3,0
25116884,main,primary,1,0.978,12.882811,80.245051,17,0
375214144,service,service,1,0.315,12.921631,80.120592,3,0
24775498,street,residential,1,0.09,13.020311,80.238227,2,0
32542304,street,residential,1,0.067,13.013866,80.184476,2,0
23929960,street,residential,1,0.228,13.0427,80.267141,3,0
217651136,street_limited,living_street,1,0.047,13.097722,80.2927,2,0
207264544,street_limited,living_street,1,0.399,13.078033,80.208984,6,0
45403664,service,service,1,0.017,13.068684,80.205204,2,0
194607072,street,residential,1,0.126,12.94776,80.182696,2,0
26607380,main,primary,1,0.31,13.034338,80.210011,6,0
155219376,main,secondary,1,1.28,12.902305,80.041893,11,-1
315524608,street,residential,1,0.171,12.958196,80.123749,4,0
384448031,main,tertiary,1,0.957,12.83911,80.217643,15,5
122063600,street,unclassified,1,0.341,13.035345,80.171128,5,0
237621840,main,trunk,1,0.567,13.080831,80.268853,8,0
0,main,secondary,1,0.328,13.046266,80.239917,7,0
30977362,street_limited,living_street,1,0.198,13.087228,80.254269,2,0
335960160,street_limited,living_street,1,0.071,13.119083,80.267498,3,0
207149488,main,tertiary,1,0.212,13.096226,80.202532,3,0
208934736,street,residential,1,0.624,12.989699,80.139198,9,0
214366912,street_limited,living_street,1,0.054,13.023661,80.216848,2,0
27484072,street,residential,1,0.089,13.044477,80.251799,2,0
207144048,street_limited,living_street,1,0.155,13.121027,80.26715,2,0
31962668,main,primary,1,0.72,13.049919,80.121707,6,0
23901320,street_limited,living_street,1,0.156,13.054021,80.280169,4,0
102460464,main,tertiary,1,0.08,13.077386,80.15606,2,0
0,street_limited,living_street,1,0.208,13.079361,80.199471,5,0
388310961,street,residential,1,0.237,13.174667,80.256018,2,2
32254044,main,tertiary,1,0.523,12.927489,80.101823,7,0
32404442,street,residential,1,0.136,13.025719,80.211582,4,0
25454728,main,tertiary,1,0.108,13.037787,80.164929,3,0
23929880,street,residential,1,0.141,13.041615,80.260492,2,0
208365808,street,residential,1,0.182,12.903809,80.146675,2,0
241009504,main,secondary,1,0.184,13.078679,80.256656,6,0
46780332,street,unclassified,1,0.112,12.960821,80.124567,4,0
27347520,street,residential,1,0.218,13.039247,80.210476,5,0
218229787,street,unclassified,1,0.37,13.062498,80.198712,2,0
23634408,service,service,1,0.22,13.024274,80.223723,6,0
207272704,street_limited,living_street,1,0.07,13.089684,80.226957,2,0
166562080,main,tertiary,1,0.422,12.99273,80.149062,3,0
48742036,street,residential,1,0.089,13.09254,80.223239,4,0
34251800,street,unclassified,1,0.107,13.038315,80.181648,2,0
384308512,street,unclassified,1,0.162,12.959253,80.1942,2,0
102547856,main,primary,1,0.028,13.0612,80.211753,2,0
24339581,street,residential,1,0.161,13.018153,80.266932,6,0
217685952,path,footway,1,0.159,13.082964,80.250591,2,0
30833732,street,unclassified,1,0.169,13.037584,80.177557,3,0
27470644,street_limited,living_street,1,0.094,13.056909,80.20358,2,0
28050088,street,unclassified,1,0.082,13.076096,80.119359,4,0
34143860,street,unclassified,1,0.438,13.059706,80.192264,3,0
133600824,service,service,1,0.96,13.158736,80.275979,4,2
23892860,main,tertiary,1,0.471,13.096474,80.268575,9,0
27344890,street_limited,living_street,1,0.136,12.992331,80.213229,3,0
218191056,street_limited,living_street,1,0.18,13.074427,80.240319,4,0
206653760,street,residential,1,0.123,12.978047,80.19698,2,0
219391440,street,residential,1,0.145,12.94288,80.216429,4,0
112716520,street_limited,living_street,1,0.092,13.070566,80.242443,2,0
184728896,main,tertiary,1,0.383,13.075528,80.18001,3,0
34023072,street_limited,living_street,1,0.108,13.038549,80.195329,2,0
24831632,street_limited,living_street,1,0.067,13.030267,80.233029,2,0
23500024,street,residential,1,0.167,13.090569,80.254305,7,0
27453116,street,residential,1,0.267,13.05588,80.207495,6,0
151244192,street,unclassified,1,0.077,12.977591,80.230834,2,0
23164104,street,residential,1,0.249,13.044784,80.244082,4,0
217930336,street,unclassified,1,0.189,13.109653,80.199487,12,0
297338912,street,residential,1,0.036,12.9236,80.134264,2,0
24831634,street_limited,living_street,1,0.255,13.029745,80.233763,3,0
34133592,street,residential,1,0.059,13.055831,80.196221,2,0
208934816,street,residential,1,0.205,12.971129,80.141476,2,0
30977344,street_limited,living_street,1,0.185,13.092963,80.258023,2,0
147260256,main,primary,1,0.55,13.055611,80.249266,5,0
27370104,street,residential,1,0.23,12.983724,80.221495,4,0
31748506,street,unclassified,1,0.144,13.081435,80.182465,2,0
185278560,service,service,1,0.154,13.010427,80.233667,2,0
214202912,street,unclassified,1,0.167,13.037257,80.221603,2,0
31956736,street,residential,1,0.216,13.061873,80.201102,5,0
206658384,street,residential,1,0.078,12.973316,80.212263,2,0
131961760,street,unclassified,1,0.066,12.968125,80.252577,2,0
25116884,main,primary,1,0.379,12.877612,80.243859,7,0
26465036,street,residential,1,0.088,13.127439,80.257611,3,0
24270412,street_limited,living_street,1,0.112,13.035132,80.269992,3,0
31242220,main,tertiary,1,1.635,13.000702,80.117817,17,0
208365936,street,residential,1,0.216,12.90034,80.14977,3,0
32938804,street,unclassified,1,0.422,12.939347,80.257405,8,0
30281988,street,unclassified,1,0.274,12.975389,80.256555,5,0
189493200,street,residential,1,0.236,13.037837,80.232292,2,0
385787776,street,unclassified,1,0.087,12.902683,80.204618,2,0
32424220,street,residential,1,0.05,13.025913,80.20204,2,0
30597400,street,unclassified,1,0.022,12.975932,80.202237,2,0
30750560,main,tertiary,1,0.676,12.938833,80.154358,11,0
184913376,street,residential,1,0.137,13.05809,80.22709,3,0
217930032,street,unclassified,1,0.212,13.106785,80.203121,3,0
315999072,street,residential,1,0.126,12.928926,80.208438,2,0
30077696,main,tertiary,1,0.434,13.110099,80.182763,3,0
306863360,street,residential,1,0.199,13.121925,80.144488,3,0
208812496,street,residential,1,0.22,12.937533,80.239842,3,0
125180576,main,trunk,1,1.399,13.125625,80.118116,6,0
131961768,street,unclassified,1,0.13,12.969304,80.253144,2,0
208168384,street,residential,1,0.082,12.903077,80.068138,3,0
208934896,street,residential,1,0.251,12.980958,80.139549,2,0
85863032,main,secondary,1,0.186,13.029577,80.244832,4,0
29046392,main,secondary,1,0.707,12.990149,80.256015,8,0
184728848,street_limited,living_street,1,0.121,13.080562,80.168188,3,0
133602696,main,primary,1,0.67,13.02863,80.151537,9,0
206642432,street,residential,1,0.094,12.965439,80.20802,2,0
27170870,street,residential,1,0.135,13.035806,80.252705,3,0
32575316,street,residential,1,0.156,13.028463,80.207116,3,0
28161988,street,residential,1,0.715,13.072934,80.237166,8,0
102479320,main,tertiary,1,0.032,13.024612,80.25808,2,0
208378400,street,residential,1,0.128,12.935376,80.214411,2,0
30853116,street_limited,living_street,1,0.037,13.0796,80.22071,2,0
256677536,service,track,1,0.029,13.014461,80.173452,3,0
28564558,street_limited,living_street,1,0.209,12.999048,80.250821,3,0
211260240,main,primary,1,0.532,13.07103,80.241753,11,0
384290656,street,unclassified,1,0.054,12.923863,80.096587,2,0
46765832,street,unclassified,1,0.454,13.036792,80.121431,7,0
209317552,street,unclassified,1,0.434,12.969583,80.141562,5,0
34231720,street,unclassified,1,0.068,13.042751,80.168035,2,0
207269328,street,residential,1,0.26,13.071121,80.244911,6,0
214366912,street_limited,living_street,1,0.118,13.022073,80.217421,4,0
23186321,main,tertiary,1,0.294,13.03517,80.22914,9,0
163384416,service,service,1,0.367,13.009723,80.146331,11,0
207144928,street,residential,1,0.2,13.111711,80.229875,3,0
184913328,street,residential,1,0.181,13.055312,80.221529,2,0
30609136,street,unclassified,1,0.204,12.979222,80.23119,4,0
26465004,street,residential,1,0.071,13.130302,80.265595,2,0
386635168,service,service,1,0.398,12.949509,80.210108,10,0
131425304,street,unclassified,1,0.333,12.959159,80.262997,5,0
24256766,street_limited,living_street,1,0.115,13.10121,80.293581,2,0
34254344,street,unclassified,1,0.128,13.027832,80.188111,2,0
23110076,street,residential,1,0.279,13.009075,80.250264,2,0
27273976,street,unclassified,1,0.389,12.992321,80.201247,9,0
207272720,service,service,1,0.11,13.082097,80.237902,3,0
34254416,street_limited,living_street,1,0.212,13.032145,80.199468,3,0
384297984,street,unclassified,1,0.111,12.933947,80.098894,3,0
295244512,street,residential,1,0.049,13.019799,80.144517,2,0
237840896,main,tertiary,1,0.159,12.987388,80.185595,17,0
29046762,street,unclassified,1,0.193,12.991192,80.259647,3,0
208187408,street,residential,1,0.352,12.931878,80.139758,4,0
214356672,street,residential,1,0.23,13.027504,80.223026,2,0
111749056,street_limited,living_street,1,0.121,13.057076,80.279684,4,0
26464996,street,residential,1,0.32,13.127638,80.261625,5,0
27189874,street_limited,living_street,1,0.061,13.049953,80.220934,2,0
26465012,street,residential,1,0.058,13.127247,80.25725,2,0
151676368,street_limited,residential,1,0.252,13.010715,80.237493,2,0
32691642,street,residential,1,0.102,13.025184,80.204096,3,0
163384128,street,residential,1,0.098,13.014536,80.168979,4,0
136508368,street_limited,living_street,1,0.2,13.021251,80.212746,3,0
32506192,main,tertiary,1,0.175,13.02949,80.211548,3,0
384430464,street,road,1,0.113,13.106158,80.148961,4,0
26528240,street_limited,living_street,1,0.573,13.021903,80.217829,10,0
383771072,street,residential,1,0.113,13.091103,80.190931,2,0
23970230,main,primary,1,1.217,13.096807,80.197809,12,0
23135400,street,unclassified,1,0.34,13.034729,80.258437,7,0
208936224,street,residential,1,0.294,12.942594,80.149249,8,0
30119312,main,secondary,1,1.103,12.947543,80.065194,7,0
48759112,minor_rail,rail,1,0.455,12.960223,80.219568,7,0
48057044,street_limited,living_street,1,0.054,13.094244,80.261,2,0
34248504,street,unclassified,1,0.051,13.052007,80.18971,2,0
206649504,street_limited,living_street,1,0.103,13.124585,80.254719,4,0
23075440,main,secondary,1,0.547,13.079314,80.244565,3,0
83075712,service,service,1,0.448,13.065795,80.278645,6,0
207135936,street,residential,1,0.113,13.026607,80.188935,3,0
31956948,street,unclassified,1,0.323,13.070803,80.197554,3,0
24338706,street,residential,1,0.156,13.027023,80.276497,2,0
213364192,street,residential,1,0.12,12.967764,80.200926,2,0
217904384,street_limited,living_street,1,0.058,13.114657,80.259814,2,0
102484456,main,tertiary,1,0.598,13.066073,80.160831,4,0
32405616,street,residential,1,0.179,13.017076,80.198978,3,0
207144064,street_limited,living_street,1,0.151,13.126171,80.266633,4,0
30336404,street,unclassified,1,0.497,12.981087,80.264389,4,0
22688492,main,primary,1,0.485,13.060331,80.265556,11,0
208812480,street,residential,1,0.078,12.930414,80.229458,2,0
32575436,street,unclassified,1,0.329,13.030408,80.201904,4,0
206532096,street,residential,1,0.184,13.13238,80.244773,4,0
208160240,street,residential,1,0.223,12.9179,80.068413,4,0
33876044,street_limited,living_street,1,0.199,13.063899,80.213582,2,0
184466048,street_limited,living_street,1,0.165,12.949795,80.184415,6,0
27454234,street,unclassified,1,0.395,13.05962,80.204117,5,0
191436464,street,residential,1,0.182,12.79529,80.217005,2,-1
55215044,street,residential,1,0.15,12.96781,80.190166,3,0
33876108,street,unclassified,1,0.113,13.07329,80.211318,2,0
26465048,street,residential,1,0.091,13.126143,80.252879,2,0
209317552,street,residential,1,0.159,12.973384,80.145101,3,0
28564316,street,residential,1,0.147,12.997079,80.261122,2,0
34140584,street,unclassified,1,0.164,13.050293,80.176949,3,0
30622212,street,unclassified,1,0.115,13.036162,80.160403,2,0
34231724,street,unclassified,1,0.152,13.044621,80.169379,2,0
27435142,street,residential,1,0.275,13.041977,80.191074,2,0
208365936,street,residential,1,0.112,12.907047,80.159903,3,0
354250112,street_limited,living_street,1,0.12,13.099717,80.19983,2,0
335960160,street_limited,living_street,1,0.197,13.115058,80.266306,6,0
371706016,path,footway,1,0.11,13.034058,80.047461,6,-1
206836576,street,residential,1,0.126,13.029929,80.171827,4,0
232404720,street,residential,1,0.073,12.957816,80.198797,2,0
48133636,street,residential,1,0.191,13.105427,80.249441,3,0
33134944,street,unclassified,1,0.272,13.178406,80.298368,3,0
27360574,street,residential,1,0.208,12.989046,80.188021,5,0
32324754,street,residential,1,0.089,13.02694,80.203013,3,0
331635360,main,primary,1,0.953,12.981412,80.236383,12,0
30833728,street,unclassified,1,0.133,13.038802,80.177804,2,0
384417056,service,service,1,0.452,12.936131,80.058528,26,-1
31613596,,taxiway,1,0.219,12.999903,80.172261,4,0
23962592,street_limited,living_street,1,0.286,13.045924,80.273862,10,0
25562576,street,unclassified,1,0.115,12.991222,80.194204,4,0
34598904,street,unclassified,1,0.229,12.92975,80.233981,2,0
32254428,street,unclassified,1,0.318,12.931031,80.116699,4,0
206654144,street,residential,1,0.199,13.037053,80.207379,2,0
32424956,street_limited,living_street,1,0.1,13.019546,80.205552,3,0
207267776,street_limited,living_street,1,0.074,13.088007,80.240899,2,0
23186312,street,unclassified,1,0.245,13.055922,80.239546,3,0
32937680,street,unclassified,1,0.131,12.967542,80.262835,3,0
25466280,street,residential,1,0.532,13.050578,80.228129,6,0
132065360,street,unclassified,1,0.126,12.96337,80.250014,2,0
23163888,street,unclassified,1,0.235,13.028448,80.2232,4,0
259350400,street,residential,1,0.108,13.013656,80.165742,4,0
27370276,street,residential,1,0.16,12.976424,80.22704,4,0
151332208,street,road,1,0.225,12.972533,80.2264,4,0
217767936,street_limited,living_street,1,0.174,13.029824,80.213558,4,0
207269312,street,residential,1,0.046,13.08466,80.236202,2,0
32724294,street,unclassified,1,0.116,12.969363,80.146313,2,0
206398432,street,road,1,0.141,13.013796,80.17203,4,0
41497736,street,residential,1,0.326,13.024816,80.166075,6,0
208812528,street,residential,1,0.241,12.927457,80.232541,5,0
33875976,street_limited,living_street,1,0.335,13.063036,80.221028,9,0
147260240,main,primary,1,0.242,13.052528,80.250735,8,0
179255008,street,residential,1,0.133,12.947427,80.199514,2,0
28348172,street,unclassified,1,0.344,13.099518,80.203266,7,0
132073176,service,service,1,0.256,12.980151,80.245059,3,0
325034368,street,residential,1,0.049,12.94705,80.242744,2,0
207887584,street,residential,1,0.255,12.817194,79.709939,5,-1
217926480,street,unclassified,1,0.443,13.086213,80.231404,12,0
30597404,street,unclassified,1,0.046,12.976021,80.203191,2,0
27454372,street,unclassified,1,0.115,13.060983,80.20873,4,0
27470656,street,residential,1,0.084,13.056847,80.206851,2,0
27319920,street,residential,1,0.196,12.971016,80.217829,4,0
60917988,street,unclassified,1,0.18,13.054341,80.248958,2,0
122063528,street,unclassified,1,0.618,13.035899,80.172172,9,0
375214144,service,service,1,0.389,12.917821,80.124515,3,0
211407968,street,residential,1,0.128,13.115326,80.15938,3,0
30280962,street,unclassified,1,0.097,12.98288,80.256894,3,0
30622084,street,unclassified,1,0.251,13.026804,80.151945,3,0
211900032,street,residential,1,0.174,13.019909,80.24362,5,0
384688160,street,unclassified,1,0.161,12.996295,80.152252,7,0
23092126,street,unclassified,1,0.185,12.945372,80.142501,3,0
23633594,street,unclassified,1,0.391,13.023286,80.144445,4,0
178751024,street,unclassified,1,0.736,12.947422,80.080132,6,0
26465044,street,residential,1,0.126,13.126494,80.252797,3,0
184719120,street,residential,1,0.412,12.963147,80.238946,8,0
46764628,street,unclassified,1,0.278,13.046416,80.135587,6,0
102547880,main,primary,1,0.03,13.061193,80.211586,2,0
184733104,main,secondary,1,0.177,13.082725,80.233756,2,0
31956954,street,unclassified,1,0.227,13.070968,80.196809,5,0
30162692,main,secondary,1,0.752,12.841378,80.136171,5,-1
23955544,main,secondary,1,0.068,13.053708,80.266031,3,0
30280960,street,unclassified,1,0.107,12.984217,80.256605,2,0
180149968,street_limited,living_street,1,0.069,12.931028,80.241203,2,0
188574992,street,unclassified,1,0.157,12.823749,80.044764,2,1
208808688,street,residential,1,0.176,12.927166,80.204847,4,0
217848752,main,primary,1,1.289,13.096214,80.292818,11,0
35457768,street,unclassified,1,0.196,12.935473,80.234591,3,0
159001120,main,tertiary,1,0.344,12.938722,80.174201,7,0
29046376,street,residential,1,0.37,12.992673,80.255159,5,0
208821568,street,residential,1,0.373,12.895547,80.220766,2,0
213005472,street_limited,living_street,1,0.13,13.104799,80.203132,6,0
34023092,street_limited,living_street,1,0.189,13.037012,80.203029,2,0
32575436,street,residential,1,0.114,13.029476,80.20341,3,0
24270348,street,residential,1,0.115,13.042428,80.272783,3,0
47571156,street_limited,living_street,1,0.074,13.059426,80.273201,3,0
34254332,street,unclassified,1,0.195,13.030898,80.186767,4,0
30596856,street,unclassified,1,0.201,12.968459,80.208246,2,0
206812352,street,unclassified,1,0.376,13.056891,80.22453,4,0
384503840,street,unclassified,1,0.068,12.942598,80.247554,5,0
127588248,street_limited,living_street,1,0.097,13.032806,80.198087,2,0
384430400,street,road,1,0.061,13.107127,80.148008,2,0
208160256,street,residential,1,0.118,12.9117,80.081316,2,0
187760672,street,unclassified,1,0.267,13.065242,80.215927,3,0
184730832,street,residential,1,0.09,13.075305,80.174173,2,0
46780568,street,unclassified,1,0.106,12.969866,80.134088,4,0
349516704,street,residential,1,0.258,13.117343,80.041552,3,-1
48115224,main,tertiary,1,0.436,13.099054,80.247396,6,0
47107728,street_limited,living_street,1,0.03,13.083944,80.277882,2,0
33876008,street,unclassified,1,0.092,13.073847,80.215392,2,0
32324754,street,residential,1,0.089,13.02694,80.203013,3,0
132064368,street,unclassified,1,0.082,12.968485,80.261071,2,0
189492656,street,residential,1,0.495,12.946015,80.234823,7,0
27469286,street,unclassified,1,0.232,13.064181,80.210608,3,0
27454232,street,unclassified,1,0.1,13.057792,80.203738,2,0
31613632,,taxiway,1,0.213,12.999853,80.173658,2,0
24483938,street_limited,living_street,1,0.116,13.071396,80.265441,4,0
25377944,main,tertiary,1,0.845,13.093319,80.175082,4,0
28405756,street,residential,1,0.327,12.998626,80.255245,6,0
33560144,street_limited,living_street,1,0.234,13.062321,80.213674,2,0
27190000,street_limited,living_street,1,0.166,13.039867,80.224721,3,0
30625182,street,unclassified,1,0.505,13.063147,80.165096,9,0
384430496,street,road,1,0.192,13.105597,80.149535,9,0
207897632,street,residential,1,0.885,12.850683,80.071994,9,0
23500024,street,residential,1,0.238,13.086871,80.255298,5,0
23135528,street,residential,1,0.426,13.024475,80.250204,7,0
30077692,street,unclassified,1,0.193,13.111014,80.183226,3,0
156244240,street,unclassified,1,0.175,13.041357,80.254379,5,0
28150244,service,service,1,0.432,13.063334,80.264776,7,0
177370800,street,unclassified,1,0.305,13.110662,80.125661,3,0
28260736,main,tertiary,1,0.519,12.931128,80.129854,10,0
33876668,street_limited,living_street,1,0.175,13.058998,80.22337,4,0
34251756,street,unclassified,1,0.094,13.032536,80.190027,2,0
34231684,street,unclassified,1,0.203,13.046862,80.16651,2,0
27642528,street,residential,1,0.57,13.031448,80.257635,7,0
30402652,street,residential,1,0.103,13.002344,80.262142,3,0
32426916,street,unclassified,1,0.215,13.017394,80.192348,4,0
58503040,main,primary,1,0.268,13.035585,80.212353,5,0
24375420,service,service,1,0.238,13.062788,80.234049,2,0
214366896,street,residential,1,0.053,13.020025,80.214596,2,0
27355032,street,residential,1,0.267,12.982156,80.228166,3,0
32575300,street,unclassified,1,0.574,13.029411,80.205646,6,0
207886208,street,residential,1,0.149,12.867093,80.073608,2,0
214711600,path,footway,1,0.3,13.074339,80.265714,19,0
122063552,street,unclassified,1,0.082,13.040318,80.174774,2,0
96789488,street,unclassified,1,0.673,12.698787,79.973406,6,-1
27311840,service,service,1,0.192,12.996762,80.265783,2,0
214180576,main,tertiary,1,0.08,13.020898,80.222459,2,0
217945168,street,residential,1,0.212,13.122322,80.260804,2,0
26480974,main,tertiary,1,0.53,13.126683,80.257043,6,0
211769424,service,service,1,0.228,13.016593,80.262758,9,0
23110082,street,residential,1,0.322,13.007797,80.254452,5,0
102550232,main,tertiary,1,1.198,13.106417,80.093632,8,0
122063600,street,residential,1,0.178,13.038789,80.171984,7,0
24775572,street,residential,1,0.111,13.017573,80.245282,2,0
23648620,main,tertiary,1,0.512,12.909419,80.099898,13,0
26550104,street,unclassified,1,0.414,13.088877,80.206255,6,0
23632812,street,unclassified,1,0.191,13.055063,80.162095,2,0
30833710,street,unclassified,1,0.109,13.040305,80.173336,3,0
23092132,street,residential,1,0.088,12.939849,80.140679,2,0
28505052,street,unclassified,1,0.174,12.974598,80.261796,3,0
126856128,street_limited,living_street,1,0.079,13.059423,80.225761,2,0
34251716,street,unclassified,1,0.101,13.037246,80.188188,2,0
383841152,street,unclassified,1,1.257,12.99096,80.088204,6,0
24831600,street,unclassified,1,0.2,13.022838,80.229944,8,0
325034400,street,residential,1,0.073,12.948134,80.241852,2,0
25689732,main,tertiary,1,0.098,13.001662,80.199935,2,0
206825536,street_limited,living_street,1,0.199,13.106194,80.202689,4,0
28261454,main,tertiary,1,0.712,12.932971,80.16364,4,0
206653808,street,unclassified,1,0.099,12.979306,80.201026,9,0
208361248,street,residential,1,0.177,12.914489,80.155505,5,0
34231704,street,residential,1,0.434,13.046557,80.174667,4,0
28746666,service,service,1,0.254,13.081962,80.286981,2,0
28067348,main,trunk,1,0.198,13.015917,80.225693,4,0
214598768,street,residential,1,0.287,13.027158,80.226588,9,0
85932936,,runway,1,0.418,13.002035,80.165558,3,0
28682184,street,residential,1,0.159,13.045565,80.211226,4,0
207144080,street_limited,living_street,1,0.056,13.116601,80.266032,2,0
30833172,street,unclassified,1,0.166,13.047313,80.188509,3,0
23802580,main,tertiary,1,0.505,13.080929,80.235303,11,0
384290624,street,unclassified,1,0.073,12.925976,80.098751,3,0
27320160,street,residential,1,0.184,12.976287,80.216224,8,0
30977360,street_limited,living_street,1,0.176,13.088753,80.253941,2,0
112869296,street_limited,living_street,1,0.073,13.079473,80.218829,4,0
207266112,street,residential,1,0.127,13.089248,80.244677,3,0
207260608,street,residential,1,0.346,13.07328,80.204285,8,0
134417600,main,tertiary,1,0.77,12.997073,80.196458,11,0
102484448,main,tertiary,1,0.096,13.06314,80.160874,2,0
23930068,street,residential,1,0.102,13.036959,80.263186,2,0
206532064,street,residential,1,0.127,13.136101,80.241947,3,0
218144528,street,unclassified,1,0.142,13.047894,80.246411,4,0
30852864,street_limited,living_street,1,0.123,13.079232,80.231328,5,0
30128624,main,tertiary,1,0.77,13.040795,80.063554,7,-1
34140592,street,unclassified,1,0.153,13.04952,80.179244,2,0
206651584,street,unclassified,1,0.059,13.044618,80.189291,2,0
27370100,street,residential,1,0.121,12.9837,80.219927,2,0
125206032,main,secondary,1,0.519,13.126148,80.278128,4,0
34097328,minor_rail,rail,1,1.256,13.127989,80.280964,15,0
30423896,main,tertiary,1,0.363,12.906263,80.146134,4,0
27369788,street,unclassified,1,0.111,12.965386,80.188892,2,0
24338736,street,residential,1,0.117,13.026312,80.277611,3,0
27201956,main,tertiary,1,0.81,13.038751,80.225609,9,0
32425832,street,residential,1,0.114,13.023321,80.201309,2,0
30598638,main,primary,1,0.306,12.96746,80.217559,2,0
206651568,street,unclassified,1,0.125,13.035108,80.188383,4,0
27369858,street,residential,1,0.202,12.980356,80.186123,3,0
183947408,street,residential,1,0.486,12.95469,80.252406,8,0
28226260,street,unclassified,1,0.821,13.001569,80.187035,3,0
27189988,street_limited,living_street,1,0.122,13.040705,80.217433,3,0
26394486,street_limited,living_street,1,0.146,13.111406,80.279469,2,0
27343774,street,residential,1,0.124,12.980092,80.189099,3,0
99029664,service,service,1,0.559,12.839974,80.055828,7,0
27461040,street,unclassified,1,0.152,13.05958,80.210933,3,0
29046376,street,unclassified,1,0.249,12.992197,80.254326,7,0
30853112,street_limited,living_street,1,0.146,13.079959,80.220258,2,0
28681520,street_limited,living_street,1,0.217,13.053372,80.215842,4,0
325034368,street,residential,1,0.066,12.934121,80.242855,2,0
295244512,street,residential,1,0.177,13.020018,80.149083,3,0
384312064,street,unclassified,1,0.202,12.941935,80.205182,7,0
208359344,street,residential,1,0.184,12.928932,80.145838,6,0
30610248,street,unclassified,1,0.036,12.980276,80.230535,2,0
206825504,street,unclassified,1,0.473,13.10454,80.202566,10,0
155785664,main,secondary,1,0.224,13.06949,80.243397,6,0
217978752,minor_rail,rail,1,0.887,13.082119,80.292352,17,0
217688000,street_limited,living_street,1,0.165,13.06035,80.243513,4,0
183718512,street_limited,living_street,1,0.277,12.941164,80.200813,2,0
214413840,main,primary,1,0.311,13.032831,80.211889,8,0
312878624,street,residential,1,0.081,12.992486,80.195307,3,0
122063536,street,residential,1,0.061,13.038126,80.172162,2,0
29046772,street,residential,1,0.083,12.991444,80.25744,2,0
24831594,street,unclassified,1,0.041,13.019573,80.228851,2,0
46763008,street,residential,1,0.11,12.938776,80.153196,2,0
27916660,street,unclassified,1,0.084,12.980132,80.177517,2,0
206819104,street,residential,1,0.362,12.991146,80.25945,8,0
27190002,street,residential,1,0.131,13.038946,80.221772,2,0
25393656,main,secondary,1,0.194,13.143897,80.189867,6,3
32031200,street,residential,1,0.084,12.978695,80.256416,3,0
46837736,street,residential,1,0.524,12.925445,80.131946,4,0
30980494,street_limited,living_street,1,0.158,13.091991,80.265098,4,0
32424948,street,unclassified,1,0.253,13.024461,80.206382,9,0
207144080,street_limited,living_street,1,0.222,13.115398,80.266884,5,0
208926224,street,residential,1,0.197,12.943242,80.14309,3,0
28405762,street,residential,1,0.079,12.996812,80.252886,2,0
331480224,main,tertiary,1,0.054,12.821517,80.211251,2,5
300030688,street,residential,1,0.113,12.913757,80.198133,2,0
23970150,street_limited,living_street,1,0.091,13.087601,80.225759,2,0
206836528,street,residential,1,0.138,13.030751,80.173952,2,0
28746704,service,service,1,0.153,13.078901,80.283763,3,0
206653808,street,residential,1,0.444,12.975563,80.194497,9,0
27190020,street_limited,living_street,1,0.133,13.053806,80.217318,3,0
363754112,service,service,1,0.671,13.117131,80.110011,12,0
26322112,street_limited,living_street,1,0.26,13.113955,80.273922,5,0
32938778,street,unclassified,1,0.288,12.941379,80.248436,6,0
304803456,street,residential,1,0.062,13.074573,80.213565,2,0
206662896,street,residential,1,0.166,12.988718,80.258535,4,0
211763568,street_limited,living_street,1,0.313,13.052127,80.279902,3,0
213364176,street,residential,1,0.113,12.968277,80.199506,2,0
183947392,street,residential,1,0.316,12.956652,80.250915,5,0
28347624,minor_rail,rail,1,0.397,13.104841,80.231548,5,0
132070016,street,unclassified,1,0.196,12.967636,80.261317,2,0
183979584,street_limited,living_street,1,0.414,12.970055,80.235189,4,0
384503840,street,unclassified,1,0.024,12.941771,80.247975,2,0
27442516,street,residential,1,0.11,13.028268,80.206626,2,0
122063536,street,residential,1,0.118,13.038591,80.170657,2,0
27199952,street,residential,1,0.258,13.047975,80.220368,2,0
23110088,street,residential,1,0.327,13.01063,80.253129,7,0
0,street,residential,1,0.151,13.092893,80.202183,3,0
46764840,street,unclassified,1,0.172,13.03585,80.134904,3,0
211531264,street,residential,1,0.13,13.027781,80.264419,3,0
103730440,street,unclassified,1,0.099,12.991181,80.197636,2,0
98357544,street,road,1,0.075,12.865276,80.073303,3,0
30597398,street,unclassified,1,0.075,12.976091,80.202342,4,0
23970152,street,residential,1,0.29,13.087169,80.226934,5,0
23164012,street,residential,1,0.142,13.043018,80.242724,2,0
217845088,service,service,1,0.12,13.091821,80.274592,2,0
26396288,street_limited,living_street,1,0.185,13.110681,80.280599,5,0
34144664,street,unclassified,1,0.345,13.056924,80.189465,7,0
30625168,street,unclassified,1,0.25,13.075054,80.185967,3,0
297328160,street,residential,1,0.057,12.924162,80.14173,2,0
336296800,street,unclassified,1,0.355,12.840664,80.154299,10,-1
208373056,street,residential,1,0.056,12.935876,80.179874,2,0
29046764,street,unclassified,1,0.048,12.991286,80.260484,2,0
378400832,street,residential,1,0.304,12.939343,80.23142,5,0
30833172,street,unclassified,1,0.201,13.046085,80.186718,4,0
217757152,street_limited,living_street,1,0.072,13.066676,80.216129,3,0
209503008,street,primary_link,1,0.099,13.040846,80.26793,5,0
32426102,street,residential,1,0.055,13.027212,80.209034,2,0
33134956,street,unclassified,1,0.075,13.180166,80.299106,3,0
0,street_limited,living_street,1,0.12,13.028019,80.212718,2,0
208934784,street,residential,1,0.095,12.971489,80.134027,2,0
27630104,street,unclassified,1,0.401,12.952407,80.202135,4,0
208824096,street,residential,1,0.204,12.888128,80.231684,7,0
240473888,main,secondary,1,0.212,13.064943,80.27808,6,0
207258288,street,residential,1,0.124,13.090334,80.180777,5,0
208934992,street,residential,1,0.213,12.96718,80.142421,5,0
207149440,street,residential,1,0.142,13.097802,80.192735,2,0
208378432,street,residential,1,0.097,12.935017,80.215247,3,0
27347546,street,unclassified,1,0.167,13.04766,80.193311,3,0
206642432,street,residential,1,0.177,12.970678,80.211959,2,0
31241126,street,unclassified,1,0.226,12.962174,80.123925,4,0
214599088,service,service,1,0.088,13.016967,80.222404,2,0
30833716,street,unclassified,1,0.491,13.039525,80.177111,9,0
34690168,main,tertiary,1,0.136,13.026134,80.212116,4,0
22660748,street,unclassified,1,0.216,13.040054,80.25609,2,0
211260256,main,primary,1,0.293,13.026374,80.264987,6,0
206649456,street,residential,1,0.149,13.1222,80.254661,3,0
27369654,street,unclassified,1,0.931,12.96463,80.185311,22,0
30402668,street,residential,1,0.077,13.001322,80.264207,3,0
194429168,street,residential,1,0.185,12.917793,80.171688,3,0
160185072,street,unclassified,1,0.317,13.016839,80.22708,7,0
194607456,street_limited,living_street,1,0.133,12.940812,80.190872,3,0
389017184,street,residential,1,0.065,12.962833,80.18932,2,0
24338716,street_limited,living_street,1,0.231,13.027735,80.27141,2,0
30623000,street,unclassified,1,0.345,13.032734,80.160083,7,0
27342814,street_limited,living_street,1,0.133,12.994616,80.210764,2,0
32427394,street,unclassified,1,0.405,13.013579,80.18472,6,0
30025552,service,service,1,0.366,12.988393,80.241138,14,0
30833706,street,unclassified,1,0.081,13.041602,80.172311,2,0
26763950,street,residential,1,0.358,13.048221,80.228357,3,0
184109535,main,primary,1,1.233,12.902403,80.228091,7,0
46765864,street,unclassified,1,0.248,13.038874,80.127669,2,0
32945500,street,unclassified,1,0.281,13.037096,80.183073,6,0
0,street,residential,1,0.11,13.090325,80.181277,2,0
22976236,main,tertiary,1,0.164,13.034966,80.221741,3,0
214598752,main,tertiary,1,0.374,13.052998,80.23052,3,0
25469760,main,tertiary,1,0.928,13.102826,80.104756,8,0
30604306,street,residential,1,0.377,12.981249,80.215975,9,0
26969168,main,tertiary,1,0.572,13.083191,80.227949,6,0
27319416,street,residential,1,0.248,12.967977,80.210247,2,0
26464834,main,tertiary,1,0.803,13.127394,80.262711,11,0
384370752,street,unclassified,1,0.092,12.920841,80.114021,4,0
29197080,street,residential,1,0.184,13.011465,80.146512,2,0
32945490,street,unclassified,1,0.069,13.039258,80.182587,2,0
27633924,street_limited,living_street,1,0.124,13.025608,80.232738,3,0
214599136,street,unclassified,1,0.277,13.011178,80.216066,4,0
27454276,street,unclassified,1,0.079,13.057889,80.205037,2,0
30980508,street_limited,living_street,1,0.269,13.092026,80.260761,3,0
48057048,street_limited,living_street,1,0.068,13.096172,80.251597,2,0
34028140,street_limited,living_street,1,0.115,13.036041,80.199784,2,0
34690572,street,unclassified,1,0.382,13.09129,80.215692,3,0
27173496,street,residential,1,0.124,13.041281,80.231139,2,0
24831612,street_limited,living_street,1,0.169,13.02554,80.231856,4,0
30622232,street,unclassified,1,0.231,13.040149,80.158141,4,0
27360702,street,residential,1,0.323,12.983921,80.184313,3,0
30622232,street,unclassified,1,0.163,13.040138,80.157416,2,0
34140592,street,unclassified,1,0.148,13.049547,80.178821,2,0
183947360,street,residential,1,0.116,12.960023,80.253692,2,0
27371076,street,residential,1,0.109,12.986161,80.210864,2,0
27202242,street,unclassified,1,0.139,13.032721,80.219969,5,0
27347904,main,primary,1,0.114,13.03499,80.210847,2,0
34133912,street,unclassified,1,0.045,13.048666,80.19442,2,0
27190008,street,residential,1,0.258,13.054493,80.212438,5,0
24375498,street,residential,1,0.255,13.070626,80.239789,3,0
384425120,street,road,1,0.366,13.089427,80.143679,6,0
184109536,main,primary,1,1.256,12.838597,80.227891,8,5
26527176,main,secondary,1,0.455,13.05449,80.202067,6,0
208378448,street,residential,1,0.162,12.937249,80.215519,4,0
24339604,street_limited,living_street,1,0.108,13.024256,80.266347,2,0
34140888,street,unclassified,1,0.15,13.058075,80.174805,2,0
102657800,service,service,1,0.255,13.006695,80.178773,3,0
34231696,street,unclassified,1,0.209,13.048151,80.166561,5,0
27643196,street_limited,living_street,1,0.089,13.028465,80.25928,3,0
35312752,path,footway,1,0.05,13.036221,80.263627,2,0
179306592,street,residential,1,0.138,12.949701,80.199275,5,0
207258288,street,residential,1,0.203,13.0911,80.186878,3,0
30281948,street_limited,living_street,1,0.085,12.978472,80.261446,3,0
32551436,street_limited,living_street,1,0.155,12.994756,80.215746,2,0
217978832,major_rail,rail,1,0.528,13.086013,80.275383,7,0
27359756,street,residential,1,0.405,12.966212,80.20555,4,0
48738632,street_limited,living_street,1,0.245,13.095956,80.245215,4,0
24831578,street,residential,1,0.071,13.015407,80.228206,2,0
384430400,street,road,1,0.233,13.106244,80.150636,9,0
23648648,street,unclassified,1,0.058,12.908386,80.103406,2,0
23885084,street_limited,living_street,1,0.143,13.08761,80.276431,4,0
25920972,main,tertiary,1,0.118,12.972184,80.142331,4,0
194472624,street,residential,1,0.248,12.906661,80.192857,5,0
34254348,street,unclassified,1,0.215,13.025621,80.189945,4,0
27480308,main,secondary,1,0.853,12.980035,80.221523,10,0
28345110,street,unclassified,1,0.063,13.105651,80.294413,3,0
46843952,street,unclassified,1,0.515,13.092369,80.180737,9,0
213364176,street,residential,1,0.063,12.974909,80.200663,2,0
34231656,street,unclassified,1,0.096,13.050428,80.168215,3,0
206657760,street_limited,living_street,1,0.103,13.042796,80.212892,2,0
207146768,street,residential,1,0.206,13.066902,80.252698,4,0
30923408,street,residential,1,0.404,13.081982,80.236573,9,0
157911936,main,trunk,1,0.021,13.049074,80.246963,2,0
131963512,street,unclassified,1,0.053,12.9675,80.250349,2,0
28278660,street,residential,1,0.127,12.993154,80.255504,4,0
32938734,street,unclassified,1,0.238,12.949459,80.256109,4,0
31983010,main,tertiary,1,0.395,13.069217,80.193085,4,0
208378464,street,residential,1,0.311,12.933713,80.2083,6,0
184467328,street,unclassified,1,0.519,12.952459,80.190704,10,0
32938728,street,unclassified,1,0.217,12.94415,80.257154,5,0
27442500,street_limited,living_street,1,0.161,13.02877,80.205142,4,0
26748512,street,residential,1,0.144,13.070353,80.224636,5,0
23634190,street,unclassified,1,0.347,13.013136,80.210913,2,0
34235632,street,unclassified,1,0.052,13.037831,80.166556,2,0
30851600,street,unclassified,1,0.134,13.083808,80.224263,3,0
208170800,street,unclassified,1,0.383,12.914174,80.09594,8,0
179312112,street,residential,1,0.115,12.943696,80.18351,2,0
206827264,street,residential,1,0.122,13.015153,80.177145,2,0
384688160,street,unclassified,1,0.157,12.995762,80.152783,3,0
214598720,main,secondary,1,0.34,13.010962,80.212195,3,0
30424300,main,secondary,1,0.543,12.885129,80.171971,3,0
27344640,street,unclassified,1,0.116,12.995595,80.203077,3,0
30077676,street,residential,1,0.44,13.108513,80.183454,5,0
34157832,street,unclassified,1,0.132,13.073039,80.186369,2,0
180145728,main,tertiary,1,0.269,12.93957,80.100415,3,0
31961744,street,unclassified,1,0.233,13.054638,80.114703,2,0
208174912,street,residential,1,0.131,12.919047,80.095488,2,0
207148688,street_limited,living_street,1,0.312,13.123643,80.257901,7,0
370332032,path,path,1,0.057,12.97288,80.141575,7,0
217950352,main,tertiary,1,0.218,13.126507,80.26692,2,0
23901330,street_limited,living_street,1,0.167,13.053225,80.276648,8,0
178751040,main,tertiary,1,0.428,13.02791,80.109642,3,0
30280524,street,unclassified,1,0.103,12.985169,80.253931,3,0
24831618,street_limited,living_street,1,0.296,13.029092,80.232181,2,0
363759264,main,primary,1,0.594,13.086854,80.10864,4,0
23761520,street,unclassified,1,0.252,13.002461,80.267169,4,0
27460548,street,unclassified,1,0.163,13.060941,80.203741,3,0
27479816,street_limited,living_street,1,0.084,13.056916,80.202926,2,0
27354150,street,residential,1,0.177,12.983681,80.210852,6,0
208935008,street,residential,1,0.321,12.967042,80.139759,4,0
293836288,main,tertiary,1,0.66,12.980168,80.146149,4,0
27189816,street,residential,1,0.353,13.054131,80.224177,3,0
142413376,street,residential,1,0.084,12.929241,80.143141,3,0
27274108,street,unclassified,1,0.231,12.982457,80.201268,6,0
218208848,street,unclassified,1,0.186,13.130313,80.288742,2,0
194605147,street,residential,1,0.281,12.902704,80.197072,7,0
375214144,service,track,1,0.508,12.915136,80.123478,3,0
27201760,street_limited,living_street,1,0.143,13.038527,80.224205,8,0
362759776,main,secondary,1,0.038,13.092634,80.274362,2,0
340016320,street,residential,1,0.08,13.081456,80.184719,2,0
181313776,street,unclassified,1,0.405,13.107978,80.164509,2,0
30977348,street_limited,living_street,1,0.377,13.09434,80.25488,3,0
27454240,street,unclassified,1,0.236,13.059148,80.202742,2,0
217685968,street_limited,living_street,1,0.071,13.084034,80.251283,2,0
31724916,main,secondary,1,0.275,13.049768,80.247783,6,0
34140584,street,unclassified,1,0.087,13.051057,80.176274,2,0
208170784,street,residential,1,0.412,12.924332,80.095395,5,0
207270080,street,residential,1,0.079,13.086975,80.235836,2,0
218221712,street_limited,living_street,1,0.127,13.058734,80.210461,4,0
130792416,street_limited,living_street,1,0.175,13.038906,80.209716,2,0
86226800,street,residential,1,0.115,12.971604,80.131182,3,0
23135404,street,unclassified,1,0.252,13.034399,80.259996,6,0
384529824,street,residential,1,0.183,13.111317,80.186618,4,0
25473872,main,tertiary,1,0.89,13.127711,80.114328,5,0
30622236,street,unclassified,1,0.31,13.03814,80.157305,8,0
26465064,street,unclassified,1,0.591,13.130109,80.261759,11,0
157989504,street,secondary_link,1,0.033,13.044963,80.240451,4,0
30622228,street,unclassified,1,0.119,13.038721,80.156033,5,0
24261514,street_limited,living_street,1,0.083,13.052878,80.277893,2,0
208168368,street,residential,1,0.67,12.890356,80.080729,10,0
23306352,main,tertiary,1,0.472,13.08449,80.219801,4,0
206825536,street,residential,1,0.287,13.110029,80.20125,4,0
32844202,street,residential,1,0.092,13.033227,80.206118,3,0
27442464,street_limited,living_street,1,0.135,13.023485,80.212288,2,0
102484024,street_limited,construction,1,0.239,13.106132,80.286355,5,0
24338796,street_limited,living_street,1,0.074,13.0256,80.26642,2,0
46764636,street,unclassified,1,0.293,13.046486,80.134456,5,0
131961823,street,unclassified,1,0.278,12.965986,80.252904,4,0
161048336,street,residential,1,0.063,12.998437,80.260065,3,0
177370752,service,service,1,1.229,13.075898,80.161413,7,0
318725696,street,residential,1,0.141,12.978455,80.214935,3,0
59294072,main,trunk,1,1.137,13.070716,80.184045,9,0
27643190,street,residential,1,0.101,13.030485,80.255342,2,0
183947360,street,residential,1,0.053,12.956211,80.252198,2,0
26529433,street,unclassified,1,0.361,13.024811,80.259426,9,0
384311369,street,unclassified,1,0.23,12.950532,80.203285,3,0
206642416,main,secondary,1,0.576,12.964147,80.213326,8,0
384370752,street,unclassified,1,0.173,12.921671,80.115586,5,0
217978784,minor_rail,rail,1,0.584,13.098627,80.272729,10,0
23164102,street,residential,1,0.106,13.044885,80.243552,3,0
26526460,main,tertiary,1,0.312,13.03794,80.191352,3,0
183979520,street_limited,living_street,1,0.241,12.971798,80.233966,6,0
32613668,street,unclassified,1,0.739,13.04024,80.20202,5,0
214172288,street_limited,living_street,1,0.038,13.018479,80.217716,2,0
208567680,main,primary,1,0.139,13.041348,80.265608,5,0
179251264,street,residential,1,0.301,12.920981,80.186728,10,0
384502016,street,unclassified,1,0.119,12.941877,80.249284,3,0
194607072,street,residential,1,0.319,12.948097,80.1828,5,0
28076660,street,secondary_link,1,0.605,13.054348,80.258366,8,0
217760896,street,residential,1,0.231,13.071234,80.217225,5,0
27442708,street,unclassified,1,0.198,12.959265,80.168807,5,0
207272720,street,residential,1,0.304,13.084542,80.227377,5,0
34626520,main,secondary,1,0.694,13.098806,80.147521,6,0
295244512,street,residential,1,0.157,13.019502,80.149485,4,0
48738656,street,residential,1,0.237,13.09242,80.243032,6,0
32426912,street,unclassified,1,0.071,13.017633,80.191238,2,0
47800436,motorway,motorway,1,0.521,13.013803,80.128902,7,0
30623576,street,unclassified,1,0.635,13.043697,80.163085,12,0
206673872,street,residential,1,0.078,12.988726,80.189341,3,0
349516704,street,residential,1,0.417,13.112583,80.043026,2,-1
384290624,street,unclassified,1,0.243,12.925776,80.099633,13,0
32306588,street_limited,living_street,1,0.105,13.037143,80.2516,2,0
30598648,street,residential,1,0.039,12.97337,80.217207,2,0
48057044,street_limited,living_street,1,0.044,13.093034,80.260799,2,0
207880544,street,residential,1,0.234,12.795199,80.023186,4,4
208824496,street,residential,1,0.421,12.858642,80.228675,6,0
31961786,street,unclassified,1,0.085,13.04484,80.112118,2,0
179253616,main,tertiary,1,0.419,12.95854,80.176515,6,0
27454368,street,unclassified,1,0.131,13.060044,80.203521,4,0
32405456,street,residential,1,0.142,13.02849,80.207776,2,0
209558560,major_rail,rail,1,0.258,13.076854,80.254151,4,0
379587328,street,residential,1,0.376,12.904757,80.215003,2,0
27347328,street,residential,1,0.181,13.051476,80.206719,2,0
25377982,main,tertiary,1,0.085,13.101074,80.136035,3,0
295244512,street,residential,1,0.196,13.021333,80.148562,4,0
209503008,main,trunk,1,0.08,13.04751,80.245402,5,0
24775596,street,unclassified,1,0.951,13.012276,80.247898,10,0
27618358,street,trunk_link,1,0.053,13.081396,80.275415,3,0
23186344,street,residential,1,0.136,13.048054,80.244664,4,0
183273728,street,residential,1,0.651,12.93672,80.198264,10,0
30623002,street,unclassified,1,0.161,13.023483,80.150638,2,0
26465030,street,residential,1,0.104,13.126537,80.254829,2,0
26394460,street_limited,living_street,1,0.238,13.111562,80.280206,4,0
306017472,street,residential,1,0.181,13.035352,80.132881,2,0
315757408,street,residential,1,0.127,12.921066,80.18776,3,0
23887964,street_limited,living_street,1,0.104,13.08991,80.275863,2,0
207139312,street_limited,living_street,1,0.147,13.023502,80.218673,5,0
32945502,street,unclassified,1,0.139,13.037405,80.180068,2,0
32840278,street,residential,1,0.074,13.031806,80.205633,2,0
102663584,main,tertiary,1,0.657,13.168987,80.25606,8,2
28642054,major_rail,rail,1,0.456,12.994518,80.198748,5,0
178114544,street,residential,1,0.14,12.942289,80.198745,3,0
33300004,path,footway,1,0.021,13.063575,80.247787,3,0
34231708,street,unclassified,1,0.206,13.044234,80.174228,4,0
219558912,street,residential,1,0.202,13.069373,80.208748,4,0
241027984,main,secondary,1,0.094,13.075094,80.257884,4,0
34097224,street,unclassified,1,0.281,13.118546,80.278685,4,0
290793376,street,residential,1,0.381,13.019869,80.152924,15,0
102574520,main,secondary,1,1.268,13.109083,80.172043,11,0
325034400,street,residential,1,0.221,12.942769,80.241156,3,0
47571144,street_limited,living_street,1,0.158,13.060236,80.272484,6,0
219391440,street,residential,1,0.03,12.943418,80.209463,2,0
28894876,street_limited,pedestrian,1,0.08,13.073564,80.284562,5,0
206824304,street_limited,living_street,1,0.135,13.030226,80.223344,4,0
30833730,street,unclassified,1,0.124,13.037978,80.177848,2,0
27351832,street,residential,1,0.062,12.974577,80.193912,2,0
34654904,main,secondary,1,1.159,13.148796,80.103397,8,-1
34618052,main,tertiary,1,0.58,13.072329,80.123148,5,0
27442508,street,residential,1,0.097,13.029597,80.200897,2,0
183979584,street_limited,living_street,1,0.368,12.97093,80.237039,4,0
23047839,street,residential,1,0.312,13.035608,80.231979,2,0
32552092,street_limited,living_street,1,0.187,13.022149,80.202441,2,0
27189902,street_limited,living_street,1,0.096,13.043105,80.217579,2,0
211531296,street_limited,living_street,1,0.093,13.026737,80.265167,2,0
95222432,main,trunk,1,1.421,12.86018,80.072027,8,0
23634658,street,unclassified,1,0.274,13.019655,80.223808,3,0
27347328,street,residential,1,0.183,13.052034,80.206749,2,0
23135424,street,residential,1,0.229,13.026364,80.258699,2,0
384862912,street,unclassified,1,0.241,12.782527,80.22109,4,-1
136508368,street_limited,living_street,1,0.114,13.021985,80.212375,2,0
217801936,main,tertiary,1,0.162,13.037022,80.191266,4,0
23803368,street_limited,living_street,1,0.284,13.096343,80.255098,3,0
24483908,street_limited,living_street,1,0.137,13.068423,80.267667,6,0
102663592,main,tertiary,1,0.708,13.165355,80.258908,6,2
23901162,street_limited,living_street,1,0.341,13.065494,80.272653,10,0
209317536,street,residential,1,0.133,12.988941,80.145686,2,0
30610248,street,unclassified,1,0.043,12.980252,80.230371,2,0
27454254,street,residential,1,0.225,13.058101,80.198143,2,0
28854672,service,service,1,0.193,13.05878,80.257989,4,0
130109224,main,tertiary,1,0.199,12.867445,80.068727,5,0
34254348,street,unclassified,1,0.297,13.027011,80.190683,9,0
208378400,street,residential,1,0.233,12.93626,80.212639,2,0
208934880,street,residential,1,0.18,12.983151,80.144181,3,0
27347348,street_limited,living_street,1,0.209,13.044733,80.203207,6,0
27442440,street,residential,1,0.166,13.01905,80.216859,2,0
25470226,main,tertiary,1,0.533,13.111608,80.100144,5,0
29046390,street,unclassified,1,0.216,12.988353,80.254385,3,0
354198336,service,service,1,0.124,13.07962,80.271527,4,0
34254360,street,unclassified,1,0.138,13.028799,80.191844,2,0
34618652,service,service,1,0.952,12.870459,80.21788,3,0
37407068,street,residential,1,0.331,13.087121,80.178796,2,0
384866016,street,unclassified,1,0.9,12.817762,80.207182,14,5
34634448,main,secondary,1,0.523,13.130956,80.279376,4,0
208824080,street,residential,1,0.191,12.882148,80.230753,3,0
28124260,main,tertiary,1,0.221,12.897252,80.110686,3,0
23163968,street,residential,1,0.226,13.043907,80.230846,4,0
34143440,street,unclassified,1,0.37,13.064783,80.184066,4,0
198305824,street,residential,1,0.04,12.939415,80.243516,2,0
26969660,street,residential,1,0.756,13.081585,80.214402,2,0
325034368,street,residential,1,0.135,12.947934,80.243685,2,0
23110068,main,secondary,1,0.049,13.007491,80.259579,2,0
48756732,street_limited,living_street,1,0.273,13.096061,80.249559,5,0
24375592,service,service,1,0.152,13.060405,80.254983,3,0
132459608,street,unclassified,1,0.858,12.965487,80.260937,9,0
335959840,street,residential,1,0.301,13.115332,80.229823,9,0
26551244,street,unclassified,1,0.307,12.971234,80.20767,6,0
132192376,street,unclassified,1,0.542,12.967528,80.207344,15,0
32551444,street,unclassified,1,0.105,12.996212,80.213817,2,0
240340320,major_rail,rail,1,1.382,13.01063,80.215322,15,0
27352076,street,residential,1,0.159,12.967325,80.200616,3,0
34626576,main,secondary,1,0.171,13.089644,80.123427,2,0
30610644,street,unclassified,1,0.331,12.994834,80.214936,16,0
27359782,street,residential,1,0.135,12.96742,80.204437,2,0
27355089,street,residential,1,0.129,12.986213,80.222508,7,0
28504962,street,residential,1,0.135,12.974873,80.260444,4,0
31264860,street,unclassified,1,0.411,13.099909,80.135542,5,0
24375576,street,unclassified,1,0.503,13.06068,80.250721,8,0
214356688,street_limited,living_street,1,0.208,13.032902,80.229245,5,0
217933008,street,residential,1,0.053,13.114198,80.229486,2,0
132194368,street,unclassified,1,0.121,12.967857,80.262738,3,0
208935008,street,residential,1,0.157,12.987559,80.12962,5,0
46765836,street,unclassified,1,0.175,13.038443,80.124695,4,0
27442480,street,residential,1,0.117,13.026509,80.210937,2,0
24483930,street_limited,living_street,1,0.123,13.069218,80.267543,3,0
322067232,street,residential,1,0.192,13.014178,80.18053,2,0
23030572,street_limited,living_street,1,0.902,13.074132,80.271095,13,0
384380384,service,track,1,0.437,12.893554,80.216341,3,0
23306342,main,primary,1,0.138,13.082483,80.210735,2,0
30312160,street_limited,living_street,1,0.026,12.97804,80.264301,2,0
25390744,main,tertiary,1,0.917,13.11256,80.116327,6,0
27630116,street,residential,1,0.091,12.952342,80.196965,3,0
30312540,street,unclassified,1,0.079,12.97855,80.255039,3,0
84085344,street,unclassified,1,0.403,13.169559,80.248817,2,2
208187488,street,residential,1,0.461,12.929018,80.139751,6,0
218208864,street_limited,living_street,1,0.243,13.131229,80.287096,3,0
34231656,street,unclassified,1,0.045,13.05065,80.167987,2,0
217848752,main,primary,1,0.116,13.083516,80.278559,4,0
31255940,main,tertiary,1,0.628,13.122917,80.000587,7,-1
33134972,street,unclassified,1,0.139,13.178368,80.298956,2,0
32424222,main,primary,1,0.151,13.026998,80.207847,2,0
30119308,main,secondary,1,0.75,12.92857,80.11581,10,0
98639512,major_rail,rail,1,0.673,12.967587,80.218927,13,0
208160240,street,residential,1,0.185,12.909267,80.080539,2,0
206836576,street,residential,1,0.132,13.030991,80.172114,3,0
34254320,street,unclassified,1,0.246,13.028923,80.189896,4,0
27354996,street,residential,1,0.226,12.982947,80.228439,3,0
23970128,street,residential,1,0.093,13.089928,80.22476,2,0
82874920,street,unclassified,1,0.4,12.954156,80.207476,5,0
206827264,street,residential,1,0.114,13.01592,80.175737,2,0
30622212,street,unclassified,1,0.178,13.036291,80.159208,5,0
211436928,street_limited,living_street,1,0.175,13.028383,80.278384,5,0
181129648,street_limited,living_street,1,0.17,13.05083,80.264833,4,0
209317552,street,residential,1,0.088,12.988443,80.14504,2,0
27442644,street,residential,1,0.746,12.964967,80.205166,6,0
26525084,street,unclassified,1,0.255,13.04811,80.209544,3,0
27454280,street,residential,1,0.189,13.058066,80.202397,3,0
27354998,street,residential,1,0.162,12.982508,80.228803,2,0
206535360,street,unclassified,1,0.079,12.95258,80.208135,2,0
33876144,street_limited,living_street,1,0.044,13.067443,80.231875,2,0
232404720,street,residential,1,0.598,12.995307,80.15094,10,0
27346912,street,unclassified,1,0.358,13.051937,80.213965,5,0
207891072,street,residential,1,0.888,12.860361,80.062449,8,0
30747120,street,unclassified,1,0.156,12.964338,80.151063,5,0
206673840,street,residential,1,0.092,12.982784,80.199633,2,0
41415992,street,residential,1,0.147,13.025614,80.169707,3,0
34618060,main,tertiary,1,0.604,13.075793,80.116743,8,0
102574568,main,tertiary,1,0.189,13.065357,80.123828,2,0
232405632,street,residential,1,0.169,12.980871,80.219452,6,0
26422042,street,unclassified,1,0.25,13.142272,80.298157,4,0
183947344,street,residential,1,0.156,12.958574,80.25184,2,0
30623004,street,unclassified,1,0.054,13.022831,80.156182,2,0
25451862,main,tertiary,1,0.419,13.192278,80.267278,3,-1
384309184,street,unclassified,1,0.169,12.955395,80.191104,6,0
35013808,street,residential,1,0.144,13.020862,80.244612,2,0
23001376,main,secondary,1,0.375,13.029476,80.262395,14,0
211900048,street_limited,living_street,1,0.139,13.019044,80.244554,2,0
206649488,street_limited,living_street,1,0.135,13.124434,80.256236,7,0
207139296,street,residential,1,0.08,13.026891,80.215929,2,0
386187904,street,residential,1,0.348,13.034614,80.126138,3,0
27346856,street,residential,1,0.631,13.035864,80.214814,11,0
34618064,street,unclassified,1,0.573,13.076445,80.116276,7,0
48756752,street_limited,living_street,1,0.104,13.096865,80.248099,2,0
28563248,street,residential,1,0.062,13.005125,80.260673,3,0
23970116,street,residential,1,0.153,13.085193,80.221654,2,0
24262138,main,tertiary,1,0.445,13.022024,80.26089,5,0
30606816,street,residential,1,0.186,12.981592,80.213093,4,0
27355030,street,residential,1,0.15,12.983827,80.226839,3,0
214379312,street,residential,1,0.106,13.03085,80.216111,2,0
23030568,street_limited,living_street,1,0.432,13.075131,80.268325,6,0
208160240,street,residential,1,0.668,12.912543,80.06692,12,0
33631904,street,unclassified,1,0.424,13.039963,80.124939,7,0
33875968,street_limited,living_street,1,0.087,13.068395,80.216372,2,0
34028136,street_limited,living_street,1,0.125,13.035019,80.201763,2,0
31242404,street,unclassified,1,0.475,12.986057,80.114863,5,0
30247642,street_limited,living_street,1,0.164,13.089524,80.253795,2,0
26143848,,runway,1,1.436,12.903717,80.118229,2,0
27202300,street,residential,1,0.233,13.035339,80.220108,3,0
208170768,street,residential,1,0.202,12.917069,80.099276,3,0
31241096,street,unclassified,1,0.134,12.950812,80.139137,4,0
132190832,street_limited,living_street,1,0.024,12.978186,80.248838,2,0
206840960,street,residential,1,0.115,13.043729,80.181347,7,0
365150784,main,tertiary,1,0.069,13.051983,80.19668,2,0
84525992,street,road,1,0.145,12.965822,80.124421,3,0
206825536,street_limited,living_street,1,0.137,13.1091,80.19861,5,0
27442564,street,residential,1,0.047,12.959975,80.194256,2,0
24338720,street_limited,living_street,1,0.189,13.02788,80.271372,2,0
34606488,main,tertiary,1,1.528,13.095263,80.097005,11,0
32911200,street,unclassified,1,0.257,12.884144,80.248897,4,0
132065384,street,unclassified,1,0.276,12.963901,80.249631,3,0
34254420,street,residential,1,0.048,13.029441,80.204534,2,0
27768980,main,trunk,1,0.676,13.079263,80.258023,9,0
217941184,main,tertiary,1,0.211,13.121157,80.255193,3,0
32938760,street,unclassified,1,0.327,12.94063,80.248348,7,0
32551248,street,residential,1,0.052,13.026937,80.203249,2,0
217723248,main,tertiary,1,0.584,13.09383,80.262975,13,0
27481808,main,tertiary,1,0.11,13.039194,80.255318,3,0
25851296,main,tertiary,1,2.207,13.258351,80.292588,21,-1
133594560,main,tertiary,1,0.899,12.922724,80.116202,13,0
82874928,street,unclassified,1,0.579,12.937733,80.209743,6,0
55556332,main,secondary,1,0.071,12.983289,80.254857,2,0
27189952,street,unclassified,1,0.183,13.038927,80.227691,2,0
84085304,main,tertiary,1,0.864,13.174335,80.245408,3,2
27190008,street_limited,living_street,1,0.223,13.050236,80.215318,5,0
371337600,main,secondary,1,0.683,12.983908,80.125772,13,0
30425468,main,tertiary,1,0.542,12.766469,80.159079,4,-1
30029284,street,unclassified,1,0.144,12.9847,80.230213,2,0
34140520,street,unclassified,1,0.16,13.05766,80.185349,2,0
384366784,street,unclassified,1,0.15,12.930478,80.132336,2,0
208821584,street,residential,1,0.316,12.895924,80.230631,4,0
184108720,street,residential,1,0.2,12.941481,80.196734,8,0
30598635,main,secondary,1,1.096,12.965438,80.203196,14,0
23030544,main,secondary,1,0.312,13.06495,80.260426,8,0
211229392,street,unclassified,1,0.384,13.014275,80.187503,5,0
29197068,street,residential,1,0.473,13.021811,80.149952,9,0
27319430,street,residential,1,0.134,12.969314,80.211676,5,0
59359864,main,tertiary,1,0.141,13.092861,80.232755,3,0
23500048,street_limited,living_street,1,0.616,13.089666,80.261282,9,0
30609136,street,unclassified,1,0.074,12.978918,80.231788,2,0
34159264,main,primary,1,1.264,13.088648,80.171617,6,0
27189920,street_limited,living_street,1,0.094,13.043656,80.228247,3,0
23110088,street,residential,1,0.106,13.010018,80.252458,4,0
4719075,street,unclassified,1,0.172,13.04076,80.25122,2,0
23803992,main,trunk,1,0.823,13.097472,80.248405,15,0
371064640,main,secondary,1,0.064,12.968436,80.148416,3,0
208808688,street,residential,1,0.083,12.927873,80.199276,3,0
34254424,street_limited,living_street,1,0.073,13.028443,80.205599,3,0
23164100,street,residential,1,0.527,13.054075,80.241265,9,0
179309856,street,residential,1,0.136,12.939805,80.190712,2,0
26969692,street,residential,1,0.118,13.080652,80.199835,2,0
24338784,street_limited,living_street,1,0.187,13.025446,80.270066,4,0
214068976,street,residential,1,0.561,12.950424,80.158264,7,0
25466696,street,unclassified,1,0.599,13.03915,80.187462,6,0
206676224,service,service,1,0.088,13.043908,80.243774,4,0
208365824,street,residential,1,0.136,12.902004,80.150019,2,0
284055872,street,residential,1,0.252,12.981785,80.190231,4,0
0,street,unclassified,1,0.172,12.960018,80.261746,2,0
30128612,street,unclassified,1,1.333,12.997215,80.072453,19,-1
26969690,street,residential,1,0.657,13.08106,80.202969,2,0
207144064,street,residential,1,0.126,13.126883,80.278839,3,0
102574520,main,secondary,1,0.436,13.109487,80.166102,5,0
32801898,street,unclassified,1,0.354,13.022329,80.203296,11,0
206836560,street,residential,1,0.138,13.0293,80.179271,3,0
268060848,street,residential,1,0.193,13.016156,80.169588,8,0
207144016,street_limited,living_street,1,0.345,13.123338,80.273313,3,0
33631908,street,unclassified,1,0.094,13.038968,80.123519,2,0
179259184,main,primary,1,0.246,12.943747,80.20814,4,0
46764828,street,unclassified,1,0.389,13.030588,80.138036,3,0
127574704,street,unclassified,1,0.266,13.021215,80.230888,5,0
25562108,main,tertiary,1,0.746,12.974838,80.179901,10,0
27340390,street,unclassified,1,0.217,12.986315,80.198577,3,0
34234952,street,unclassified,1,0.095,13.043321,80.162129,2,0
30833700,street,unclassified,1,0.21,13.042964,80.178177,5,0
189487600,main,tertiary,1,0.858,12.904917,80.232932,20,0
27319412,street,residential,1,0.249,12.967423,80.210242,2,0
32426900,street,unclassified,1,0.072,13.015116,80.193024,2,0
208813648,street,residential,1,0.075,12.916714,80.233304,2,0
208812512,street,residential,1,0.048,12.933589,80.231881,2,0
102543056,main,tertiary,1,0.931,13.09767,80.279935,12,0
211229392,street,unclassified,1,0.122,13.01545,80.188503,7,0
46595296,street,unclassified,1,0.324,12.952804,80.147853,5,0
187760704,street_limited,living_street,1,0.421,13.073184,80.218355,10,0
32426108,street,residential,1,0.169,13.028189,80.209412,4,0
25920660,street,unclassified,1,0.787,13.031416,80.171292,27,0
30077680,street,unclassified,1,0.209,13.109212,80.182451,4,0
28206826,main,secondary,1,0.115,13.003692,80.210883,3,0
32938780,street,unclassified,1,0.249,12.93877,80.251519,3,0
28505048,street,unclassified,1,0.288,12.974765,80.261999,6,0
194788992,street,residential,1,0.233,12.912618,80.197391,3,0
30623572,street,unclassified,1,0.326,13.044172,80.162238,2,0
24775568,street,residential,1,0.294,13.017872,80.246039,6,0
28350104,street,unclassified,1,0.218,13.094677,80.217424,2,0
207149472,street,residential,1,0.314,13.09967,80.192392,8,0
26809114,main,tertiary,1,0.298,13.171472,80.25565,7,2
27190028,street,residential,1,0.098,13.045696,80.216845,2,0
23892862,main,primary,1,0.748,13.099295,80.262837,13,0
26763992,street,residential,1,0.352,13.050515,80.228577,3,0
23163922,path,steps,1,0.009,13.041238,80.228941,2,0
32552268,street,unclassified,1,0.422,13.0167,80.202049,7,0
46780336,street,unclassified,1,0.421,12.960216,80.126515,5,0
209558576,major_rail,rail,1,0.826,13.077679,80.259203,6,0
206807728,street,residential,1,0.087,12.977439,80.224609,2,0
211900048,street_limited,living_street,1,0.056,13.018178,80.247131,2,0
26423972,street,unclassified,1,0.416,13.116255,80.281731,9,0
151678272,service,service,1,0.105,13.011046,80.232858,2,0
184728896,street_limited,living_street,1,0.164,13.081144,80.169099,4,0
217950384,street_limited,living_street,1,0.251,13.118664,80.264973,5,0
27616848,street,residential,1,0.202,13.073605,80.209374,6,0
102547880,street,unclassified,1,0.348,13.091651,80.189976,3,0
28295300,street,residential,1,0.138,12.976353,80.187646,3,0
293836288,main,tertiary,1,0.293,12.981438,80.145259,6,0
207135936,street,residential,1,0.289,13.026089,80.182683,3,0
136508384,street_limited,living_street,1,0.123,13.022485,80.21237,2,0
30312528,street,unclassified,1,0.13,12.977675,80.254504,4,0
384430496,street,road,1,0.198,13.107109,80.148595,6,0
46821264,street,unclassified,1,0.161,12.946442,80.133012,2,0
30119312,main,secondary,1,1.448,12.942952,80.073948,10,0
206674848,street_limited,living_street,1,0.207,13.117799,80.266998,4,0
34134716,street,unclassified,1,0.103,13.048477,80.190667,4,0
27442398,street,unclassified,1,0.374,12.962795,80.263986,4,0
184730864,street,residential,1,0.411,13.074532,80.179446,6,0
388761419,street,residential,1,0.081,12.952122,80.239276,2,0
25392152,main,tertiary,1,0.472,13.106085,80.165385,4,0
208187328,street,residential,1,0.163,12.929536,80.147484,2,0
32938818,street,unclassified,1,0.259,12.935831,80.254049,4,0
28224396,street,unclassified,1,0.304,13.099965,80.190779,6,0
206634192,street,residential,1,0.285,12.964916,80.214545,6,0
309914144,street,unclassified,1,0.104,13.036694,80.129503,3,0
34231652,street,unclassified,1,0.172,13.049919,80.167825,4,0
47497696,street_limited,living_street,1,0.149,13.056868,80.274828,3,0
33135040,street,unclassified,1,0.118,13.182546,80.301277,3,0
27370312,street,residential,1,0.154,12.977568,80.225268,4,0
132509264,street,unclassified,1,0.114,12.969784,80.222931,3,0
32424960,street_limited,living_street,1,0.237,13.019149,80.202194,5,0
27320188,street,residential,1,0.308,12.971847,80.214928,4,0
384339456,street,unclassified,1,0.105,12.926502,80.095972,3,0
218144544,street_limited,living_street,1,0.179,13.051919,80.245327,5,0
218148416,street,residential,1,0.167,13.055398,80.234234,2,0
31243580,street,unclassified,1,0.287,12.999471,80.096016,4,0
25459948,main,secondary,1,0.14,13.025557,80.219784,4,0
30681616,street_limited,living_street,1,0.433,12.999932,80.209963,7,0
33631912,street,unclassified,1,0.041,13.036765,80.113752,2,0
30339176,street,unclassified,1,0.035,12.981477,80.256873,2,0
207149520,street,residential,1,0.089,13.095484,80.199748,2,0
102547872,main,primary,1,0.772,13.066374,80.209606,7,0
24270468,street_limited,living_street,1,0.311,13.029854,80.273549,4,0
23954898,street,residential,1,0.29,13.047023,80.262398,5,0
32938756,street,unclassified,1,0.439,12.946685,80.252067,4,0
23633592,,taxiway,1,0.487,12.997386,80.178754,5,0
132191992,street,unclassified,1,0.492,12.965055,80.236055,11,0
25380056,main,tertiary,1,0.531,13.088249,80.145924,15,0
34231620,street,residential,1,0.15,13.052159,80.169187,2,0
102657800,street,residential,1,0.374,13.016898,80.153317,8,0
179306432,street,residential,1,0.137,12.950188,80.197745,2,0
27312124,path,footway,1,0.602,13.000289,80.271454,3,0
206835312,street,residential,1,0.101,12.974713,80.232222,3,0
33135052,street,unclassified,1,0.187,13.182995,80.303309,5,0
179312432,street,residential,1,0.079,12.945511,80.188281,3,0
23634204,street_limited,living_street,1,0.212,13.02684,80.220731,3,0
25392296,street,unclassified,1,0.234,13.110701,80.166107,2,0
0,street,primary_link,1,0.019,13.02916,80.26644,3,0
27453136,street,residential,1,0.052,13.05801,80.207543,2,0
23164050,street,residential,1,0.306,13.047051,80.241124,2,0
23634660,main,tertiary,1,0.233,13.020797,80.224444,5,0
25454760,main,secondary,1,1.177,13.042144,80.163836,25,0
27274220,street,unclassified,1,0.143,12.993496,80.210776,4,0
27442570,street,residential,1,0.199,12.962822,80.194451,3,0
325034368,street,residential,1,0.18,12.947604,80.244991,3,0
23164095,street,residential,1,0.127,13.057866,80.232755,2,0
32938676,street,unclassified,1,0.371,12.962633,80.261586,4,0
207149504,street,residential,1,0.163,13.093707,80.205209,2,0
155204896,service,service,1,0.259,12.987258,80.244603,3,0
30742156,street,unclassified,1,0.09,13.079242,80.198118,2,0
208359296,street,residential,1,0.166,12.928832,80.146563,3,0
183947328,street,residential,1,0.121,12.958796,80.251481,2,0
32426912,street,unclassified,1,0.265,13.017248,80.190792,7,0
294991968,street,residential,1,0.581,12.921886,80.190412,17,0
26464994,street,residential,1,0.227,13.127777,80.259495,3,0
375214144,service,track,1,1.424,12.916785,80.118677,6,0
32945374,street,unclassified,1,0.157,13.040657,80.182299,2,0
27320360,street,residential,1,0.108,12.981599,80.198532,2,0
313544480,main,primary,1,0.91,12.919907,80.086943,8,0
27320162,street,residential,1,0.278,12.971542,80.216238,7,0
30833186,street,unclassified,1,0.133,13.048776,80.188784,2,0
25377988,main,tertiary,1,0.905,13.11499,80.130255,8,0
30833708,street,residential,1,0.336,13.041708,80.172836,8,0
30977370,street_limited,living_street,1,0.19,13.086538,80.251763,2,0
129499752,street,unclassified,1,0.459,12.904937,80.091742,4,0
26969976,street,unclassified,1,0.272,13.08899,80.201246,2,0
22661304,,taxiway,1,0.215,12.983066,80.158426,2,0
112716576,street,residential,1,0.158,13.07256,80.248633,2,0
384339456,street,unclassified,1,0.142,12.925939,80.097875,3,0
218221712,street_limited,living_street,1,0.092,13.040875,80.20375,4,0
34254364,street,unclassified,1,0.256,13.029507,80.191601,5,0
32426908,street,unclassified,1,0.246,13.017352,80.192494,5,0
218167008,street_limited,living_street,1,0.466,12.999398,80.201971,8,0
32551436,street_limited,living_street,1,0.209,12.995203,80.216183,2,0
235920569,major_rail,rail,1,1.249,13.030894,80.262533,17,0
219516144,street,residential,1,0.082,13.093773,80.202701,2,0
27454328,street,residential,1,0.153,13.057621,80.199149,4,0
46832432,street,residential,1,0.289,12.931241,80.130611,5,0
217950352,street_limited,living_street,1,0.041,13.121671,80.267667,2,0
184467632,street_limited,living_street,1,0.451,12.953326,80.193157,12,0
31986972,street,unclassified,1,0.791,12.809076,80.224718,5,5
184730848,street,residential,1,0.271,13.077091,80.179221,3,0
46780568,street,unclassified,1,0.591,12.968628,80.135941,17,0
153016448,street,residential,1,0.32,12.930757,80.142301,5,0
28746676,service,service,1,0.188,13.082455,80.287264,7,0
183720336,street_limited,living_street,1,0.115,12.936419,80.203329,3,0
30833702,street,unclassified,1,0.229,13.04244,80.178875,4,0
375214144,service,service,1,0.362,12.91885,80.121933,4,0
30622102,street,unclassified,1,0.102,13.033274,80.155479,2,0
27567568,street,residential,1,0.419,13.057073,80.191952,4,0
206657120,street,residential,1,0.172,13.113333,80.230771,6,0
218221712,street_limited,living_street,1,0.039,13.05732,80.201379,2,0
28518548,street,residential,1,0.14,13.03279,80.255784,3,0
142301952,street,residential,1,0.043,12.928902,80.144139,2,0
28563240,street,residential,1,0.106,13.007523,80.263389,2,0
31242168,motorway,motorway,1,0.74,13.007675,80.127417,4,0
206665264,service,service,1,0.064,13.037892,80.227264,2,0
301241376,street,residential,1,0.065,12.927879,80.141076,2,0
30029336,street,unclassified,1,0.145,12.982674,80.237681,2,0
208936320,street,residential,1,0.125,12.941645,80.151818,4,0
206827264,street,residential,1,0.224,13.014497,80.175241,4,0
32510156,street,residential,1,0.097,13.039982,80.19867,3,0
208935008,street,residential,1,0.199,12.969039,80.141407,6,0
183947328,street,residential,1,0.116,12.959812,80.251841,2,0
209535248,main,primary,1,0.156,13.041878,80.232297,6,0
26607472,street,residential,1,0.281,13.028718,80.215061,4,0
318725696,street,residential,1,0.097,12.978782,80.218506,4,0
160185072,street,residential,1,0.364,13.014632,80.230257,5,0
207135920,street,residential,1,0.058,13.025313,80.186191,2,0
23047576,main,secondary,1,0.165,13.027146,80.254396,4,0
30609188,street,unclassified,1,0.282,12.98203,80.23706,9,0
84099120,street,residential,1,0.124,12.962117,80.204247,4,0
30923430,street,residential,1,0.21,13.081616,80.237354,3,0
33134966,street,unclassified,1,0.152,13.17985,80.299723,2,0
46780336,street,unclassified,1,0.331,12.959036,80.12549,6,0
369982944,street,residential,1,0.285,12.881661,80.202256,6,0
217950368,street_limited,living_street,1,0.039,13.116381,80.266998,2,0
27319930,main,tertiary,1,0.901,12.969867,80.224883,10,0
335959808,street,unclassified,1,0.254,13.112548,80.172635,2,0
31256576,major_rail,rail,1,1.262,13.123701,79.996863,4,-1
23163928,street_limited,living_street,1,0.029,13.036628,80.227996,2,0
98357280,street,residential,1,0.211,12.862036,80.069699,3,0
384380384,service,track,1,0.63,12.894379,80.215836,3,0
194581360,street,residential,1,0.247,12.916098,80.190036,5,0
208170752,street,residential,1,0.121,12.920411,80.09307,2,0
132076248,street,unclassified,1,0.111,12.973344,80.265569,2,0
214599088,street_limited,living_street,1,0.042,13.0166,80.214312,2,0
185278576,service,service,1,0.148,13.008965,80.23292,3,0
384425024,street,road,1,0.227,13.071715,80.150216,2,0
212987184,street,residential,1,0.255,13.126202,80.229031,5,0
27344724,street,residential,1,0.133,12.985069,80.191708,2,0
34134240,street,residential,1,0.476,13.057539,80.191547,2,0
28564312,street_limited,living_street,1,0.069,12.99951,80.258804,2,0
34144352,street,unclassified,1,0.212,13.071547,80.196144,3,0
30078056,street,unclassified,1,0.487,13.123137,80.099813,4,0
179255536,street,residential,1,0.149,12.947306,80.197997,3,0
25562108,main,tertiary,1,0.745,12.974778,80.179912,7,0
33876056,street,residential,1,0.162,13.063338,80.223587,3,0
32575420,street,residential,1,0.137,13.029728,80.2022,4,0
27461036,street,residential,1,0.157,13.058584,80.210117,4,0
26399038,street_limited,living_street,1,0.283,13.112651,80.294185,2,0
181313760,street,unclassified,1,0.265,13.112597,80.171689,2,0
34254416,street_limited,living_street,1,0.077,13.032063,80.20037,2,0
23110268,street,unclassified,1,0.464,13.072549,80.269441,6,0
23901156,street_limited,living_street,1,0.133,13.059052,80.276373,3,0
30339396,street,unclassified,1,0.175,12.984613,80.257019,3,0
132190864,street,unclassified,1,0.159,12.97317,80.24768,4,0
183274272,street,residential,1,0.189,12.936433,80.201482,8,0
208174912,street,residential,1,0.291,12.929222,80.098536,2,0
22936524,main,primary,1,0.196,13.027766,80.232121,6,0
208812480,street,residential,1,0.137,12.934566,80.231055,2,0
23632860,street,unclassified,1,0.3,13.053877,80.15992,7,0
34140904,street,unclassified,1,0.176,13.059625,80.177183,4,0
208808640,street,residential,1,0.142,12.909334,80.199591,2,0
47800416,main,tertiary,1,0.568,13.016187,80.147534,12,0
27360004,street,residential,1,0.282,12.987657,80.194203,2,0
30604292,street,unclassified,1,0.029,12.975023,80.223181,2,0
48057032,street_limited,living_street,1,0.072,13.093106,80.261026,3,0
179251296,street,residential,1,0.428,12.920611,80.188392,5,0
217635216,major_rail,rail,1,0.847,13.094143,80.272394,18,0
198549424,street,residential,1,0.201,12.955478,80.184958,3,0
0,street,unclassified,1,0.182,13.032708,80.159106,2,0
27343592,street_limited,living_street,1,0.206,12.994154,80.213556,5,0
239032352,street,residential,1,0.167,13.038748,80.181273,3,0
24375580,street,unclassified,1,0.225,13.066657,80.251701,3,0
34231712,street,unclassified,1,0.148,13.043857,80.173488,4,0
364517632,street_limited,living_street,1,0.077,13.039017,80.222886,4,0
208187392,street,residential,1,0.164,12.933893,80.138963,3,0
208934944,street,residential,1,0.079,12.98094,80.13412,2,0
48049864,street_limited,living_street,1,0.214,13.089054,80.259682,3,0
32425312,street_limited,living_street,1,0.062,13.01991,80.200636,2,0
27346856,street,residential,1,0.147,13.03223,80.21535,3,0
198549440,main,tertiary,1,0.647,12.955855,80.184303,7,0
30597414,street,residential,1,0.299,12.962508,80.209353,2,0
27320008,street,residential,1,0.197,12.985372,80.207776,3,0
25562648,street,residential,1,0.267,12.978261,80.185693,5,0
196105856,street,residential,1,0.068,13.007139,80.201731,3,0
25774728,street,residential,1,0.062,12.971608,80.190056,2,0
240518336,street,unclassified,1,0.159,13.035579,80.263299,3,0
384528288,street,unclassified,1,0.173,12.879134,80.10704,2,-1
102547864,street,unclassified,1,0.143,13.097787,80.192319,3,0
23648628,street,unclassified,1,0.133,12.91143,80.102392,2,0
206658384,street,residential,1,0.062,12.979346,80.207077,2,0
27343772,street,residential,1,0.492,12.978441,80.189905,11,0
181314864,street,residential,1,0.197,13.026348,80.245883,7,0
384230176,street,unclassified,1,0.479,13.236065,80.325206,4,-1
27351834,street,residential,1,0.155,12.974597,80.191646,4,0
27320120,street,residential,1,0.317,12.97371,80.215024,2,0
312878016,street,residential,1,0.126,12.986881,80.195288,3,0
34234916,street,unclassified,1,0.08,13.043439,80.177346,2,0
98357296,street,residential,1,0.116,12.861663,80.069256,3,0
26969962,street,residential,1,0.442,13.091967,80.207977,3,0
26527348,street,residential,1,0.28,13.053971,80.201235,3,0
28571968,street,residential,1,0.084,12.971457,80.21757,2,0
46764844,street,unclassified,1,0.328,13.037754,80.13206,8,0
30596880,street,unclassified,1,0.225,12.972831,80.202332,6,0
206642432,street,residential,1,0.189,12.966434,80.212521,2,0
30622076,main,tertiary,1,0.081,13.030607,80.156551,3,0
23047844,street,residential,1,0.223,13.037055,80.235533,11,0
208567712,main,tertiary,1,0.069,13.041645,80.264856,5,0
189493200,street,residential,1,0.149,13.03983,80.239549,3,0
208812512,street,residential,1,0.143,12.930879,80.229951,2,0
102550216,main,tertiary,1,0.033,13.061896,80.193115,2,0
23135416,street,residential,1,0.053,13.033418,80.248904,2,0
30623560,street,unclassified,1,0.298,13.043706,80.160417,7,0
27505546,street_limited,living_street,1,0.234,13.032413,80.272026,3,0
213364208,street,unclassified,1,0.146,12.969923,80.215635,3,0
0,street,residential,1,0.277,12.929128,80.199369,4,0
28342112,main,primary,1,0.386,13.145906,80.204256,6,3
30953264,street,unclassified,1,0.259,13.023384,80.223197,3,0
23163946,street,unclassified,1,0.105,13.039647,80.229073,3,0
187760704,street_limited,living_street,1,0.249,13.063147,80.210334,6,0
207149504,street,residential,1,0.163,13.094085,80.205225,2,0
33631904,street,unclassified,1,0.225,13.039502,80.123852,4,0
34256952,street,unclassified,1,0.188,13.030409,80.19855,6,0
203726512,street,residential,1,0.919,12.941979,80.214059,14,0
34248508,street,unclassified,1,0.093,13.051614,80.192741,2,0
217722048,street_limited,living_street,1,0.075,13.095785,80.25872,2,0
207144080,street,residential,1,0.154,13.128182,80.279255,4,0
28163152,street,unclassified,1,0.553,13.077861,80.235546,6,0
27319416,street,residential,1,0.097,12.967814,80.211518,3,0
184108784,main,primary,1,1.022,12.86713,80.115763,4,-1
25466296,street,residential,1,0.269,13.034969,80.218041,3,0
30971672,service,service,1,0.235,13.06455,80.253553,3,0
69610256,main,primary,1,0.475,13.06347,80.211577,7,0
307740000,street,residential,1,0.278,12.939888,80.186783,3,0
30681560,street_limited,living_street,1,0.094,13.001527,80.20928,2,0
213364672,street,residential,1,0.132,12.981232,80.221755,3,0
34254432,street_limited,living_street,1,0.05,13.030031,80.205955,2,0
198549088,main,secondary,1,0.126,12.949608,80.185389,3,0
32724342,street,unclassified,1,0.082,12.977089,80.143035,2,0
23164024,street_limited,living_street,1,0.093,13.052359,80.23292,2,0
27368886,street,unclassified,1,0.384,12.946404,80.245633,3,0
208174912,street,residential,1,0.355,12.927102,80.104501,8,0
26748484,street_limited,living_street,1,0.096,13.075007,80.226518,2,0
102472712,service,service,1,0.41,12.992129,80.250188,3,0
102482928,street,residential,1,0.129,13.027773,80.215509,2,0
31264860,street,unclassified,1,0.183,13.100614,80.133682,5,0
30279588,street,unclassified,1,0.186,12.978894,80.258359,5,0
23761524,street,residential,1,0.286,13.003697,80.254626,6,0
32426100,street,residential,1,0.15,13.02751,80.20897,4,0
215244384,street,residential,1,0.13,13.134285,80.169309,3,0
30601304,street,unclassified,1,0.107,12.975934,80.209877,2,0
26970008,street,residential,1,0.08,13.089988,80.199956,2,0
30077692,street,unclassified,1,0.185,13.111999,80.183186,4,0
385787776,street,unclassified,1,0.363,12.902678,80.205709,6,0
33622112,street,unclassified,1,0.084,13.079266,80.251907,2,0
194432816,main,secondary,1,0.697,12.900153,80.183284,4,0
208934832,street,residential,1,0.165,12.981668,80.140179,2,0
365059616,street,unclassified,1,0.142,12.979869,80.229818,4,0
0,street,unclassified,1,0.574,12.972873,80.265628,5,0
194604512,street,residential,1,0.377,12.907236,80.190357,9,0
184913296,street,unclassified,1,0.034,13.062917,80.226653,2,0
25571528,street,unclassified,1,0.257,12.979485,80.181673,3,0
82874920,main,primary,1,1.066,12.951988,80.170756,8,0
379084128,street,residential,1,0.098,12.928502,80.23361,2,0
27618094,street,unclassified,1,0.376,13.063437,80.213529,6,0
102543680,street_limited,living_street,1,0.074,13.110472,80.280011,2,0
23929818,main,primary,1,0.22,13.040983,80.26473,8,0
29046380,street,residential,1,0.276,12.994859,80.254258,8,0
27320192,street,residential,1,0.426,12.97056,80.215946,4,0
187760656,street,unclassified,1,0.22,13.068705,80.213593,6,0
27442624,street,residential,1,0.209,12.962418,80.202648,4,0
240340247,major_rail,rail,1,1.589,12.998541,80.20516,18,0
27354144,street,unclassified,1,0.014,12.983777,80.210371,2,0
27346910,street_limited,living_street,1,0.185,13.049004,80.211417,2,0
183979568,street,unclassified,1,0.058,12.958989,80.244219,2,0
30597836,street,unclassified,1,0.13,12.961339,80.20596,2,0
206673824,street,residential,1,0.076,12.980497,80.217928,2,0
217801936,street,unclassified,1,0.455,13.02584,80.185104,3,0
217950368,street_limited,living_street,1,0.107,13.118765,80.265301,2,0
215762528,main,secondary,1,0.276,13.031301,80.223263,10,0
27343432,street_limited,living_street,1,0.197,12.99178,80.21541,6,0
0,street,residential,1,0.468,12.917969,80.079374,6,0
32404260,street,unclassified,1,0.101,13.02772,80.208521,3,0
32938760,street,unclassified,1,0.448,12.942747,80.249205,11,0
189488688,street,unclassified,1,0.085,12.903133,80.234248,2,0
184110816,main,primary,1,0.305,12.930953,80.231911,5,0
215526704,street,residential,1,0.045,13.049831,80.218602,2,0
176633552,main,trunk,1,1.208,13.182108,80.19308,10,-1
51352044,street,residential,1,0.259,13.083317,80.21538,3,0
30623550,street,unclassified,1,0.042,13.040916,80.158538,2,0
27359748,street,residential,1,0.262,12.969167,80.206504,3,0
34133908,street,unclassified,1,0.161,13.047257,80.194055,4,0
102553776,main,primary,1,1.175,13.185283,80.303388,14,0
206836512,street,residential,1,0.028,13.02997,80.178308,4,0
82874928,street,unclassified,1,0.205,12.94093,80.210038,3,0
27351988,street,residential,1,0.167,12.978045,80.194624,3,0
189500784,street,residential,1,0.144,13.0408,80.239908,4,0
27343712,street,residential,1,0.118,12.985292,80.213481,2,0
29046746,street,unclassified,1,0.367,12.992228,80.260078,5,0
184469904,street_limited,living_street,1,0.233,12.962073,80.212022,2,0
28124082,street,unclassified,1,0.772,12.945011,80.203937,8,0
208936192,street,residential,1,0.193,12.949639,80.154781,3,0
302903744,street,residential,1,0.085,12.930159,80.145408,3,0
131425288,street,unclassified,1,0.182,12.979003,80.262822,7,0
35011488,street,residential,1,0.206,13.025571,80.26311,6,0
215569968,service,service,1,0.094,13.032516,80.209173,2,0
27880088,main,tertiary,1,0.644,13.095595,80.149136,4,0
29047588,street,unclassified,1,0.132,12.984349,80.260193,3,0
384370752,street,unclassified,1,0.621,12.919656,80.119241,4,0
24831636,street_limited,living_street,1,0.072,13.030791,80.235662,3,0
133604296,street,residential,1,0.155,12.979209,80.190706,3,0
208934960,street,residential,1,0.198,12.980911,80.141071,4,0
23634400,street_limited,living_street,1,0.155,13.020401,80.217887,3,0
189493184,street,unclassified,1,0.221,13.041839,80.236121,6,0
27880640,main,tertiary,1,0.879,13.034946,80.170212,17,0
383858400,,taxiway,1,0.367,13.004913,80.157612,6,0
27189830,street,residential,1,0.117,13.047711,80.225838,2,0
208187360,street,residential,1,0.179,12.926635,80.132183,2,0
218240176,street_limited,living_street,1,0.099,13.030629,80.203787,4,0
312878624,street,residential,1,0.132,12.992325,80.19472,3,0
27454372,street,unclassified,1,0.272,13.060508,80.20995,6,0
34618376,main,tertiary,1,1.143,12.934999,80.047939,8,-1
214598752,main,secondary,1,0.298,13.005611,80.212707,11,0
23047856,street,residential,1,0.292,13.034159,80.231803,2,0
28563250,street,unclassified,1,0.168,13.003347,80.261847,3,0
23901172,street_limited,living_street,1,0.3,13.064882,80.272422,7,0
349582784,street,residential,1,0.141,13.122608,80.145346,3,0
27368992,street,unclassified,1,0.195,12.974865,80.232736,6,0
27359680,street,residential,1,0.082,12.972639,80.205942,2,0
27877904,street,unclassified,1,0.363,13.096437,80.201472,5,0
30335808,street_limited,living_street,1,0.031,12.976351,80.259564,2,0
30832652,main,secondary,1,0.145,13.044218,80.211752,4,0
208814272,street,residential,1,0.261,12.910952,80.229875,5,0
31264872,street,unclassified,1,0.185,13.10174,80.139495,4,0
30609148,street,unclassified,1,0.07,12.977022,80.221552,2,0
218221712,street_limited,living_street,1,0.158,13.031247,80.207284,4,0
27201836,street,unclassified,1,0.115,13.039533,80.221954,3,0
30609162,street,unclassified,1,0.102,12.980747,80.232799,2,0
33134906,street,unclassified,1,0.31,13.17801,80.2982,3,0
183979600,street,unclassified,1,0.64,12.959655,80.241676,10,0
47997896,main,secondary,1,0.372,13.092716,80.271079,7,0
24375502,street,unclassified,1,0.269,13.057003,80.245739,7,0
33876016,street_limited,living_street,1,0.211,13.069461,80.211759,4,0
207264544,street,residential,1,0.106,13.091593,80.222471,2,0
174970688,main,tertiary,1,1.409,13.139699,79.855963,4,-1
138294768,street,residential,1,0.073,12.987728,80.258164,3,0
158081456,,taxiway,1,0.301,12.997984,80.166201,2,0
47997896,main,secondary,1,0.179,13.093589,80.273558,5,0
132509248,street,unclassified,1,0.058,12.972598,80.223249,2,0
207269312,service,service,1,0.099,13.075926,80.237345,2,0
213368944,street_limited,living_street,1,0.31,12.977036,80.23612,3,0
23929994,street_limited,living_street,1,0.129,13.041782,80.267297,3,0
207144080,street_limited,living_street,1,0.112,13.118588,80.267167,2,0
217797440,street_limited,living_street,1,0.109,13.067192,80.231629,4,0
25460324,main,secondary,1,1.08,13.031048,80.195252,27,0
24261519,street_limited,living_street,1,0.135,13.046883,80.278195,2,0
23970108,main,tertiary,1,0.164,13.088237,80.222732,2,0
206649504,street_limited,living_street,1,0.168,13.12281,80.258544,7,0
30833724,street,unclassified,1,0.093,13.041008,80.179071,2,0
297505888,street,residential,1,0.457,12.923998,80.12755,5,0
207144928,street,residential,1,0.103,13.112157,80.228003,2,0
188578608,street,unclassified,1,0.336,12.819187,80.038438,4,1
23648634,street,residential,1,0.06,12.909578,80.100957,2,0
179312256,street,residential,1,0.058,12.945302,80.187278,3,0
183979536,street_limited,living_street,1,0.202,12.968517,80.232113,2,0
25377900,main,secondary,1,0.261,13.086476,80.188129,6,0
25466620,street,residential,1,0.582,13.058159,80.19199,8,0
206849392,street_limited,living_street,1,0.211,12.999885,80.211877,4,0
32426914,street,unclassified,1,0.087,13.017972,80.191506,3,0
27359968,street,residential,1,0.314,12.988706,80.191474,6,0
31957168,street,unclassified,1,0.318,13.071557,80.208157,3,0
198135168,street,residential,1,0.533,12.944194,80.241351,4,0
132509256,street,unclassified,1,0.14,12.979007,80.228808,2,0
30315134,street,trunk_link,1,0.314,13.051575,80.249857,8,0
30280976,street,unclassified,1,0.091,12.983466,80.266442,4,0
190695312,service,service,1,0.021,12.95243,80.17019,2,0
27344654,street_limited,living_street,1,0.159,13.002745,80.205006,3,0
206819120,street_limited,living_street,1,0.086,13.029059,80.227666,2,0
27347440,street,residential,1,0.12,13.031289,80.211845,3,0
27347368,street,unclassified,1,0.122,13.051458,80.199821,2,0
23929832,street_limited,living_street,1,0.141,13.040463,80.266474,3,0
27461032,street,residential,1,0.299,13.05955,80.208128,3,0
207144032,street_limited,living_street,1,0.154,13.120174,80.267139,2,0
210175392,street,residential,1,0.21,12.962467,80.188353,4,0
26483036,main,tertiary,1,1.349,13.147463,80.257014,2,0
206647504,street,residential,1,0.123,12.968142,80.195692,2,0
30622224,street,unclassified,1,0.393,13.03876,80.154098,12,0
325034368,street_limited,living_street,1,0.1,12.938334,80.243323,2,0
211645264,street_limited,living_street,1,0.07,13.036527,80.266674,2,0
208174912,street,residential,1,0.386,12.923476,80.089155,9,0
98357568,street,road,1,0.281,12.859137,80.078734,3,0
48754704,street,residential,1,0.155,13.092019,80.244692,2,0
22967008,service,service,1,0.116,13.041059,80.253213,3,0
26465032,street,residential,1,0.069,13.127812,80.257193,2,0
28655170,street_limited,living_street,1,0.174,13.058423,80.230729,2,0
34231744,street,unclassified,1,0.105,13.043325,80.173538,3,0
34251756,street,unclassified,1,0.241,13.034693,80.190578,7,0
198301424,street,residential,1,0.177,12.938552,80.244572,2,0
183273728,street,residential,1,0.55,12.935868,80.202036,20,0
27320132,street,residential,1,0.35,12.983746,80.217037,4,0
34016640,street_limited,living_street,1,0.142,13.041908,80.201569,2,0
208934944,street,residential,1,0.218,12.985249,80.135782,4,0
92643720,main,tertiary,1,0.069,12.917229,80.101362,2,0
30317772,street,unclassified,1,0.139,12.98997,80.259423,3,0
30609172,street,unclassified,1,0.13,12.980529,80.234544,2,0
354200288,street,unclassified,1,0.259,13.169683,80.295375,4,0
207264816,street_limited,living_street,1,0.06,13.077876,80.213979,2,0
27347904,main,primary,1,0.098,13.034899,80.211444,2,0
24483902,street_limited,living_street,1,0.031,13.070985,80.265082,2,0
214598752,main,tertiary,1,0.23,13.046063,80.229719,5,0
27370250,street,residential,1,0.294,12.976018,80.22561,4,0
27352076,street,residential,1,0.207,12.967439,80.199441,2,0
132083264,main,primary,1,1.256,12.94617,80.25409,21,0
184733104,main,tertiary,1,0.298,13.083252,80.231877,4,0
322013760,street,primary_link,1,0.071,12.91827,80.076123,2,0
206673824,street,residential,1,0.045,12.976786,80.215153,2,0
26878910,street,residential,1,0.134,13.048869,80.229444,2,0
208179840,street,residential,1,0.364,12.89593,80.108552,6,0
325034400,street,residential,1,0.241,12.943312,80.240706,4,0
34139744,street,unclassified,1,0.141,13.053141,80.184671,2,0
34248736,motorway,motorway,1,1.232,13.04288,80.149663,8,0
46781304,street,unclassified,1,0.214,12.982985,80.14166,4,0
31898960,service,service,1,0.275,13.059117,80.282705,2,0
172821648,main,tertiary,1,0.844,13.059859,80.12536,8,0
27311856,street,residential,1,0.202,13.000075,80.269937,2,0
23047848,street,residential,1,0.468,13.033083,80.236176,4,0
214172320,street_limited,living_street,1,0.227,13.018104,80.221283,8,0
34254328,street,unclassified,1,0.299,13.030277,80.18795,3,0
206673856,street,residential,1,0.12,12.977409,80.21638,3,0
335959808,street,unclassified,1,0.036,13.098603,80.192758,2,0
33135044,street,unclassified,1,0.104,13.182913,80.301558,2,0
30923488,street,residential,1,0.389,13.084517,80.235995,3,0
206819104,street,residential,1,0.028,13.023336,80.230711,2,0
384339456,street,unclassified,1,0.08,12.926146,80.095712,2,0
28655162,street_limited,living_street,1,0.228,13.057654,80.227829,5,0
198301136,street_limited,residential,1,0.087,12.939416,80.24435,2,0
27454360,street,residential,1,0.182,13.061562,80.19949,3,0
32424968,street_limited,living_street,1,0.13,13.020748,80.20574,4,0
217978800,minor_rail,rail,1,0.327,13.094898,80.271588,3,0
241027984,street_limited,living_street,1,0.134,13.075176,80.244802,3,0
206840944,street,residential,1,0.069,13.035405,80.171314,2,0
30680464,street_limited,living_street,1,0.08,13.001235,80.202697,3,0
25562252,street,residential,1,0.288,12.97591,80.18791,5,0
384289088,street,unclassified,1,0.068,12.931877,80.106238,2,0
184857712,street_limited,living_street,1,0.049,13.073241,80.242727,2,0
30977332,street_limited,living_street,1,0.274,13.096143,80.257139,3,0
206825920,street,unclassified,1,0.09,13.060392,80.211173,5,0
27344672,street,residential,1,0.308,12.971756,80.213848,5,0
23901144,service,service,1,0.442,13.063141,80.281415,6,0
59376224,minor_rail,rail,1,0.718,13.098041,80.207781,3,0
34135056,street,unclassified,1,0.181,13.051427,80.184094,3,0
32654136,street,unclassified,1,0.436,13.034274,80.202192,9,0
69610248,street_limited,construction,1,1.349,13.067697,80.237499,9,0
179253616,main,tertiary,1,0.966,12.959921,80.169736,8,0
27312320,street_limited,living_street,1,0.185,12.997122,80.262747,5,0
30348392,street,residential,1,0.061,13.009623,80.258,2,0
208177584,street,residential,1,0.279,12.918449,80.111343,6,0
102543672,major_rail,rail,1,0.826,13.111925,80.277133,4,0
23135466,street,residential,1,0.075,13.024057,80.254963,2,0
27189834,street,residential,1,0.236,13.045419,80.228516,2,0
25377988,main,tertiary,1,1.187,13.106418,80.132236,9,0
208824080,street,residential,1,0.27,12.878135,80.232169,3,0
24338788,street,residential,1,0.181,13.028261,80.264964,4,0
25390744,main,tertiary,1,0.438,13.099861,80.132724,6,0
34157852,street,unclassified,1,0.197,13.069617,80.18517,4,0
47498764,street_limited,living_street,1,0.129,13.060991,80.275034,3,0
34231616,street,unclassified,1,0.221,13.052979,80.169832,3,0
217760896,street,residential,1,0.189,13.068354,80.21348,4,0
30604296,street,unclassified,1,0.218,12.975536,80.221868,5,0
34627128,main,secondary,1,0.237,13.117624,80.156684,6,0
208359344,street,residential,1,0.227,12.934404,80.158377,5,0
371969440,street,residential,1,0.103,12.936525,80.214179,2,0
198142096,street,residential,1,0.271,12.968937,80.219633,2,0
30077676,street,residential,1,0.206,13.108995,80.184981,5,0
24270344,street,residential,1,0.152,13.04188,80.269024,3,0
23761076,main,tertiary,1,0.358,13.003109,80.270638,6,0
27346904,street,unclassified,1,0.233,13.048107,80.208437,8,0
214599136,street,unclassified,1,0.094,13.00989,80.211097,2,0
25390820,street,unclassified,1,0.457,13.111949,80.113294,5,0
27442680,street,residential,1,0.168,12.957744,80.202213,3,0
27343708,street,residential,1,0.215,12.985214,80.211879,3,0
27454312,street,unclassified,1,0.093,13.058687,80.20206,2,0
214172320,street_limited,living_street,1,0.179,13.018816,80.217866,6,0
23499280,main,primary,1,0.227,13.080774,80.250054,6,0
28563236,street_limited,living_street,1,0.098,13.001394,80.262651,4,0
34231700,street,residential,1,0.304,13.045153,80.173344,6,0
27343756,street,residential,1,0.138,12.9831,80.200436,5,0
384380384,service,service,1,0.079,12.897244,80.218595,2,0
24484000,street,unclassified,1,0.24,13.076252,80.257281,6,0
305119264,street,residential,1,0.157,12.918302,80.20049,4,0
32553750,street,unclassified,1,0.12,13.008863,80.189216,3,0
32425322,street_limited,living_street,1,0.148,13.017709,80.201526,2,0
34134024,street,unclassified,1,0.232,13.05578,80.192354,6,0
31264860,street,unclassified,1,0.547,13.10456,80.132696,6,0
27320106,street,residential,1,0.192,12.966387,80.20816,2,0
46765860,street,unclassified,1,0.129,13.038096,80.128235,3,0
84525984,street,residential,1,0.101,12.967123,80.128378,2,0
184719136,street,residential,1,0.09,12.958052,80.239956,3,0
23941842,street,unclassified,1,0.358,13.055886,80.25399,7,0
27202808,street_limited,living_street,1,0.31,13.031317,80.227277,5,0
24256760,street_limited,living_street,1,0.133,13.100766,80.293653,5,0
60807168,street,unclassified,1,0.51,12.911072,80.159182,8,0
30247212,street,unclassified,1,0.251,13.082736,80.256021,3,0
206673808,street,residential,1,0.144,12.976572,80.217684,2,0
207264560,street,residential,1,0.151,13.072395,80.204155,6,0
0,street,residential,1,0.124,13.025968,80.263197,5,0
194607040,street,unclassified,1,0.4,12.947356,80.183415,8,0
23885102,service,service,1,0.221,13.082612,80.274088,4,0
208814256,street,residential,1,0.196,12.912414,80.230075,3,0
31727788,street,unclassified,1,0.241,13.0873,80.185642,3,0
325034400,street,residential,1,0.241,12.943312,80.240706,4,0
34690560,street,residential,1,0.157,13.083411,80.201605,2,0
27347544,street,unclassified,1,0.115,13.047023,80.191409,2,0
27343416,street_limited,living_street,1,0.133,12.992863,80.210823,5,0
369982944,street,residential,1,0.444,12.888332,80.203979,5,0
27347436,street_limited,living_street,1,0.118,13.029984,80.21411,2,0
24270448,street,residential,1,0.152,13.033391,80.26655,4,0
208810592,street,residential,1,0.22,12.894823,80.185658,5,0
184733120,street,residential,1,0.482,13.083888,80.220052,4,0
28278668,street,unclassified,1,0.234,12.987194,80.254494,3,0
240514416,street,unclassified,1,0.137,13.048818,80.222527,3,0
30740712,main,primary,1,1.176,13.185085,80.303366,14,0
185278576,service,service,1,0.154,13.009721,80.232293,2,0
206649504,street_limited,living_street,1,0.11,13.124005,80.254771,3,0
112607496,street_limited,living_street,1,0.155,13.051152,80.279844,5,0
27344682,street,residential,1,0.161,12.983578,80.195285,3,0
178647168,street,residential,1,0.203,12.973809,80.219085,5,0
34618056,main,tertiary,1,0.43,13.074471,80.124557,4,0
33631848,street,unclassified,1,0.204,13.046203,80.124146,3,0
27319924,street,residential,1,0.132,12.97178,80.219964,3,0
32426916,street,unclassified,1,0.1,13.017887,80.19193,3,0
30118878,main,secondary,1,0.405,12.936543,80.131075,8,0
205077024,street,residential,1,0.064,12.980085,80.186927,2,0
207269312,street,residential,1,0.085,13.079829,80.234398,2,0
217923920,street_limited,living_street,1,0.279,13.081705,80.232176,12,0
30609164,street,unclassified,1,0.124,12.980864,80.23354,2,0
30625176,main,tertiary,1,0.022,13.06748,80.173213,2,0
206658400,street,residential,1,0.102,12.97696,80.211421,3,0
31256576,major_rail,rail,1,1.266,13.117356,80.116715,3,0
34133668,street,residential,1,0.1,13.056539,80.195918,2,0
125180576,main,trunk,1,0.604,13.122764,80.060254,8,-1
30623626,street,unclassified,1,0.776,13.049936,80.159519,7,0
27343604,street,unclassified,1,0.176,12.996053,80.211772,4,0
297308416,street,residential,1,0.198,13.083944,80.216297,2,0
384392640,service,service,1,0.11,12.870163,80.207397,2,0
27454272,street,unclassified,1,0.263,13.057514,80.205419,3,0
23804000,main,secondary,1,0.22,13.11099,80.259675,5,0
185278576,service,service,1,0.086,13.008958,80.232526,2,0
214356672,street_limited,living_street,1,0.09,13.044455,80.231509,3,0
164608366,service,service,1,0.513,13.010766,80.261387,16,0
27442472,street,residential,1,0.126,13.02597,80.215754,4,0
23163974,street,residential,1,0.292,13.044756,80.234198,4,0
178647168,street,residential,1,0.375,12.974776,80.218259,3,0
208373056,street,residential,1,0.171,12.935184,80.178845,2,0
47109360,street_limited,living_street,1,0.059,13.093328,80.290966,2,0
23467784,street,unclassified,1,0.223,13.099179,80.276281,5,0
208936224,street,residential,1,0.28,12.942619,80.146265,6,0
23467832,street_limited,living_street,1,0.199,13.106418,80.294443,3,0
25379394,main,secondary,1,0.268,13.080749,80.179015,5,0
207258176,street,residential,1,0.06,13.081638,80.182974,3,0
32142586,main,primary,1,0.07,13.068226,80.242759,2,0
23164052,street,residential,1,0.24,13.0464,80.240717,6,0
23047848,street,unclassified,1,0.434,13.033645,80.234852,4,0
208813664,street,residential,1,0.43,12.927936,80.240627,3,0
145124432,main,tertiary,1,0.282,13.091278,80.210413,2,0
27343690,street,residential,1,0.192,12.982555,80.207937,4,0
27346896,street,unclassified,1,0.067,13.058206,80.216068,2,0
27201408,street,residential,1,0.165,13.040887,80.218624,3,0
218221680,street,residential,1,0.265,13.048676,80.19986,6,0
27346896,street,unclassified,1,0.793,13.05451,80.216355,13,0
34231692,main,tertiary,1,0.365,13.046123,80.168964,8,0
384411968,street,residential,1,0.103,13.018766,80.121141,3,0
30597852,street,residential,1,0.106,12.959964,80.201205,3,0
33622108,street_limited,living_street,1,0.154,13.084658,80.25269,4,0
184730864,street_limited,living_street,1,0.27,13.083677,80.172363,6,0
34251736,street,unclassified,1,0.109,13.035782,80.184745,3,0
27370370,street,unclassified,1,0.446,12.964051,80.203755,4,0
208934736,street,residential,1,0.707,12.984024,80.13684,10,0
31256636,main,tertiary,1,0.754,13.113173,80.137736,2,0
26465044,street,residential,1,0.103,13.128514,80.258533,2,0
83912880,path,cycleway,1,0.209,12.989143,80.231763,10,0
23888116,street_limited,living_street,1,0.206,13.101418,80.282858,5,0
153021632,street,residential,1,0.256,12.928805,80.143475,5,0
206819104,street,residential,1,0.041,13.019332,80.229491,2,0
30396676,street,unclassified,1,0.131,13.000089,80.249895,2,0
25466396,street,unclassified,1,0.17,13.043694,80.22224,4,0
30029336,street,unclassified,1,0.126,12.982587,80.237234,4,0
206836576,street,residential,1,0.163,13.029595,80.180075,4,0
33135032,street,unclassified,1,0.231,13.180978,80.30132,3,0
26464816,main,secondary,1,0.309,13.128781,80.266449,5,0
23941836,street,unclassified,1,0.294,13.058989,80.257123,5,0
30596856,street,unclassified,1,0.23,12.971153,80.210333,3,0
27352116,street,residential,1,0.208,12.967534,80.191418,4,0
27320198,street,residential,1,0.197,12.973555,80.217265,4,0
207260592,street_limited,living_street,1,0.1,13.074602,80.207085,3,0
181313760,street,unclassified,1,0.381,13.107713,80.166314,2,0
23467832,street_limited,living_street,1,0.194,13.106589,80.29395,3,0
32052288,street,residential,1,0.611,13.011435,80.193295,4,0
208174960,street,residential,1,0.33,12.927095,80.102928,3,0
208168384,street,residential,1,0.102,12.909596,80.089941,2,0
30609166,street,unclassified,1,0.291,12.980078,80.233895,6,0
206819120,street_limited,living_street,1,0.219,13.028933,80.222945,3,0
112621600,street_limited,living_street,1,0.148,13.046659,80.275273,3,0
218240160,street,residential,1,0.192,13.025476,80.205444,2,0
27347320,street_limited,living_street,1,0.262,13.055605,80.212062,4,0
25466498,street,unclassified,1,0.477,13.040513,80.21097,2,0
24375432,street,unclassified,1,0.163,13.061722,80.244709,3,0
27200598,street,residential,1,0.406,13.04435,80.227429,5,0
102470560,main,primary,1,0.588,12.927349,80.231092,4,0
209562048,main,secondary,1,0.167,13.08035,80.265257,4,0
218240160,street_limited,living_street,1,0.079,13.030939,80.204475,2,0
259350400,main,tertiary,1,0.204,13.018256,80.166943,2,0
48057032,street_limited,living_street,1,0.187,13.094226,80.260917,3,0
155205712,service,service,1,0.044,12.984807,80.251876,3,0
371337632,street,unclassified,1,0.12,12.969752,80.146855,2,0
183718432,street_limited,living_street,1,0.16,12.940641,80.199648,2,0
187760688,street,unclassified,1,0.097,13.063371,80.211132,3,0
32425314,street,residential,1,0.061,13.020989,80.199948,2,0
206836560,street,unclassified,1,0.121,13.032576,80.174885,3,0
34139724,street,unclassified,1,0.096,13.051987,80.184358,3,0
244466144,main,primary,1,1.359,13.149668,80.302564,14,0
30851292,street_limited,living_street,1,0.17,13.074921,80.223401,4,0
23164008,street,residential,1,0.137,13.04083,80.24231,2,0
29246362,main,primary,1,0.383,13.161503,80.268031,5,2
29046752,street,unclassified,1,0.212,12.992719,80.259389,2,0
305120032,street,residential,1,0.038,12.923478,80.200234,2,0
122063544,street,unclassified,1,0.062,13.030355,80.170995,2,0
217691696,street,residential,1,0.149,13.055031,80.246285,3,0
34141292,street,unclassified,1,0.053,13.06523,80.174834,3,0
27343722,street,residential,1,0.351,12.986365,80.216395,4,0
183720352,street,residential,1,1.402,12.926178,80.206529,29,0
206673856,street,residential,1,0.087,12.990127,80.20443,3,0
27630172,street,residential,1,0.257,12.951654,80.183632,4,0
31264856,street,unclassified,1,0.537,13.106543,80.135306,2,0
102565496,street,unclassified,1,0.334,13.167801,80.296577,2,0
27368894,street,residential,1,0.073,12.948103,80.240797,2,0
32575418,street,residential,1,0.138,13.029794,80.202846,2,0
30751002,main,trunk,1,1.276,12.936117,80.126956,15,0
26550692,main,secondary,1,0.356,13.063165,80.213036,9,0
26396322,street_limited,living_street,1,0.242,13.117189,80.281156,2,0
34690032,street,unclassified,1,0.092,13.026713,80.211293,3,0
46764824,street,unclassified,1,0.31,13.029018,80.138829,2,0
23163892,street,residential,1,0.165,13.030024,80.226686,2,0
32340580,street,residential,1,0.309,13.024736,80.200287,4,0
26550108,main,secondary,1,0.737,13.094778,80.202257,3,0
133304472,street,unclassified,1,0.252,13.141618,80.238095,5,0
34251788,street,unclassified,1,0.142,13.032689,80.186973,2,0
320523712,street,residential,1,0.109,12.9601,80.19287,4,0
34251748,street,unclassified,1,0.081,13.039431,80.186545,2,0
206840960,street,residential,1,0.069,13.039676,80.173392,2,0
166562080,main,tertiary,1,1.539,12.99991,80.146738,22,0
24270470,street_limited,living_street,1,0.129,13.029442,80.274136,2,0
32142576,main,primary,1,0.07,13.068187,80.24265,2,0
26776520,main,tertiary,1,1.391,13.126027,80.226885,11,0
214202944,service,service,1,0.191,13.035429,80.226295,7,0
23137338,street,residential,1,0.048,13.025954,80.257953,2,0
23135476,street,residential,1,0.248,13.026526,80.249541,2,0
194581360,street,residential,1,0.122,12.91194,80.186886,3,0
26423960,street,unclassified,1,0.505,13.116139,80.279707,17,0
30597428,street,unclassified,1,0.092,12.962848,80.20183,3,0
335960128,street,residential,1,0.084,13.125871,80.251769,2,0
194472928,street,residential,1,0.094,12.903735,80.194843,3,0
214698544,street_limited,living_street,1,0.111,13.076279,80.268244,3,0
30622104,street,unclassified,1,0.087,13.033281,80.156735,2,0
385029632,street,unclassified,1,0.454,12.951835,80.197346,12,0
122063568,street,residential,1,0.195,13.0382,80.170412,3,0
27342732,street,residential,1,0.442,12.990341,80.206284,7,0
207264544,street,residential,1,0.281,13.075575,80.21169,11,0
47416280,street_limited,living_street,1,0.08,13.101022,80.282688,3,0
25368808,street,unclassified,1,0.75,13.094431,80.253185,12,0
32254452,street,unclassified,1,0.239,12.92754,80.115277,2,0
34251728,street,unclassified,1,0.081,13.036268,80.191171,4,0
208170752,street,residential,1,0.529,12.925712,80.094328,13,0
30751726,street,unclassified,1,0.092,12.938993,80.130249,2,0
32840204,street,residential,1,0.105,13.030024,80.207915,2,0
157989488,street,secondary_link,1,0.035,13.045314,80.240273,4,0
214379312,street,residential,1,0.059,13.030908,80.218053,2,0
33936416,street,residential,1,0.092,13.027224,80.241025,2,0
30597410,street,unclassified,1,0.07,12.972573,80.208854,3,0
27319982,street,residential,1,0.186,12.981703,80.203735,3,0
206835520,street,unclassified,1,0.216,13.04805,80.187999,3,0
47415308,street_limited,living_street,1,0.138,13.10861,80.279914,2,0
34016640,street_limited,living_street,1,0.237,13.041331,80.201118,2,0
207144016,street_limited,living_street,1,0.103,13.117503,80.266585,2,0
369893920,street,residential,1,0.094,12.952218,80.136268,2,0
375214144,service,service,1,0.673,12.919624,80.123161,2,0
25379476,main,tertiary,1,1.252,13.087451,80.118958,8,0
34135040,street,unclassified,1,0.113,13.048516,80.184756,2,0
184730848,street,residential,1,0.284,13.076403,80.176894,3,0
47415252,street_limited,living_street,1,0.119,13.106743,80.278096,2,0
131425312,minor_rail,rail,1,0.269,12.962247,80.221264,4,0
232404736,street,residential,1,0.076,12.955444,80.201001,2,0
206819104,street,residential,1,0.213,13.017355,80.227785,8,0
30029256,street,unclassified,1,0.153,12.98652,80.22979,4,0
30609728,main,primary,1,0.121,12.981244,80.24365,3,0
34638512,street,unclassified,1,0.241,12.97153,80.203362,4,0
194581072,street,residential,1,0.265,12.917705,80.177115,6,0
28563180,street,unclassified,1,0.076,13.000409,80.251686,2,0
184717456,street,residential,1,0.144,12.962217,80.232747,4,0
26516678,main,secondary,1,0.123,13.130638,80.266383,2,0
30622080,main,tertiary,1,0.509,13.024201,80.156152,4,0
206532096,street,residential,1,0.147,13.131091,80.243986,5,0
206836512,street,residential,1,0.137,13.03117,80.174057,2,0
25466696,street,unclassified,1,0.113,13.039414,80.189541,2,0
78167600,motorway,motorway,1,1.231,13.097176,80.161969,3,0
217921008,street_limited,living_street,1,0.104,13.094337,80.246832,3,0
27343772,street,residential,1,0.3,12.976316,80.198946,8,0
26465052,street,residential,1,0.187,13.129581,80.265773,6,0
26464934,street,residential,1,0.305,13.126469,80.250294,6,0
102484448,main,tertiary,1,0.081,13.074331,80.190891,4,0
23804018,street_limited,living_street,1,0.191,13.096057,80.253765,5,0
31727880,street,residential,1,0.286,13.087315,80.183531,3,0
27319416,street,residential,1,0.261,12.965321,80.210193,2,0
27461032,street,unclassified,1,0.642,13.060949,80.206744,15,0
219560976,street,residential,1,0.363,13.116572,80.162833,6,0
178751040,street,unclassified,1,0.071,13.01511,80.107282,2,0
179253616,main,tertiary,1,0.436,12.957156,80.179349,7,0
131961816,main,tertiary,1,0.193,12.96863,80.26333,3,0
30751002,main,trunk,1,0.603,12.941896,80.132377,6,0
30437874,street,unclassified,1,0.138,13.028339,80.249393,2,0
27633816,street,unclassified,1,0.541,13.01957,80.228402,6,0
27347540,street,unclassified,1,0.18,13.044081,80.190419,2,0
34234936,street,unclassified,1,0.077,13.043373,80.164846,2,0
183386544,main,primary,1,0.57,12.923419,80.119993,5,0
189493200,street,residential,1,0.129,13.037539,80.233548,2,0
33875948,street_limited,living_street,1,0.051,13.069322,80.22043,2,0
34157876,street,unclassified,1,0.273,13.062038,80.170615,4,0
23634202,street_limited,living_street,1,0.562,13.027423,80.219076,4,0
23634204,street_limited,living_street,1,0.181,13.026502,80.217645,4,0
24338796,street,residential,1,0.232,13.025046,80.264034,3,0
188574976,street,unclassified,1,0.119,12.822941,80.04675,2,1
25377948,main,secondary,1,1.087,13.093906,80.169855,5,0
2000003137536,main,trunk,1,1.247,13.105161,80.162916,6,0
32340580,street,residential,1,0.847,13.021107,80.199669,10,0
27442510,street,residential,1,0.098,13.029884,80.200955,2,0
132062864,street,unclassified,1,0.034,12.97044,80.253267,2,0
112716608,street_limited,living_street,1,0.112,13.073185,80.242049,3,0
232404720,street,residential,1,0.214,12.958463,80.197559,7,0
132073376,street,unclassified,1,0.259,12.97637,80.246275,4,0
27201854,street,unclassified,1,0.494,13.038526,80.219159,4,0
27354164,street,residential,1,0.127,12.984065,80.211293,6,0
385027520,street,unclassified,1,0.116,12.960069,80.17665,3,0
69610264,main,primary,1,0.351,13.058975,80.211496,4,0
179310128,street,residential,1,0.488,12.938366,80.190594,7,0
24775588,street_limited,living_street,1,0.053,13.016256,80.243657,2,0
23648388,motorway,motorway,1,1.307,12.936988,80.100044,9,0
23500030,street_limited,living_street,1,0.365,13.091226,80.256879,6,0
24775612,street_limited,living_street,1,0.059,13.013591,80.247666,3,0
206836576,street,residential,1,0.147,13.029635,80.176523,3,0
29046362,street,unclassified,1,0.738,12.989779,80.259684,12,0
27470672,street_limited,living_street,1,0.173,13.052298,80.203496,4,0
27343708,street,residential,1,0.114,12.985696,80.210841,2,0
30625180,street,unclassified,1,0.114,13.067144,80.168664,2,0
23698624,main,tertiary,1,0.82,13.039253,80.196722,2,0
157911936,street_limited,living_street,1,0.217,13.038621,80.246011,6,0
23802576,main,trunk,1,0.164,13.091375,80.269533,5,0
163384128,service,service,1,0.133,13.01483,80.175914,6,0
26970208,street,unclassified,1,0.242,13.087539,80.207823,3,0
288773728,street,residential,1,0.113,13.016092,80.152835,2,0
112716576,street,residential,1,0.048,13.072277,80.247177,2,0
35572872,street,unclassified,1,0.65,12.9982,80.243365,9,0
211531258,street_limited,living_street,1,0.5,13.03183,80.263154,8,0
25466568,street,residential,1,0.178,13.053352,80.203266,2,0
191436480,street,residential,1,0.587,12.795213,80.216125,2,-1
34231624,street,unclassified,1,0.127,13.050139,80.170408,2,0
178751024,street,unclassified,1,0.162,13.029811,80.109745,3,0
296215456,street,residential,1,0.089,12.983749,80.209045,2,0
23803368,street,residential,1,0.255,13.093854,80.252058,2,0
23467836,street_limited,living_street,1,0.545,13.108823,80.290574,11,0
132194368,street,unclassified,1,0.076,12.966252,80.253212,3,0
384529952,street,road,1,0.163,13.110065,80.186471,2,0
30077456,street_limited,living_street,1,0.128,13.072761,80.217358,4,0
208936208,street,residential,1,0.298,12.945444,80.148938,5,0
24339598,street_limited,living_street,1,0.099,13.023983,80.26497,2,0
28278666,street,residential,1,0.43,12.987106,80.253215,4,0
183947360,street,residential,1,0.088,12.953898,80.251784,3,0
181313840,street,unclassified,1,0.366,13.108014,80.167101,7,0
384290112,street,unclassified,1,0.252,12.927354,80.098469,2,0
208361216,street,residential,1,0.103,12.914077,80.155592,3,0
66982152,street,residential,1,0.073,12.918791,80.096015,3,0
208361216,street,residential,1,0.052,12.918568,80.147503,3,0
33134944,street,unclassified,1,0.207,13.179201,80.298474,4,0
25467688,street,unclassified,1,0.382,13.035139,80.182464,5,0
28087220,street,residential,1,0.161,13.084282,80.199196,5,0
31956740,street_limited,living_street,1,0.14,13.062483,80.201584,2,0
26621212,street,residential,1,0.574,13.055964,80.222756,9,0
34231748,street,unclassified,1,0.084,13.044583,80.174328,2,0
32552426,street,unclassified,1,0.197,13.026016,80.203141,7,0
208934992,street,residential,1,0.189,12.975544,80.130811,4,0
25774680,street,residential,1,0.174,12.971716,80.187134,3,0
34690652,main,tertiary,1,0.347,13.08029,80.212227,4,0
206825552,street_limited,living_street,1,0.256,13.108775,80.201168,6,0
34141244,street,unclassified,1,0.253,13.061577,80.177062,2,0
207269296,street,residential,1,0.216,13.085313,80.243628,4,0
206647504,street,residential,1,0.117,12.96992,80.199768,3,0
208366032,street,residential,1,0.371,12.906446,80.152514,8,0
384186912,street,residential,1,0.126,13.028678,80.10967,4,0
124482896,street,road,1,0.194,13.062729,80.11361,2,0
303500224,street,residential,1,0.137,12.931772,80.182532,6,0
179306368,street,residential,1,0.077,12.951013,80.195795,3,0
24338716,street_limited,living_street,1,0.232,13.028019,80.271402,2,0
155219392,street,unclassified,1,0.262,12.918021,80.041156,3,-1
23075470,street,unclassified,1,0.116,13.079358,80.243845,3,0
208378448,street,residential,1,0.14,12.933604,80.210365,3,0
27479816,street,unclassified,1,0.133,13.059066,80.203789,3,0
206644432,street,residential,1,0.05,13.118313,80.246523,2,0
32551210,street,residential,1,0.067,13.017798,80.199398,2,0
207264560,street,residential,1,0.349,13.071412,80.206255,4,0
325034368,street,residential,1,0.04,12.948194,80.243109,2,0
217747520,street,residential,1,0.101,13.063537,80.227216,2,0
185024071,service,service,1,0.925,13.022617,80.175989,10,0
112150808,street,unclassified,1,0.206,12.976971,80.248515,4,0
32542308,street,residential,1,0.108,13.013291,80.184173,2,0
208810464,street,residential,1,0.118,12.889819,80.191369,2,0
198301424,street,residential,1,0.254,12.937975,80.243249,6,0
34254332,street,unclassified,1,0.152,13.02988,80.187368,2,0
102543672,major_rail,rail,1,0.448,13.15642,80.295045,5,0
214698592,street_limited,living_street,1,0.099,13.07238,80.270961,2,0
48057016,street_limited,living_street,1,0.139,13.084951,80.253937,2,0
184733104,street,residential,1,0.263,13.085823,80.230345,11,0
207135936,street,residential,1,0.245,13.02527,80.186184,4,0
206827264,street,residential,1,0.226,13.018052,80.175281,7,0
30077692,main,secondary,1,0.2,13.11085,80.184349,2,0
32426108,street,residential,1,0.141,13.02913,80.209543,2,0
208361264,street,residential,1,0.242,12.918121,80.146757,8,0
27442648,street,unclassified,1,0.479,12.960904,80.208756,3,0
30281974,street,residential,1,0.312,12.971515,80.254455,4,0
23110076,street,residential,1,0.75,13.007736,80.252008,5,0
68739096,street,unclassified,1,0.511,13.089817,80.158146,6,0
86218384,street,residential,1,0.682,12.974896,80.12829,11,0
208378352,street,residential,1,1.135,12.936383,80.216382,17,0
23804008,street,unclassified,1,0.39,13.094637,80.233006,8,0
207149472,street,residential,1,0.222,13.093419,80.202488,4,0
295244512,street,residential,1,0.102,13.020039,80.14494,4,0
24240058,street,residential,1,0.206,13.09117,80.216615,2,0
23164052,street,residential,1,0.135,13.047716,80.242283,7,0
30335806,street_limited,living_street,1,0.229,12.978383,80.265198,5,0
24338720,street,residential,1,0.124,13.025584,80.270918,4,0
27828208,street_limited,living_street,1,0.054,13.061947,80.215717,3,0
34570596,main,secondary,1,0.684,13.080942,80.164012,5,0
32944954,street,residential,1,0.384,13.041256,80.183321,10,0
30077688,street,residential,1,0.349,13.110183,80.17786,2,0
34251720,street,unclassified,1,0.12,13.037427,80.184928,5,0
26748512,street,residential,1,0.189,13.070901,80.224253,4,0
23137336,street,residential,1,0.169,13.02641,80.256415,3,0
30605102,street,residential,1,0.074,12.981323,80.22892,2,0
72850472,main,tertiary,1,0.189,13.047494,80.23238,3,0
23641250,street_limited,living_street,1,0.195,13.005467,80.203277,4,0
27312320,street,residential,1,0.121,12.997642,80.262677,2,0
206649504,street_limited,living_street,1,0.224,13.123169,80.253785,4,0
31727586,street,residential,1,0.326,13.086394,80.184772,4,0
232404816,service,track,1,0.154,12.954474,80.228544,4,0
214188208,street_limited,living_street,1,0.059,13.018541,80.219257,3,0
27347524,street_limited,living_street,1,0.299,13.039416,80.209857,5,0
158081456,,taxiway,1,0.626,12.996283,80.169574,2,0
34028152,street_limited,living_street,1,0.36,13.035072,80.196239,3,0
33876008,street_limited,living_street,1,0.079,13.074414,80.216283,2,0
27630360,street,residential,1,0.222,12.980591,80.239495,5,0
371968896,street,residential,1,0.052,12.937674,80.213817,2,0
183403168,street,residential,1,0.468,12.94528,80.204885,6,0
211435488,main,primary,1,0.417,13.085541,80.264438,7,0
46764844,street,unclassified,1,0.223,13.036027,80.135953,4,0
27347324,street_limited,living_street,1,0.234,13.055787,80.213077,4,0
211900064,street_limited,living_street,1,0.328,13.012643,80.248561,7,0
34134704,street,unclassified,1,0.231,13.050947,80.1872,4,0
207272704,service,service,1,0.06,13.089791,80.226842,2,0
217870928,street_limited,living_street,1,0.122,13.11301,80.279702,4,0
84106328,main,primary,1,0.429,12.949445,80.223921,2,0
28152148,main,secondary,1,0.842,13.075181,80.270313,15,0
34246368,street,unclassified,1,0.092,13.049449,80.165926,2,0
32742456,street,unclassified,1,0.24,13.016782,80.212856,7,0
207886272,street,residential,1,0.463,12.866839,80.066047,6,0
34234968,main,tertiary,1,0.374,13.0544,80.175861,5,0
194433312,street,unclassified,1,0.36,12.915951,80.189576,6,0
30175292,street,residential,1,0.384,13.082558,80.222783,8,0
34618004,main,primary,1,0.146,13.084359,80.108675,2,0
208169744,street,residential,1,0.232,12.907454,80.091897,4,0
31264864,street,unclassified,1,0.296,13.103829,80.135265,3,0
125180632,main,secondary,1,0.03,13.128021,80.269746,2,0
214379312,street,unclassified,1,0.13,13.025649,80.212613,6,0
25466652,street,unclassified,1,0.384,13.048742,80.185247,4,0
98639488,minor_rail,rail,1,0.589,12.973713,80.230537,5,0
33631908,street,unclassified,1,0.105,13.039392,80.123016,4,0
207146752,service,service,1,0.206,13.066601,80.248621,3,0
34248916,main,tertiary,1,0.387,13.05358,80.182911,2,0
23186354,street,unclassified,1,0.222,13.058229,80.23405,3,0
30029260,street,unclassified,1,0.142,12.986281,80.230537,2,0
32426108,street,residential,1,0.047,13.028585,80.210269,2,0
23046730,main,secondary,1,0.816,13.065122,80.240083,11,0
30751002,main,trunk,1,0.438,12.944657,80.13502,4,0
31957164,street,unclassified,1,0.111,13.070168,80.208393,2,0
331658848,street,residential,1,0.075,13.12686,80.261714,2,0
207139296,street_limited,living_street,1,0.124,13.027093,80.212674,3,0
181313808,street,unclassified,1,0.271,13.112369,80.170696,3,0
34254336,street,unclassified,1,0.204,13.029676,80.184315,2,0
208935072,street,residential,1,0.2,12.974368,80.124033,5,0
184728864,street_limited,living_street,1,0.487,13.080561,80.166229,4,0
48057040,street_limited,living_street,1,0.054,13.09418,80.260041,3,0
32305384,street_limited,living_street,1,0.096,13.036285,80.252037,2,0
23647374,main,tertiary,1,0.955,12.944921,80.141018,24,0
206524320,street_limited,residential,1,0.695,12.955094,80.205995,5,0
30623582,street,unclassified,1,0.206,13.043765,80.161647,3,0
29197280,street,residential,1,0.099,13.018264,80.15,2,0
47497712,street_limited,living_street,1,0.078,13.057873,80.274997,3,0
32945366,street,unclassified,1,0.196,13.041901,80.182153,4,0
23135426,street_limited,living_street,1,0.176,13.028537,80.26053,3,0
30037056,service,service,1,0.09,12.988792,80.234637,3,0
208361232,street,residential,1,0.192,12.916592,80.159908,3,0
34828400,street,residential,1,0.356,13.03378,80.262707,7,0
27360716,street,residential,1,0.197,12.982665,80.184885,2,0
27319970,street,residential,1,0.429,12.979546,80.215618,2,0
35011588,street,residential,1,0.124,13.023825,80.263534,3,0
208934896,street,residential,1,0.161,12.976416,80.131061,3,0
27630084,street,unclassified,1,1.423,12.953617,80.19367,20,0
30622992,street,unclassified,1,0.176,13.033086,80.145758,3,0
30312540,street,unclassified,1,0.154,12.978482,80.255497,3,0
27642534,street_limited,living_street,1,0.054,13.032678,80.255387,2,0
34618376,main,tertiary,1,1.312,12.924212,80.041535,11,-1
30402644,street,residential,1,0.195,13.001791,80.260763,2,0
25774686,street,residential,1,0.261,12.974176,80.19297,4,0
27320148,street,residential,1,0.2,12.979215,80.215281,2,0
214711584,street_limited,living_street,1,0.206,13.069514,80.265663,5,0
27189818,street,residential,1,0.37,13.054722,80.224196,3,0
27274044,street,residential,1,0.408,12.985126,80.206867,4,0
187760704,street_limited,living_street,1,0.346,13.06765,80.215134,3,0
384677568,street,unclassified,1,0.079,12.95415,80.083334,3,0
98357280,main,tertiary,1,0.344,12.857801,80.077803,7,0
133593216,main,primary,1,0.941,12.919731,80.171568,7,0
206634192,street,residential,1,0.172,12.965436,80.215403,2,0
27584364,main,secondary,1,0.078,13.042962,80.247197,3,0
25466416,street,unclassified,1,0.47,13.038666,80.223463,4,0
30977322,street_limited,living_street,1,0.15,13.096876,80.255487,3,0
379698272,path,path,1,0.312,13.008646,80.267229,13,0
127647960,street_limited,living_street,1,0.047,13.018235,80.220065,2,0
24270440,street,residential,1,0.272,13.030142,80.275631,4,0
46832296,street,unclassified,1,0.318,12.94766,80.117933,5,0
206653760,street,residential,1,0.063,12.973264,80.206188,2,0
23499284,street,residential,1,0.364,13.08396,80.248515,4,0
86689048,major_rail,rail,1,0.661,12.878721,80.078361,4,0
217950384,street_limited,living_street,1,0.147,13.116897,80.266784,3,0
309698592,path,footway,1,0.069,13.021142,80.168875,2,0
179312384,street,residential,1,0.132,12.945831,80.187534,4,0
30597412,street,unclassified,1,0.289,12.962621,80.21339,8,0
206841568,street,residential,1,0.135,13.100504,80.203758,4,0
34231652,street,unclassified,1,0.103,13.04993,80.166943,2,0
240321184,street,unclassified,1,0.511,12.952999,80.245475,11,0
22991480,street_limited,living_street,1,0.171,13.059723,80.276536,6,0
33934336,street,residential,1,0.17,13.028918,80.243267,4,0
207142320,street,residential,1,0.159,13.124984,80.278677,7,0
183947344,street_limited,living_street,1,0.096,12.961325,80.254775,2,0
206649456,street_limited,living_street,1,0.044,13.123894,80.256527,3,0
24831596,street,unclassified,1,0.151,13.020034,80.229831,3,0
24270344,street,residential,1,0.241,13.041321,80.269439,3,0
27189836,street,residential,1,0.269,13.045232,80.226046,3,0
384283904,street,unclassified,1,0.093,12.925558,80.100613,3,0
27442656,street,unclassified,1,0.292,12.960613,80.207852,3,0
132075312,street,unclassified,1,0.044,12.977304,80.255795,2,0
28534228,street_limited,living_street,1,0.132,12.986482,80.172295,3,0
177370800,street,unclassified,1,0.851,13.114432,80.1277,7,0
26763956,street,residential,1,0.38,13.046818,80.228093,5,0
30609150,street,unclassified,1,0.079,12.977504,80.222221,3,0
206825504,street,unclassified,1,0.469,13.108885,80.1985,20,0
35011568,street,residential,1,0.205,13.022868,80.261376,2,0
25774672,street,residential,1,0.175,12.972942,80.18754,3,0
214599120,street,residential,1,0.122,13.012072,80.23181,3,0
32520300,main,trunk,1,1.294,13.098917,80.17295,20,0
85863032,main,secondary,1,0.563,13.030266,80.241703,10,0
25504478,street,unclassified,1,0.637,12.980283,80.191885,8,0
33631832,street,unclassified,1,0.068,13.041813,80.116198,2,0
203215024,street,residential,1,0.182,12.928086,80.2013,4,0
30078060,main,primary,1,0.194,13.117359,80.095718,5,0
34251768,street,unclassified,1,0.048,13.033426,80.190707,2,0
183979520,street_limited,living_street,1,0.275,12.967389,80.231887,2,0
30338112,street,unclassified,1,0.11,12.983808,80.256561,2,0
27343712,street,residential,1,0.126,12.9849,80.213529,2,0
206674768,street_limited,living_street,1,0.336,13.117158,80.263784,8,0
102309328,main,tertiary,1,0.068,12.790198,80.03491,3,4
33622824,street_limited,living_street,1,0.175,13.084333,80.253839,2,0
23046392,street_limited,living_street,1,0.185,13.070569,80.231207,6,0
211618528,street,residential,1,0.371,13.036851,80.253546,8,0
371584832,street,unclassified,1,0.12,12.969863,80.14701,2,0
102580568,service,service,1,0.08,12.991937,80.243953,2,0
33876132,street_limited,living_street,1,0.063,13.067271,80.229674,3,0
32424228,street,residential,1,0.07,13.024227,80.200912,2,0
183947376,street,residential,1,0.099,12.957574,80.250986,3,0
23634676,street,unclassified,1,0.19,13.020339,80.228221,4,0
27346916,street,residential,1,0.321,13.055732,80.206559,7,0
288774432,street,residential,1,0.272,13.017668,80.152025,3,0
101176400,main,tertiary,1,0.399,13.041863,80.214415,7,0
118451728,street,residential,1,0.084,12.921914,80.205139,3,0
23164064,street_limited,living_street,1,0.066,13.051696,80.237902,2,0
384793877,street,unclassified,1,0.042,12.907806,80.102871,2,0
204209808,main,secondary,1,0.234,13.0075,80.20981,10,0
132459616,street,unclassified,1,0.064,12.96596,80.259897,2,0
335960128,street_limited,living_street,1,0.085,13.116194,80.267383,2,0
28260462,main,tertiary,1,0.388,12.93607,80.165998,5,0
383770080,street,residential,1,0.126,13.09166,80.191025,2,0
208378416,street,residential,1,0.173,12.933879,80.214176,2,0
33135030,street,unclassified,1,0.16,13.181278,80.300269,4,0
29046972,street,residential,1,0.074,12.99369,80.265269,2,0
207135920,street_limited,living_street,1,0.098,13.024131,80.201813,3,0
27346916,main,tertiary,1,0.224,13.054569,80.205108,2,0
30029358,service,service,1,0.094,12.988293,80.23106,3,0
241007904,street,residential,1,0.062,13.029272,80.258043,2,0
132073168,street,unclassified,1,0.205,12.971121,80.246971,3,0
48048724,street,unclassified,1,0.282,13.10437,80.264044,6,0
194607248,street_limited,living_street,1,0.22,12.947814,80.189224,6,0
34023096,street_limited,living_street,1,0.06,13.037662,80.202545,2,0
27503642,street,residential,1,0.176,13.042525,80.253377,5,0
30835068,street,residential,1,0.688,13.059281,80.19243,7,0
34618136,main,secondary,1,1.239,13.074288,80.124898,16,0
30247640,street_limited,living_street,1,0.287,13.087421,80.251816,8,0
208935008,street,residential,1,0.194,12.982316,80.144278,5,0
184730848,street,residential,1,0.27,13.076201,80.179264,2,0
23632872,street,unclassified,1,0.182,13.051296,80.161957,2,0
207897648,street,unclassified,1,0.631,12.852206,80.05323,17,0
209513216,main,secondary,1,0.021,13.032114,80.239181,2,0
194605136,street,residential,1,0.027,12.897533,80.19327,2,0
30833812,main,primary,1,0.243,13.047432,80.201242,7,0
217845088,service,service,1,0.089,13.082053,80.275615,6,0
207258144,street,residential,1,0.145,13.080212,80.185699,2,0
30833176,street,unclassified,1,0.055,13.045003,80.189276,2,0
24483952,street,unclassified,1,0.265,13.068132,80.259695,4,0
23970136,street,residential,1,0.147,13.089595,80.222001,3,0
28310454,street,residential,1,0.106,12.986364,80.188923,3,0
33876136,street_limited,living_street,1,0.219,13.067723,80.230693,5,0
34016624,street_limited,living_street,1,0.05,13.042363,80.195626,2,0
23634216,street_limited,living_street,1,0.111,13.023339,80.215921,2,0
25466696,street,unclassified,1,0.645,13.036377,80.187016,16,0
384297952,street,unclassified,1,0.207,12.931536,80.09883,3,0
30609748,street,unclassified,1,0.224,12.980087,80.241455,6,0
27370264,street,residential,1,0.184,12.976021,80.228749,2,0
217645024,service,service,1,0.596,13.059861,80.26049,7,0
33560264,street_limited,living_street,1,0.264,13.060383,80.212789,2,0
30077682,street,unclassified,1,0.235,13.108965,80.181371,2,0
27442424,street_limited,living_street,1,0.079,13.012459,80.223378,2,0
208936208,street,residential,1,0.282,12.948086,80.149598,4,0
27311880,street,residential,1,0.243,12.999944,80.269019,6,0
102657808,main,tertiary,1,0.456,13.017044,80.143443,13,0
34618088,main,secondary,1,0.624,13.084077,80.110053,9,0
32425822,street_limited,living_street,1,0.055,13.017171,80.203563,2,0
207258240,street,residential,1,0.173,13.097877,80.194664,5,0
30247204,main,secondary,1,0.387,13.090522,80.267826,9,0
27370328,street,residential,1,0.076,12.975635,80.216023,2,0
27442596,street,unclassified,1,0.073,12.961392,80.197353,2,0
32837798,street,residential,1,0.078,13.029851,80.20734,4,0
208365936,street,residential,1,0.184,12.901495,80.146507,2,0
23885100,main,primary,1,0.196,13.079974,80.275354,4,0
124482920,street,road,1,0.23,13.064711,80.113478,7,0
208572080,path,footway,1,0.085,13.031104,80.267203,5,0
214202944,street,unclassified,1,0.165,13.036107,80.227111,4,0
194434592,street,residential,1,0.32,12.912204,80.190044,6,0
30680464,street_limited,living_street,1,0.121,13.000742,80.202682,4,0
34159384,street,unclassified,1,0.186,13.082894,80.197609,2,0
27320108,street,residential,1,0.176,12.968162,80.208346,2,0
220362656,main,tertiary,1,0.271,13.120045,80.096028,3,0
206673856,street,residential,1,0.068,12.976955,80.21463,2,0
29885236,street_limited,living_street,1,0.312,13.024001,80.221177,4,0
27442476,street,residential,1,0.037,13.025448,80.211332,4,0
206813904,street,residential,1,0.06,12.982263,80.265302,3,0
30312948,street_limited,living_street,1,0.112,12.977898,80.261407,3,0
208168496,street,residential,1,0.269,12.907536,80.066015,7,0
27370284,street,residential,1,0.183,12.975638,80.228802,2,0
288774560,street,residential,1,0.266,13.018172,80.151524,4,0
214413824,main,primary,1,0.294,13.071291,80.201591,4,0
217760880,street_limited,living_street,1,0.188,13.074074,80.217702,2,0
198549568,street,residential,1,0.164,12.9511,80.198422,3,0
371064640,street,unclassified,1,0.256,12.968753,80.148758,7,0
217745280,street,residential,1,0.109,13.062105,80.22703,2,0
27360536,street,residential,1,0.116,12.987325,80.189559,2,0
30317776,street,unclassified,1,0.099,12.990638,80.258604,2,0
206838672,street,unclassified,1,0.096,13.048453,80.195077,3,0
27352102,street,residential,1,0.315,12.965459,80.19469,4,0
32552324,street,unclassified,1,0.094,13.025566,80.204578,3,0
31242540,street,residential,1,0.17,13.054849,80.194884,4,0
34160400,street_limited,living_street,1,0.152,13.005042,80.204588,4,0
102657808,street,residential,1,0.189,13.015293,80.169738,4,0
208378416,street,residential,1,0.134,12.936507,80.214636,3,0
28493472,street,unclassified,1,0.775,13.043041,80.1699,14,0
208365936,street,residential,1,0.065,12.920671,80.161753,3,0
207270096,street,residential,1,0.138,13.087941,80.22843,6,0
35014932,street_limited,living_street,1,0.133,13.019031,80.244827,2,0
32945524,street,unclassified,1,0.203,13.034766,80.178074,4,0
211634896,street,residential,1,0.095,13.030091,80.243974,2,0
346388960,street,residential,1,0.138,12.954011,80.171607,3,0
24262124,street_limited,living_street,1,0.089,13.019026,80.258465,2,0
23634222,street_limited,living_street,1,0.183,13.020516,80.220326,4,0
206651584,street,unclassified,1,0.102,13.038405,80.188926,2,0
30833182,street,unclassified,1,0.077,13.047485,80.18886,3,0
206665264,service,service,1,0.052,13.037691,80.226959,2,0
295244512,street,residential,1,0.213,13.020905,80.145952,6,0
33135032,street,unclassified,1,0.25,13.180658,80.301166,3,0
27470656,street,residential,1,0.151,13.057089,80.205988,3,0
30953268,street_limited,living_street,1,0.133,13.025609,80.221104,4,0
163384128,service,service,1,0.142,13.016226,80.175719,2,0
23047576,main,secondary,1,0.6,13.027083,80.257615,10,0
207144080,street_limited,living_street,1,0.056,13.117171,80.266057,3,0
217930032,street_limited,living_street,1,0.156,13.10762,80.198937,2,0
30622140,street,unclassified,1,0.261,13.031124,80.160061,4,0
26527206,street,residential,1,0.298,13.054085,80.198402,3,0
48754692,street,residential,1,0.058,13.090087,80.241605,2,0
208824080,street,residential,1,0.149,12.888475,80.229543,4,0
208160288,street,residential,1,0.213,12.922131,80.082087,4,0
30851600,street,unclassified,1,0.1,13.084069,80.223526,2,0
34254432,street,unclassified,1,0.029,13.030002,80.203531,2,0
30623588,main,tertiary,1,0.442,13.044463,80.1524,3,0
85932936,,runway,1,1.418,12.99835,80.172729,2,0
28405728,street,residential,1,0.328,13.004274,80.253161,3,0
384430400,street,road,1,0.059,13.105306,80.149444,2,0
207264816,street,residential,1,0.181,13.089555,80.209806,4,0
25555816,street,unclassified,1,0.256,12.982373,80.185694,8,0
24339572,street,residential,1,0.274,13.01755,80.265475,9,0
33631912,street,unclassified,1,0.144,13.036953,80.113261,3,0
27630072,street,residential,1,0.398,12.955844,80.194138,11,0
209503008,main,trunk,1,0.847,13.044776,80.244893,10,0
27453142,street,residential,1,0.18,13.059663,80.210232,4,0
27319888,street,residential,1,0.311,12.979111,80.206038,5,0
24256752,street_limited,living_street,1,0.242,13.093661,80.289804,4,0
27470676,street,residential,1,0.273,13.053453,80.201203,3,0
113072168,service,service,1,0.142,13.059937,80.238309,3,0
382830400,street,residential,1,0.35,13.017205,80.173257,4,0
184733120,street,residential,1,0.331,13.083363,80.220723,3,0
194429040,street,residential,1,0.221,12.919267,80.171348,4,0
244466144,main,primary,1,0.293,12.963054,80.21583,3,0
371064640,main,tertiary,1,0.211,12.97035,80.14869,4,0
325034400,street,residential,1,0.2,12.947276,80.244144,6,0
342279648,street,residential,1,0.034,12.980561,80.228449,3,0
178751024,street,unclassified,1,0.341,13.029523,80.110743,3,0
25459956,street,unclassified,1,0.176,13.033973,80.218475,3,0
206535376,street,residential,1,0.182,12.959844,80.208092,4,0
0,street,residential,1,0.305,12.945541,80.152831,6,0
30279596,street,unclassified,1,0.065,12.982055,80.257707,2,0
208934880,street,residential,1,0.07,12.981357,80.134376,2,0
32945536,street,unclassified,1,0.119,13.036448,80.173367,2,0
214599088,street_limited,living_street,1,0.043,13.018416,80.212156,2,0
27189826,street,residential,1,0.181,13.046845,80.228858,3,0
232404720,street,unclassified,1,0.39,12.987682,80.173485,10,0
157911936,main,secondary,1,0.255,13.051304,80.249625,4,0
30623592,street,unclassified,1,0.284,13.048363,80.164385,6,0
32801768,main,tertiary,1,0.209,13.016627,80.20916,4,0
103716688,street,residential,1,0.277,12.987168,80.19407,2,0
384986848,street,unclassified,1,0.1,12.986693,80.114669,3,0
27189904,street_limited,living_street,1,0.021,13.044465,80.218944,2,0
335532000,street,road,1,0.127,12.983937,80.223221,2,0
132080288,street,unclassified,1,0.115,12.968691,80.260111,2,0
27461046,street_limited,living_street,1,0.181,13.06121,80.208004,4,0
384294912,street,unclassified,1,0.07,12.926361,80.100797,2,0
23634408,street_limited,living_street,1,0.257,13.025558,80.222704,5,0
23075452,street,unclassified,1,0.318,13.080622,80.243432,3,0
98357544,street,road,1,0.177,12.864756,80.076066,2,0
24270486,street_limited,living_street,1,0.123,13.029454,80.26769,4,0
211669408,street_limited,living_street,1,0.152,13.049385,80.278746,7,0
27190020,street_limited,living_street,1,0.057,13.053925,80.217581,2,0
26188732,main,secondary,1,1.474,12.664,80.127537,3,-1
33876076,street_limited,living_street,1,0.134,13.07175,80.216615,5,0
217723248,street_limited,living_street,1,0.125,13.089793,80.253051,6,0
208168496,street,residential,1,0.357,12.90126,80.067028,6,0
184728896,street,residential,1,0.161,13.083331,80.163294,7,0
23163994,street,residential,1,0.231,13.042885,80.23981,2,0
32938776,street,unclassified,1,0.138,12.942419,80.247894,2,0
25562276,street,residential,1,0.137,12.975145,80.185455,2,0
212985472,street_limited,living_street,1,0.156,13.119679,80.267131,2,0
34144664,street,unclassified,1,0.115,13.058322,80.189432,3,0
28653970,street_limited,living_street,1,0.123,13.05791,80.223572,4,0
32425830,street_limited,living_street,1,0.069,13.019384,80.205853,2,0
112607496,street,unclassified,1,0.454,13.049229,80.277813,5,0
34231748,street,unclassified,1,0.069,13.043584,80.173142,2,0
384688160,street,unclassified,1,0.113,12.996205,80.153027,4,0
84659992,main,tertiary,1,0.189,12.965393,80.127787,2,0
108148360,street,residential,1,0.023,12.972158,80.219269,2,0
23648388,motorway,motorway,1,1.239,12.924415,80.100367,5,0
208361248,street,residential,1,0.228,12.917797,80.148668,4,0
85932934,,runway,1,0.471,12.994629,80.179962,4,0
30247212,street_limited,living_street,1,0.276,13.085325,80.257658,4,0
232403792,street,residential,1,0.592,12.914027,80.080066,17,0
27877844,street,unclassified,1,0.9,13.094733,80.170696,3,0
34254324,street,unclassified,1,0.109,13.025656,80.189103,2,0
28151246,main,tertiary,1,0.35,13.050471,80.256132,10,0
27442544,street_limited,living_street,1,0.195,13.021147,80.224819,4,0
30623564,street,unclassified,1,0.18,13.04492,80.160202,4,0
25459982,street,unclassified,1,0.255,13.027408,80.224098,8,0
26969672,street,unclassified,1,0.622,13.080257,80.214447,9,0
28087222,street,residential,1,0.129,13.084939,80.199786,2,0
41497740,street,residential,1,0.363,13.023896,80.165688,6,0
27368936,street,unclassified,1,0.419,12.971606,80.238855,10,0
28310232,street,residential,1,0.16,12.995511,80.190371,3,0
34019464,street_limited,living_street,1,0.084,13.04165,80.203513,2,0
46781312,street,unclassified,1,0.213,12.971491,80.144642,2,0
384308512,street,unclassified,1,0.154,12.955376,80.202544,6,0
28563192,street,unclassified,1,0.189,12.996551,80.251101,2,0
25553078,main,tertiary,1,0.055,12.986766,80.18604,6,0
30604312,driveway,service,1,0.102,12.975791,80.22097,4,0
132073184,street,unclassified,1,0.054,12.971777,80.246982,2,0
27344648,street_limited,living_street,1,0.508,13.001863,80.207005,10,0
240919376,service,service,1,0.193,13.066981,80.270226,7,0
207139312,street,residential,1,0.081,13.025823,80.211617,4,0
30598636,main,secondary,1,0.522,12.964961,80.199183,21,0
23135504,street_limited,living_street,1,0.153,13.034173,80.251287,5,0
197488608,street,residential,1,0.238,12.92613,80.204481,4,0
27369812,street,unclassified,1,0.394,12.974631,80.181575,3,0
367465308,main,secondary,1,1.084,12.977825,80.102444,10,0
23698630,street,residential,1,0.248,13.038477,80.193492,4,0
235837024,major_rail,rail,1,0.426,12.924799,80.117286,5,0
27454324,street,residential,1,0.135,13.057287,80.19996,3,0
30833704,street,unclassified,1,0.137,13.041106,80.172403,4,0
208361168,street,residential,1,0.136,12.914907,80.156748,2,0
30609716,street,unclassified,1,0.089,12.984087,80.230092,2,0
25466340,main,secondary,1,0.719,13.039395,80.221296,13,0
30295110,street,unclassified,1,0.12,12.97202,80.261357,3,0
23038884,service,service,1,0.121,13.041095,80.252193,4,0
179251792,street,residential,1,0.347,12.923386,80.184411,6,0
206649456,main,tertiary,1,0.127,13.123092,80.254731,2,0
102663600,main,tertiary,1,0.414,13.164151,80.263056,5,2
188582608,path,footway,1,0.125,12.82262,80.043247,2,1
32589704,service,service,1,0.079,13.066944,80.270557,2,0
32254474,street,unclassified,1,0.391,12.926504,80.110057,5,0
208359328,street,residential,1,0.214,12.921314,80.158457,3,0
25689808,street,unclassified,1,0.211,13.027607,80.225821,7,0
189500784,street,residential,1,0.099,13.04287,80.232889,2,0
29503280,street,residential,1,0.106,12.980113,80.225893,2,0
23634422,street_limited,living_street,1,0.105,13.028171,80.217999,2,0
23648624,street,unclassified,1,0.169,12.912762,80.105593,2,0
218221712,street_limited,living_street,1,0.07,13.059105,80.210784,3,0
371970272,street,residential,1,0.084,12.941406,80.209751,2,0
188574976,street,unclassified,1,0.203,12.824452,80.04381,2,1
383841152,street,unclassified,1,1.23,12.977483,80.089493,5,0
369656800,main,primary,1,0.464,13.045345,80.279999,4,0
31748500,street,unclassified,1,0.173,13.079091,80.184792,3,0
208935040,street,residential,1,0.348,12.98427,80.137363,5,0
28405726,street,residential,1,0.322,13.003686,80.253223,3,0
305120256,street,residential,1,0.096,12.923057,80.201005,2,0
27347392,street,residential,1,0.075,13.05092,80.200359,2,0
47497704,street_limited,living_street,1,0.131,13.053741,80.272576,4,0
27453130,street,unclassified,1,0.252,13.056875,80.208469,4,0
384297984,street,unclassified,1,0.188,12.933586,80.098471,3,0
27630120,street,residential,1,0.335,12.954111,80.194435,6,0
34028144,street_limited,living_street,1,0.269,13.035582,80.197672,3,0
199941856,street_limited,living_street,1,0.874,12.937561,80.243191,26,0
184110800,main,primary,1,0.258,12.933385,80.232769,3,0
28494516,street,unclassified,1,0.323,13.067495,80.197432,2,0
305119200,street,residential,1,0.108,12.919341,80.2003,3,0
23135476,street,residential,1,0.315,13.026912,80.247371,8,0
194607072,street,residential,1,0.153,12.948138,80.183982,4,0
179254080,street,residential,1,0.169,12.958492,80.182698,2,0
28571974,street,residential,1,0.087,12.975231,80.219579,2,0
206649504,street_limited,living_street,1,0.193,13.123829,80.255902,5,0
208810416,street,residential,1,0.382,12.883769,80.192168,10,0
188574992,street,unclassified,1,0.114,12.825793,80.041586,4,1
27642538,street,residential,1,0.046,13.034239,80.255093,2,0
47497712,street_limited,living_street,1,0.076,13.058941,80.271511,2,0
33876072,street,residential,1,0.347,13.069784,80.22725,5,0
217870928,street_limited,living_street,1,0.076,13.11141,80.279629,2,0
185574832,service,service,1,0.071,13.011646,80.233392,3,0
46821264,street,residential,1,0.054,12.953785,80.134331,2,0
25459492,main,tertiary,1,0.497,13.032509,80.224777,11,0
33134952,street,unclassified,1,0.126,13.179393,80.300299,4,0
208934944,street,residential,1,0.23,12.972885,80.136273,4,0
207258112,street,residential,1,0.196,13.089086,80.189196,6,0
31240980,service,service,1,0.096,12.94194,80.131799,2,0
217941168,street,unclassified,1,0.152,13.118094,80.254452,4,0
206836592,street,residential,1,0.172,13.030106,80.172415,4,0
46832304,street,unclassified,1,0.238,12.939756,80.114072,7,0
30977346,street_limited,living_street,1,0.444,13.094496,80.254472,5,0
208935056,street,residential,1,0.187,12.983732,80.121895,5,0
208168448,street,residential,1,0.277,12.891793,80.082889,4,0
333380480,service,service,1,0.334,13.027535,80.239052,4,0
217933008,street,residential,1,0.16,13.113539,80.228668,2,0
32324848,street,residential,1,0.196,13.02503,80.205351,3,0
27454298,street,residential,1,0.069,13.057484,80.202445,2,0
30394428,street_limited,living_street,1,0.193,13.002916,80.255836,2,0
208934800,street,residential,1,0.095,12.979076,80.131135,2,0
133599504,main,secondary,1,0.437,13.155697,80.301079,5,0
26969990,street,residential,1,0.154,13.092041,80.205865,3,0
206825504,street,unclassified,1,0.267,13.10484,80.199871,10,0
28534604,street,unclassified,1,0.157,13.000406,80.190656,3,0
383931200,street,unclassified,1,0.217,13.058659,80.222324,12,0
27343036,street_limited,living_street,1,0.41,12.990586,80.214218,7,0
27453144,street,residential,1,0.118,13.059311,80.207177,3,0
24270452,street,residential,1,0.132,13.028194,80.275819,2,0
133602704,street,residential,1,0.576,12.966616,80.193156,8,0
27319968,street,residential,1,0.159,12.980617,80.207593,4,0
217950368,street_limited,living_street,1,0.067,13.12613,80.267597,2,0
232404416,street,residential,1,0.145,12.961348,80.185347,3,0
217845696,street_limited,living_street,1,0.126,13.088086,80.27616,4,0
83826840,main,tertiary,1,0.096,13.007315,80.204576,6,0
25454760,main,secondary,1,0.558,13.059763,80.165194,14,0
181313824,street_limited,living_street,1,0.194,13.108854,80.167913,5,0
30609164,street,unclassified,1,0.101,12.980293,80.232827,2,0
240340240,major_rail,rail,1,0.384,13.018277,80.221551,2,0
184913360,street,residential,1,0.196,13.055556,80.230065,3,0
133594560,street,unclassified,1,0.078,12.923493,80.11657,2,0
29184312,main,tertiary,1,0.174,13.026236,80.25715,3,0
241007904,street,residential,1,0.039,13.029787,80.257944,2,0
149173824,street,residential,1,0.17,12.911213,80.159017,3,0
96944720,major_rail,rail,1,1.258,12.806222,80.026786,8,4
206812368,street,residential,1,0.134,13.047427,80.229302,2,0
27593164,street,residential,1,0.091,13.036929,80.259831,2,0
27454274,street,unclassified,1,0.16,13.058421,80.206531,3,0
30609140,street,unclassified,1,0.177,12.978388,80.231178,4,0
27566800,street,residential,1,0.044,13.048424,80.194563,2,0
29200648,street,unclassified,1,0.379,13.180456,80.300448,4,0
25377982,main,tertiary,1,0.296,13.099826,80.135869,5,0
23161528,street,residential,1,0.363,13.036115,80.241071,2,0
184469837,street,residential,1,0.281,12.963434,80.212401,2,0
34016644,street_limited,living_street,1,0.052,13.042033,80.201352,2,0
183403200,street,residential,1,0.114,12.943072,80.205979,6,0
240869120,street_limited,living_street,1,0.087,13.028171,80.278045,4,0
295244512,street,residential,1,0.247,13.019615,80.144254,9,0
28124260,main,tertiary,1,0.202,12.897704,80.111622,3,0
240340256,major_rail,rail,1,1.005,13.080298,80.271342,14,0
30622218,street,unclassified,1,0.2,13.035998,80.155005,5,0
84099136,street,residential,1,0.261,12.955559,80.189638,4,0
34135036,street,unclassified,1,0.253,13.048032,80.187775,3,0
25562378,street,residential,1,0.152,12.983601,80.184102,4,0
384437312,street,residential,1,0.152,12.964168,80.082174,5,0
131963512,street,unclassified,1,0.276,12.967714,80.249755,4,0
102655664,main,tertiary,1,1.437,12.967858,80.095262,10,0
28124136,main,tertiary,1,1.018,12.916494,80.196489,16,0
27190028,street,residential,1,0.236,13.045425,80.21555,5,0
23648664,street,unclassified,1,0.171,12.91004,80.098174,3,0
23955546,main,secondary,1,0.104,13.054308,80.259421,2,0
384430496,street,road,1,0.12,13.10708,80.149785,7,0
27370188,street,residential,1,0.179,12.977064,80.21778,3,0
127383816,street_limited,living_street,1,0.131,13.02123,80.25129,6,0
213067872,street,residential,1,0.064,13.119132,80.163761,2,0
27319964,street,residential,1,0.243,12.984065,80.207713,3,0
215244416,main,tertiary,1,0.276,13.133738,80.172214,6,0
32724348,street,unclassified,1,0.086,12.976618,80.146166,2,0
218204240,street,unclassified,1,0.175,13.131312,80.294128,2,0
207144080,street_limited,living_street,1,0.204,13.116558,80.266996,4,0
30597412,street,unclassified,1,0.185,12.961192,80.210781,4,0
29197276,street,residential,1,0.19,13.017373,80.150008,4,0
30317792,street,residential,1,0.103,12.991847,80.268172,3,0
32552406,street,unclassified,1,0.237,13.026466,80.201073,2,0
24375460,street_limited,living_street,1,0.069,13.059531,80.244355,3,0
179309728,street,residential,1,0.119,12.939823,80.189558,2,0
207269328,street,residential,1,0.141,13.080864,80.234464,5,0
23803370,street_limited,living_street,1,0.239,13.0943,80.252221,3,0
207258208,street,residential,1,0.122,13.092026,80.188113,4,0
384502016,street,unclassified,1,0.038,12.942144,80.248169,2,0
151245888,service,track,1,0.085,12.978468,80.230013,3,0
27201956,main,tertiary,1,0.178,13.035749,80.221751,3,0
31020388,main,tertiary,1,1.671,13.189844,80.181892,21,-1
206813920,street,unclassified,1,0.212,13.009014,80.226034,7,0
30609136,street,unclassified,1,0.041,12.979558,80.231952,2,0
29072820,minor_rail,rail,1,0.351,13.107003,80.223509,6,0
240511200,street,residential,1,0.04,13.049295,80.22406,2,0
27454318,street,residential,1,0.183,13.058452,80.203466,4,0
24240036,street,residential,1,0.482,13.089049,80.215283,2,0
25380176,main,tertiary,1,1.484,13.074202,80.173302,12,0
31961792,street,unclassified,1,1.149,13.040197,80.107312,9,0
27346848,street_limited,living_street,1,0.177,13.033183,80.217499,9,0
28502700,street,unclassified,1,0.085,13.056335,80.250893,3,0
125180624,main,secondary,1,0.051,13.12654,80.259106,2,0
214202944,street_limited,living_street,1,0.146,13.03213,80.22264,4,0
27342776,street,residential,1,0.145,12.994114,80.207655,2,0
68536152,street,unclassified,1,0.33,13.055886,80.204104,2,0
46764712,street,unclassified,1,0.085,13.043943,80.137105,2,0
23092108,main,trunk,1,0.129,12.94704,80.136884,16,0
30596872,street,residential,1,0.141,12.97426,80.201101,3,0
34690576,street,residential,1,0.536,13.085821,80.203295,3,0
23929808,street,residential,1,0.177,13.040477,80.26026,2,0
30036608,service,service,1,0.262,12.999528,80.240961,5,0
32912428,street,unclassified,1,0.201,12.918197,80.249838,2,0
23110072,street,residential,1,0.306,13.008217,80.251542,4,0
30623540,street,unclassified,1,0.119,13.040574,80.15661,2,0
34143484,street,unclassified,1,0.24,13.063177,80.192903,5,0
27453144,street,residential,1,0.089,13.059739,80.205836,2,0
207272960,street,residential,1,0.049,13.074085,80.211094,2,0
30597424,street,residential,1,0.168,12.964594,80.201109,5,0
32324892,street_limited,living_street,1,0.077,13.023651,80.206274,2,0
27432324,street,residential,1,0.176,13.042663,80.207979,4,0
325034400,street,residential,1,0.136,12.937673,80.240474,5,0
204540832,street,residential,1,0.15,12.982825,80.187776,3,0
208174976,street,residential,1,0.157,12.917099,80.103779,4,0
47274828,street,primary_link,1,0.299,13.037346,80.267238,7,0
34135040,street,unclassified,1,0.102,13.049121,80.186149,3,0
318725664,street,residential,1,0.055,12.978269,80.217341,2,0
30119308,main,secondary,1,0.75,12.928581,80.11581,10,0
208160304,street,residential,1,0.325,12.92003,80.081432,7,0
30835076,street,residential,1,0.309,13.058871,80.192418,4,0
103716672,major_rail,rail,1,0.106,12.993894,80.196895,3,0
181313808,street,residential,1,0.317,13.096814,80.191872,7,0
160185072,street_limited,living_street,1,0.156,13.013614,80.231877,2,0
27202512,street_limited,living_street,1,0.274,13.035876,80.223761,8,0
27342716,street,residential,1,0.251,12.99313,80.202236,4,0
207269328,service,service,1,0.108,13.081805,80.234935,4,0
46765860,street,unclassified,1,0.144,13.037004,80.128176,4,0
332100288,street,residential,1,0.515,13.167911,80.21009,7,-1
33134970,street,unclassified,1,0.124,13.178714,80.298733,2,0
27442664,street,residential,1,0.781,12.956465,80.204328,5,0
213364192,street,residential,1,0.121,12.962877,80.214083,3,0
194605152,street,residential,1,0.235,12.897928,80.193913,4,0
208378400,street,residential,1,0.099,12.934359,80.209551,2,0
208168512,street,residential,1,0.42,12.898888,80.064041,5,0
208378432,street,residential,1,0.156,12.935967,80.215895,4,0
184733104,street,residential,1,0.151,13.083283,80.218682,2,0
30622100,street,unclassified,1,0.105,13.032279,80.155302,2,0
31264852,street,unclassified,1,0.344,13.105958,80.135987,3,0
194605136,street,residential,1,0.198,12.90302,80.194826,7,0
25116982,main,secondary,1,1.132,12.911849,80.196044,10,0
204540688,street,residential,1,0.156,12.984686,80.18645,2,0
112716624,street_limited,living_street,1,0.196,13.073786,80.244812,3,0
207149488,street_limited,living_street,1,0.375,13.095283,80.205994,3,0
189488688,street,residential,1,0.3,12.903299,80.231704,10,0
207144064,street,residential,1,0.154,13.12791,80.279244,4,0
86689056,major_rail,rail,1,1.263,13.114226,80.150966,11,0
208824928,street,residential,1,0.413,12.846821,80.228145,5,5
206673856,street,residential,1,0.167,12.985853,80.197654,3,0
41497336,street,unclassified,1,0.835,13.01928,80.174208,29,0
34133680,street,residential,1,0.068,13.053068,80.195881,2,0
32541188,street,unclassified,1,0.13,13.0168,80.193089,2,0
208365920,street,residential,1,0.171,12.900695,80.146832,2,0
34248508,street,unclassified,1,0.092,13.056248,80.194096,2,0
31962668,main,secondary,1,1.268,13.030502,80.111241,18,0
307740192,street,residential,1,0.012,12.937583,80.190078,2,0
25467812,main,secondary,1,0.718,13.054756,80.174212,11,0
32691614,street,residential,1,0.093,13.024731,80.204496,2,0
32455859,main,tertiary,1,0.57,13.023956,80.208272,4,0
384392832,service,service,1,0.447,12.870339,80.207852,5,0
27319436,street,residential,1,0.149,12.968917,80.2126,3,0
32424964,street_limited,living_street,1,0.168,13.01861,80.204647,3,0
369144160,street,residential,1,0.079,12.972831,80.139288,3,0
24375464,street,unclassified,1,0.038,13.061745,80.241871,2,0
318725664,street,residential,1,0.332,12.976944,80.216992,10,0
47498768,street_limited,living_street,1,0.121,13.064646,80.277181,4,0
27453144,street,residential,1,0.089,13.059739,80.205836,2,0
28732144,service,service,1,0.221,13.056003,80.258435,5,0
27343776,street,residential,1,0.13,12.976415,80.188352,4,0
23888124,street_limited,living_street,1,0.157,13.102323,80.284774,5,0
306017472,street,residential,1,0.068,13.037228,80.130472,2,0
26464924,street_limited,living_street,1,0.101,13.125107,80.254845,2,0
207258256,street,residential,1,0.101,13.083487,80.184664,3,0
208170768,street,residential,1,0.121,12.919653,80.092833,2,0
208174944,street,residential,1,0.274,12.926614,80.101134,3,0
27347362,street_limited,living_street,1,0.087,13.043465,80.202404,2,0
183979600,street,unclassified,1,0.892,12.959078,80.237196,15,0
325034400,street,residential,1,0.284,12.947255,80.242894,3,0
34231720,street,unclassified,1,0.096,13.043579,80.167995,2,0
131961776,street,unclassified,1,0.123,12.968923,80.253016,2,0
33876024,street,unclassified,1,0.29,13.070259,80.210548,6,0
371968928,street,residential,1,0.208,12.93868,80.214213,3,0
208934944,street,residential,1,0.287,12.988325,80.140812,2,0
151678272,service,service,1,0.072,13.00981,80.237019,19,0
211531264,street,residential,1,0.258,13.025351,80.276207,3,0
26969692,street,residential,1,0.565,13.079985,80.202272,4,0
112716600,street_limited,living_street,1,0.065,13.072629,80.245603,3,0
211331120,service,service,1,0.059,13.070097,80.24202,4,0
29046448,street,unclassified,1,0.059,12.98542,80.254167,2,0
23761522,street,residential,1,0.148,13.00175,80.259886,3,0
86226816,street,residential,1,0.224,12.973706,80.134865,4,0
95658880,main,tertiary,1,0.567,12.926709,80.114285,7,0
384430400,street,road,1,0.459,13.108433,80.15027,13,0
102479328,main,tertiary,1,0.03,13.046625,80.277096,2,0
206824304,street_limited,living_street,1,0.125,13.0308,80.223484,4,0
23163978,street,residential,1,0.193,13.044062,80.236359,2,0
48133608,street_limited,living_street,1,0.251,13.105738,80.247342,3,0
27172992,street,residential,1,0.212,13.044097,80.237673,9,0
23135648,street_limited,living_street,1,0.378,13.033566,80.251252,7,0
102479296,main,tertiary,1,0.34,13.046416,80.278774,4,0
208572080,path,footway,1,0.024,13.03114,80.266999,2,0
24375524,street,unclassified,1,0.059,13.057004,80.244232,2,0
98357512,street,residential,1,0.295,12.89761,80.172258,6,0
30281986,street,unclassified,1,0.195,12.974585,80.257694,3,0
24375462,street,residential,1,0.178,13.063059,80.242097,3,0
218221712,street_limited,living_street,1,0.085,13.055812,80.208941,4,0
48742024,street,residential,1,0.342,13.095261,80.214727,4,0
32254488,street,unclassified,1,0.225,12.92655,80.109489,9,0
32945488,street,unclassified,1,0.132,13.04288,80.18571,2,0
206649488,street_limited,living_street,1,0.123,13.124692,80.256148,7,0
384430464,street,road,1,0.107,13.107092,80.149467,4,0
23642040,street_limited,living_street,1,0.243,13.00984,80.196432,4,0
24240056,street,residential,1,0.207,13.091689,80.216637,2,0
34231688,street,unclassified,1,0.311,13.049158,80.169824,4,0
34634448,main,secondary,1,1.292,13.138436,80.281724,3,0
27340484,street,residential,1,0.468,12.984995,80.198536,7,0
27630130,street,residential,1,0.284,12.953736,80.198844,5,0
45977176,street,unclassified,1,0.306,12.950516,80.147152,5,0
53470264,major_rail,rail,1,1.264,13.114388,80.172394,6,0
154030368,main,trunk,1,1.189,13.061355,80.262235,8,0
208808704,street,residential,1,0.252,12.933311,80.207207,4,0
30339176,street,unclassified,1,0.345,12.987928,80.261188,6,0
27189808,main,tertiary,1,0.349,13.052342,80.227544,5,0
33134972,street,unclassified,1,0.116,13.178722,80.299139,2,0
27312312,street,residential,1,0.072,12.999146,80.266598,2,0
206652720,street,unclassified,1,0.193,12.981804,80.250473,2,0
25468008,main,tertiary,1,1.327,13.051186,80.129147,14,0
33876032,street_limited,living_street,1,0.093,13.069954,80.209225,3,0
29046876,street,residential,1,0.162,12.989183,80.258106,4,0
292683616,street,residential,1,0.512,12.833224,80.23079,3,5
30435936,main,tertiary,1,0.735,13.137258,79.910931,3,-1
23161536,street,residential,1,0.296,13.036025,80.238094,6,0
30342326,street,unclassified,1,0.066,12.983095,80.267114,3,0
128412136,main,primary,1,0.5,12.959912,80.255907,7,0
30623568,street,unclassified,1,0.376,13.046003,80.159382,9,0
34254328,street,unclassified,1,0.11,13.03002,80.189633,3,0
26524736,main,primary,1,0.302,13.04598,80.214615,3,0
30247202,main,primary,1,0.179,13.0869,80.258997,4,0
25468880,main,tertiary,1,1.289,13.115284,79.994423,6,-1
24775540,street_limited,living_street,1,0.067,13.016499,80.247304,2,0
29047568,street,residential,1,0.044,12.989597,80.266135,2,0
196539088,street,residential,1,0.374,13.118509,80.165048,3,0
214172304,street_limited,living_street,1,0.19,13.027556,80.226579,2,0
34135048,street,unclassified,1,0.097,13.051085,80.182445,2,0
34028132,street,residential,1,0.082,13.036471,80.203803,2,0
26398936,street_limited,living_street,1,0.162,13.124765,80.293782,3,0
179310352,street,residential,1,0.043,12.937681,80.189843,3,0
46765836,street,unclassified,1,0.355,13.037839,80.125176,9,0
102657792,street,unclassified,1,0.415,13.017729,80.14414,6,0
30077688,main,tertiary,1,0.773,13.112738,80.181682,11,0
27189820,street,residential,1,0.197,13.050067,80.224133,4,0
24831580,street,residential,1,0.351,13.01384,80.229512,2,0
28295576,street_limited,living_street,1,0.059,13.072745,80.244049,2,0
27189942,street_limited,living_street,1,0.137,13.041025,80.226955,3,0
378400832,street,residential,1,0.067,12.940369,80.231791,3,0
186797312,main,secondary,1,0.023,13.056815,80.242685,5,0
354478912,service,service,1,0.118,13.021739,80.223938,3,0
98357552,main,tertiary,1,0.298,12.873124,80.209634,3,0
32142580,main,primary,1,0.558,13.071067,80.241616,8,0
27360538,street,residential,1,0.08,12.988058,80.18902,2,0
33134956,street,unclassified,1,0.108,13.17999,80.29897,4,0
32405616,street,residential,1,0.135,13.016637,80.199359,2,0
30077676,street,unclassified,1,0.326,13.109012,80.184973,3,0
207135936,street,residential,1,0.179,13.026039,80.182381,4,0
27359776,street,residential,1,0.405,12.966868,80.205327,3,0
103716672,main,primary,1,0.101,12.992102,80.193561,5,0
25466402,main,secondary,1,0.308,13.044243,80.216146,8,0
22688136,main,tertiary,1,0.363,13.023301,80.27533,4,0
206812368,street,residential,1,0.528,13.047786,80.227771,3,0
27190000,street,residential,1,0.133,13.038193,80.222577,2,0
208934912,street,residential,1,0.202,12.981583,80.12749,4,0
34599276,main,tertiary,1,0.33,12.926063,80.232012,9,0
33270242,main,tertiary,1,0.429,13.020814,80.253693,12,0
28138946,service,service,1,0.335,13.073629,80.273967,8,0
30606830,street_limited,living_street,1,0.225,12.993387,80.216477,6,0
208934800,street,residential,1,0.074,12.977308,80.128073,2,0
30597404,street,unclassified,1,0.054,12.976004,80.20276,2,0
208812512,street,residential,1,0.124,12.934894,80.232625,3,0
384430464,street,road,1,0.11,13.105792,80.155354,4,0
177370784,street,residential,1,0.57,12.966022,80.204611,6,0
206849392,street,residential,1,0.095,12.993382,80.199211,3,0
306017504,street,residential,1,0.299,13.033278,80.132778,5,0
34248480,main,tertiary,1,0.51,13.050314,80.18242,8,0
370543904,street,residential,1,0.138,12.974626,80.141674,2,0
208824096,street,residential,1,0.277,12.884515,80.231159,5,0
31336520,main,primary,1,0.133,12.993376,80.193459,3,0
138307600,street,residential,1,0.745,13.106108,80.18276,8,0
30623000,street,unclassified,1,0.416,13.033689,80.157366,8,0
219391440,street,residential,1,0.127,12.940549,80.214238,3,0
34251760,street,unclassified,1,0.14,13.035122,80.189929,2,0
207270096,street_limited,living_street,1,0.134,13.080706,80.228899,4,0
27311868,street,residential,1,0.129,12.997692,80.269405,3,0
28682080,main,primary,1,0.102,13.034522,80.212049,5,0
27320136,street,residential,1,0.4,12.981514,80.219711,9,0
23161552,street,residential,1,0.14,13.037567,80.243689,2,0
207264816,street_limited,living_street,1,0.034,13.077972,80.214405,2,0
28404784,path,footway,1,0.072,13.007265,80.236319,3,0
30623540,street,unclassified,1,0.113,13.040537,80.155915,2,0
240340320,major_rail,rail,1,0.553,12.994388,80.197454,7,0
198549440,driveway,service,1,0.197,12.956042,80.186147,4,0
183275168,street,residential,1,0.399,12.943102,80.202774,6,0
213364672,street,residential,1,0.258,12.97331,80.222557,5,0
27347306,street,residential,1,0.12,13.043647,80.211078,2,0
34627248,main,tertiary,1,0.642,13.118156,80.152236,9,0
30596856,street,unclassified,1,0.107,12.968245,80.205108,3,0
384309184,street,unclassified,1,0.099,12.955402,80.190062,2,0
27916664,street,unclassified,1,0.149,12.981115,80.177277,3,0
208814256,street,residential,1,0.216,12.905392,80.229214,2,0
23962644,street,residential,1,0.209,13.045253,80.264187,5,0
219560976,street,residential,1,0.618,13.116551,80.161933,6,0
34622008,street,unclassified,1,0.213,13.129169,80.200594,4,3
28226256,street,unclassified,1,0.22,13.00377,80.182772,4,0
27202244,street_limited,living_street,1,0.171,13.033777,80.220117,3,0
160274848,street_limited,living_street,1,0.092,13.032581,80.22051,2,0
218212400,street,unclassified,1,0.28,13.12882,80.267807,3,0
28534356,street,residential,1,0.191,12.996315,80.209479,4,0
384688160,street,unclassified,1,0.128,12.99655,80.153078,6,0
30833730,street,unclassified,1,0.288,13.038248,80.179348,4,0
28226260,street,unclassified,1,0.102,13.000624,80.189402,4,0
108328800,main,primary,1,0.828,12.969575,80.215299,4,0
30280960,street,unclassified,1,0.163,12.982947,80.256166,2,0
384503840,street,unclassified,1,0.07,12.942469,80.24854,3,0
217750112,street_limited,living_street,1,0.068,13.054454,80.220894,2,0
132083264,main,primary,1,1.239,12.93578,80.252392,16,0
25467696,main,secondary,1,0.197,13.03621,80.174952,6,0
24270464,street_limited,living_street,1,0.248,13.030229,80.271943,5,0
27454218,street,residential,1,0.305,13.059113,80.195718,6,0
22976716,street,unclassified,1,0.733,13.050182,80.237821,5,0
35011104,street,residential,1,0.117,13.028701,80.26424,3,0
30280524,street,unclassified,1,0.094,12.985602,80.253393,4,0
218212400,street_limited,living_street,1,0.113,13.125566,80.254799,2,0
31241496,main,secondary,1,1.407,12.997174,80.105807,16,0
34618088,main,secondary,1,0.313,13.08171,80.113164,7,0
30312162,street_limited,living_street,1,0.088,12.978236,80.263609,2,0
27189920,street_limited,living_street,1,0.373,13.043583,80.227436,5,0
84525984,street,residential,1,0.124,12.966546,80.128862,3,0
112716536,street,residential,1,0.261,13.072705,80.249338,4,0
48742040,street,residential,1,0.027,13.100938,80.209903,2,0
183947392,street,residential,1,0.59,12.954657,80.251738,9,0
35457640,street_limited,living_street,1,0.934,12.943383,80.242173,9,0
206653776,street,residential,1,0.086,12.977816,80.190485,2,0
30833812,main,primary,1,1.286,13.046926,80.194155,20,0
23186336,street,residential,1,0.091,13.050994,80.233381,2,0
32938800,street,unclassified,1,0.147,12.94247,80.257291,2,0
30342326,street,unclassified,1,0.068,12.983264,80.267152,3,0
194605328,street,residential,1,0.136,12.907253,80.199237,4,0
46780548,street,unclassified,1,0.074,12.966067,80.143855,2,0
203214272,street,residential,1,0.223,12.943982,80.201932,4,0
125206040,street,unclassified,1,0.524,13.135611,80.279338,9,0
184717456,street,residential,1,0.134,12.96274,80.23325,3,0
34621784,main,tertiary,1,0.737,13.136379,80.200987,6,3
34251748,street,unclassified,1,0.149,13.03467,80.184407,2,0
32938786,street,unclassified,1,0.275,12.941584,80.255727,5,0
27173592,street_limited,living_street,1,0.136,13.053623,80.232403,4,0
268060864,street,residential,1,0.14,13.012023,80.167412,5,0
370332032,street,residential,1,0.094,12.972853,80.141292,3,0
33876064,street,residential,1,0.066,13.060682,80.225734,2,0
33134950,street,unclassified,1,0.357,13.180018,80.300313,5,0
30281978,street,unclassified,1,0.079,12.970233,80.255233,3,0
100857264,service,service,1,0.109,13.073007,80.221506,2,0
208174976,street,residential,1,0.307,12.922116,80.091259,5,0
386634016,street,residential,1,0.339,12.949359,80.194616,6,0
48057032,street_limited,living_street,1,0.083,13.093074,80.260607,3,0
384283936,street,unclassified,1,0.067,12.929162,80.102742,2,0
27342832,street_limited,living_street,1,0.117,12.992241,80.210847,2,0
142430864,street,residential,1,0.119,12.9276,80.143746,3,0
24375568,street,residential,1,0.288,13.061361,80.250371,6,0
23163928,street_limited,living_street,1,0.164,13.035997,80.228156,5,0
46832544,street,unclassified,1,0.256,12.92967,80.130989,2,0
208179840,street,residential,1,0.19,12.896823,80.107032,2,0
23306342,main,primary,1,0.773,13.082325,80.214988,5,0
30597416,street,unclassified,1,0.322,12.963009,80.209561,2,0
207272720,street_limited,living_street,1,0.043,13.0737,80.243278,2,0
27442560,street,residential,1,0.285,12.960749,80.194669,6,0
207880544,street,residential,1,0.285,12.797144,80.023427,4,4
84525984,street,residential,1,0.101,12.965113,80.125698,2,0
32142580,main,primary,1,0.053,13.068699,80.2425,3,0
27319408,street,residential,1,0.439,12.971497,80.209652,4,0
194581376,street,residential,1,0.1,12.911568,80.186796,2,0
25920972,main,tertiary,1,0.494,12.973894,80.14283,11,0
29973062,main,tertiary,1,0.021,12.995044,80.201244,2,0
35457772,street,unclassified,1,0.277,12.933853,80.237805,2,0
23698628,main,tertiary,1,0.76,13.040083,80.199295,2,0
34140512,street,unclassified,1,0.123,13.057377,80.182839,3,0
27370352,street,residential,1,0.129,12.961321,80.192594,3,0
25466652,main,tertiary,1,0.334,13.0483,80.18157,3,0
31956726,service,service,1,0.169,13.071881,80.20304,4,0
34231640,street,unclassified,1,0.031,13.051502,80.170781,2,0
133602696,main,primary,1,1.316,13.018291,80.141245,12,0
23970166,street,residential,1,0.251,13.089502,80.224873,3,0
23110068,street,primary_link,1,0.597,13.008261,80.259022,15,0
207875616,street,residential,1,0.158,13.070023,80.25289,3,0
27347380,street,residential,1,0.057,13.051068,80.197192,2,0
31264854,street,unclassified,1,0.633,13.106037,80.132417,5,0
30977344,street_limited,living_street,1,0.276,13.092177,80.2562,4,0
215569968,street_limited,living_street,1,0.076,13.032733,80.209283,3,0
206658384,street,residential,1,0.063,12.976011,80.213969,2,0
34690652,main,tertiary,1,0.086,13.079242,80.212163,4,0
27189996,street_limited,living_street,1,0.092,13.03361,80.221092,2,0
159057168,street_limited,living_street,1,0.15,13.000801,80.265399,5,0
207891120,street,residential,1,0.544,12.863659,80.066097,8,0
34157872,street,unclassified,1,0.247,13.061928,80.168132,3,0
183979552,street_limited,living_street,1,0.25,12.971782,80.235908,4,0
232404416,street,residential,1,0.122,12.961288,80.18507,5,0
35312740,path,footway,1,0.034,13.037364,80.263581,2,0
32555012,street,unclassified,1,0.085,13.018375,80.23843,3,0
208160272,street,residential,1,0.19,12.90996,80.080645,3,0
27432180,street,residential,1,0.258,13.037895,80.209575,2,0
34139764,street,unclassified,1,0.11,13.054362,80.186304,2,0
371064640,street,unclassified,1,0.11,12.968659,80.145544,2,0
217797440,street_limited,living_street,1,0.027,13.066527,80.232011,2,0
384380416,street,residential,1,0.169,12.896901,80.217515,2,0
384688160,street,unclassified,1,0.409,12.9965,80.152629,9,0
319667424,street,residential,1,0.066,12.933542,80.130764,2,0
27202330,street_limited,living_street,1,0.365,13.033045,80.222279,6,0
27368888,main,tertiary,1,1.069,12.944156,80.246994,5,0
29047592,street,unclassified,1,0.109,12.984139,80.261361,2,0
0,street_limited,living_street,1,0.058,12.934832,80.234458,2,0
208187456,street,residential,1,0.141,12.930756,80.145099,3,0
30833712,street,unclassified,1,0.454,13.038898,80.172369,6,0
24775520,street_limited,living_street,1,0.179,13.017984,80.243523,5,0
112716536,street_limited,living_street,1,0.067,13.071783,80.244603,2,0
33876048,street_limited,living_street,1,0.145,13.064067,80.213467,4,0
30119484,street,unclassified,1,0.534,12.927143,80.115639,7,0
34629536,main,tertiary,1,0.432,13.120931,80.155432,6,0
30923496,street_limited,living_street,1,0.192,13.086562,80.233916,5,0
27319930,main,tertiary,1,0.783,12.974857,80.230475,8,0
69610256,main,trunk,1,0.634,13.061928,80.16519,6,0
23135448,street,residential,1,0.334,13.028028,80.256426,3,0
25774712,street,residential,1,0.125,12.973857,80.194793,2,0
27442480,street,residential,1,0.227,13.025633,80.211697,7,0
27483140,path,steps,1,0.045,12.989344,80.185301,4,0
30622204,street,unclassified,1,0.109,13.036665,80.161413,2,0
208935056,street,residential,1,0.271,12.97159,80.139409,7,0
34621780,street,unclassified,1,0.739,13.128997,80.198793,6,3
23186302,street,residential,1,0.211,13.055649,80.240477,2,0
211669392,main,primary,1,0.131,13.042943,80.26787,4,0
24270452,main,tertiary,1,0.276,13.040469,80.274311,8,0
27347544,street,unclassified,1,0.076,13.047547,80.191372,2,0
24270468,street_limited,living_street,1,0.314,13.029882,80.272885,4,0
208160320,street,residential,1,0.136,12.918366,80.068361,2,0
32844256,street,residential,1,0.045,13.033201,80.20472,2,0
27347384,street,residential,1,0.119,13.05196,80.200408,5,0
30853114,street_limited,living_street,1,0.176,13.080321,80.22012,4,0
211531264,street_limited,living_street,1,0.138,13.038085,80.272081,5,0
180154592,street_limited,living_street,1,0.079,12.930839,80.241866,2,0
184913360,street,residential,1,0.198,13.054841,80.229961,3,0
0,street_limited,living_street,1,0.148,13.007484,80.194786,3,0
194605984,street,residential,1,0.215,12.911809,80.194599,5,0
29116568,street_limited,living_street,1,0.416,13.077534,80.270246,7,0
24375528,street,unclassified,1,0.346,13.054017,80.245565,10,0
102577056,main,tertiary,1,0.791,13.061544,80.122691,15,0
26969692,street,residential,1,0.576,13.08151,80.20463,6,0
23634184,street,unclassified,1,0.698,13.009511,80.2075,8,0
208810544,street,residential,1,0.128,12.894677,80.184495,3,0
102574592,main,tertiary,1,0.608,13.074045,80.118611,10,0
25390744,main,tertiary,1,0.569,13.111064,80.120682,5,0
27430052,street,unclassified,1,0.26,13.007306,80.226289,2,0
23648648,street,unclassified,1,0.258,12.909101,80.10685,5,0
23500014,street_limited,living_street,1,0.154,13.094059,80.265697,5,0
23887990,street_limited,living_street,1,0.185,13.095679,80.281842,2,0
31616566,service,service,1,1.133,12.985276,80.162643,2,0
25454656,main,tertiary,1,1.194,13.022074,80.151697,29,0
32424976,street_limited,living_street,1,0.07,13.020222,80.203218,2,0
306018272,street,residential,1,0.074,13.037288,80.135571,2,0
378400832,street,residential,1,0.168,12.941567,80.232842,3,0
23970120,street,residential,1,0.129,13.087051,80.221625,2,0
217691696,street_limited,living_street,1,0.073,13.061415,80.240766,2,0
24262132,street,residential,1,0.311,13.016099,80.256311,9,0
163384128,service,service,1,0.167,13.01565,80.176947,5,0
30338116,street,unclassified,1,0.164,12.982532,80.256113,2,0
30598646,street,residential,1,0.165,12.971982,80.21709,7,0
288774432,street,residential,1,0.365,13.017586,80.151694,3,0
33875976,street_limited,living_street,1,0.182,13.062735,80.22275,4,0
384532192,street,unclassified,1,0.508,12.922098,80.061243,2,0
122769184,street,residential,1,0.166,12.842573,80.061615,5,0
48742020,street,residential,1,0.257,13.09407,80.215208,2,0
30623604,street,unclassified,1,0.272,13.045664,80.151896,7,0
211864576,street_limited,living_street,1,0.068,13.066164,80.273125,3,0
44034272,street_limited,living_street,1,0.098,12.943304,80.134588,2,0
27709312,street_limited,living_street,1,0.172,13.027311,80.226438,2,0
30620300,main,tertiary,1,0.218,13.05876,80.161343,5,0
189490048,street,unclassified,1,0.364,12.900343,80.229513,7,0
176050640,street,residential,1,0.613,13.081474,80.164054,6,0
179221056,street,secondary_link,1,0.183,13.037659,80.256786,9,0
35458596,street,unclassified,1,0.07,12.951168,80.249122,2,0
32426912,street,unclassified,1,0.146,13.017028,80.191508,4,0
29200646,street,unclassified,1,0.414,13.178227,80.300551,8,0
33876028,street,unclassified,1,0.037,13.068119,80.211188,2,0
24240076,street,residential,1,0.2,13.089438,80.214657,4,0
259860800,street,residential,1,0.089,13.028396,80.263439,2,0
384430432,street,road,1,0.104,13.108029,80.149802,3,0
27630064,street,residential,1,0.57,12.958865,80.182156,8,0
208179840,street,residential,1,0.263,12.896618,80.10746,5,0
27320020,street,residential,1,0.465,12.969563,80.198534,5,0
46764828,street,unclassified,1,0.402,13.029707,80.138917,4,0
26464814,street_limited,living_street,1,0.032,13.123962,80.265118,2,0
23970126,street,residential,1,0.106,13.09134,80.222471,2,0
23499296,main,secondary,1,0.849,13.08206,80.258624,11,0
27454212,street,unclassified,1,0.097,13.057805,80.204121,2,0
384509888,street,unclassified,1,0.126,12.946202,80.251514,3,0
279535872,main,tertiary,1,0.861,12.746456,79.986983,4,-1
151247568,street,residential,1,0.157,12.97726,80.226974,2,0
177370736,street,unclassified,1,0.325,13.115092,80.124307,3,0
27343424,street_limited,living_street,1,0.083,12.993516,80.214592,2,0
34139712,street,unclassified,1,0.084,13.0507,80.182395,2,0
30609148,street,residential,1,0.106,12.980002,80.224699,2,0
27429848,service,track,1,0.584,13.006831,80.215712,12,0
23135412,street,residential,1,0.289,13.042786,80.262715,4,0
27454220,main,tertiary,1,0.157,13.059595,80.196097,3,0
23499970,main,trunk,1,0.476,13.081326,80.272477,6,0
197616576,street,residential,1,0.276,12.910576,80.197582,4,0
259350512,street,residential,1,0.242,13.016675,80.169747,16,0
206662896,street,residential,1,0.053,12.980268,80.254727,2,0
209513216,main,tertiary,1,0.096,13.048007,80.230279,6,0
30681616,street_limited,living_street,1,0.145,12.998807,80.20969,3,0
208936208,street,residential,1,0.318,12.95206,80.147715,4,0
60871616,street,residential,1,0.318,12.922829,80.184454,3,0
206657184,street,residential,1,0.102,13.113944,80.230285,4,0
214180592,street_limited,living_street,1,0.061,13.025177,80.217936,2,0
33622112,main,primary,1,0.63,13.081512,80.251759,15,0
23186310,street,residential,1,0.21,13.056244,80.240509,2,0
187760688,street,residential,1,0.148,13.070598,80.217821,2,0
211531328,street,residential,1,0.08,13.021707,80.261125,2,0
132073376,street,unclassified,1,0.42,12.975664,80.246645,6,0
30833708,street,unclassified,1,0.063,13.040581,80.173115,2,0
206836576,street,residential,1,0.105,13.030542,80.171487,4,0
219558880,street,unclassified,1,0.708,13.074116,80.210345,12,0
314877504,street,unclassified,1,1.282,12.95835,80.089665,6,0
151332576,street,residential,1,0.182,12.972882,80.224321,2,0
26748492,street_limited,living_street,1,0.142,13.072412,80.224268,2,0
208254592,street,unclassified,1,0.108,13.01599,80.189119,4,0
207264544,street,residential,1,0.179,13.072398,80.20778,3,0
111749088,street_limited,living_street,1,0.13,13.042134,80.275011,5,0
32486212,street_limited,living_street,1,0.467,13.017696,80.27697,3,0
136508368,street,residential,1,0.167,13.019775,80.21424,5,0
232404224,street,residential,1,0.102,12.965743,80.185928,2,0
25460532,main,secondary,1,1.295,13.010645,80.149461,17,0
32553944,street,unclassified,1,0.172,13.005823,80.200918,4,0
189492656,street,unclassified,1,0.468,12.944922,80.241352,5,0
30610144,street,unclassified,1,0.051,12.983396,80.242867,4,0
34139732,street,unclassified,1,0.053,13.051876,80.184821,2,0
194606224,street,residential,1,0.104,12.916974,80.190398,4,0
23901172,street_limited,living_street,1,0.3,13.064583,80.272374,4,0
207139312,street_limited,living_street,1,0.212,13.020648,80.219228,6,0
30680484,street,unclassified,1,0.394,12.998883,80.204385,6,0
27642520,street,residential,1,0.075,13.035655,80.256646,2,0
34231716,main,tertiary,1,0.293,13.043164,80.168388,5,0
34234952,street,unclassified,1,0.11,13.043092,80.164713,2,0
208187472,street,residential,1,0.417,12.917817,80.139221,6,0
23161568,street,unclassified,1,0.673,13.031595,80.235222,6,0
23634428,street_limited,living_street,1,0.146,13.02541,80.220444,2,0
300030688,street,residential,1,0.108,12.914305,80.197081,5,0
26748502,street,residential,1,0.155,13.070193,80.226574,2,0
68536152,street,unclassified,1,0.253,13.058738,80.20937,5,0
23633594,street,unclassified,1,0.118,13.022721,80.145595,2,0
35458592,main,tertiary,1,0.557,12.94992,80.246618,4,0
166562080,main,tertiary,1,0.688,13.007386,80.147562,17,0
160185072,street,residential,1,0.156,13.012522,80.231688,3,0
34690572,street,unclassified,1,0.57,13.082744,80.202921,7,0
133855336,street_limited,living_street,1,0.118,13.066689,80.231909,5,0
206540080,street,residential,1,0.136,13.077195,80.246187,3,0
26970220,street,residential,1,0.117,13.085759,80.203003,2,0
208366032,street,residential,1,0.435,12.906425,80.151513,4,0
214599088,street_limited,living_street,1,0.046,13.013522,80.225589,2,0
113072160,service,service,1,0.064,13.059848,80.238409,3,0
34020984,street_limited,living_street,1,0.044,13.04005,80.197648,2,0
27319410,street,residential,1,0.256,12.966903,80.210213,2,0
325034400,street,residential,1,0.124,12.947483,80.241095,2,0
133599496,main,secondary,1,1.259,13.183003,80.308589,8,0
32724346,street,unclassified,1,0.17,12.977433,80.144801,4,0
217930016,street_limited,living_street,1,0.054,13.107587,80.198695,2,0
208567680,main,primary,1,0.261,13.041081,80.267286,9,0
309591840,path,footway,1,0.032,13.021025,80.168808,8,0
206825520,street,unclassified,1,0.118,13.107872,80.199945,3,0
23813848,street,unclassified,1,0.173,13.041302,80.248287,3,0
24338728,street_limited,living_street,1,0.196,13.026894,80.274027,5,0
214068944,street,residential,1,0.222,12.954839,80.15239,4,0
34144672,main,tertiary,1,0.186,13.056844,80.197102,4,0
34570584,main,tertiary,1,0.816,13.084942,80.184427,8,0
0,street,unclassified,1,0.168,12.919929,80.068753,2,0
384528256,street,unclassified,1,0.211,12.877579,80.103682,5,-1
86689072,major_rail,rail,1,0.642,13.103925,80.271654,11,0
27643184,street,residential,1,0.32,13.031989,80.261679,5,0
27211440,street,residential,1,0.33,13.0516,80.220325,3,0
207137968,street,residential,1,0.097,13.111937,80.27644,3,0
23648618,street,unclassified,1,2.148,12.912775,80.108957,25,0
27344656,street,residential,1,0.19,12.994485,80.205002,4,0
385085312,street,unclassified,1,0.194,12.86787,80.059413,2,0
32912100,street,unclassified,1,0.313,12.853779,80.242907,2,-1
27368904,main,primary,1,0.077,12.951193,80.241506,2,0
34134024,street,residential,1,0.113,13.05834,80.195897,2,0
32945364,street,unclassified,1,0.065,13.039943,80.18079,2,0
340016352,street_limited,living_street,1,0.058,13.084474,80.1882,4,0
34144652,main,tertiary,1,0.283,13.048333,80.189408,7,0
34626576,main,secondary,1,0.181,13.09842,80.135014,3,0
35457656,main,tertiary,1,0.601,12.932091,80.237722,7,0
384290656,street,unclassified,1,0.193,12.92336,80.096244,11,0
230865952,main,tertiary,1,0.176,12.683822,79.983958,5,-1
219391456,street,residential,1,0.169,12.942171,80.21265,3,0
27630160,street,residential,1,0.694,12.960199,80.179315,13,0
27630086,street,residential,1,0.972,12.954613,80.205042,4,0
102309328,main,tertiary,1,0.242,12.791637,80.035326,6,4
179388736,street,unclassified,1,0.096,12.945285,80.198498,4,0
32426900,street,unclassified,1,0.129,13.015668,80.193142,4,0
34248496,street,unclassified,1,0.875,13.060688,80.186381,15,0
27319916,street,residential,1,0.241,12.971798,80.218128,2,0
28206828,main,tertiary,1,0.172,13.004455,80.208812,7,0
28563242,street,residential,1,0.155,13.006491,80.262038,2,0
0,street,unclassified,1,0.145,13.126433,80.200951,3,3
69610264,main,primary,1,0.943,13.054603,80.211657,8,0
48115224,street,unclassified,1,0.34,13.093249,80.25705,4,0
312878624,street,residential,1,0.017,12.992399,80.193782,2,0
178647168,street,residential,1,0.115,12.974386,80.219113,2,0
194605328,street,residential,1,0.229,12.905871,80.195961,5,0
322022656,street,residential,1,0.09,12.945623,80.187978,2,0
29184312,main,tertiary,1,0.162,13.025606,80.257535,3,0
206647520,street,residential,1,0.223,12.970202,80.199824,5,0
25466484,street,residential,1,0.271,13.032665,80.217442,5,0
27344864,street,residential,1,0.124,12.992535,80.207244,5,0
130109224,main,tertiary,1,0.274,12.897548,80.228632,3,0
27442392,street,unclassified,1,0.429,12.971022,80.262636,6,0
217870928,street_limited,living_street,1,0.062,13.111689,80.279663,2,0
27630102,street,residential,1,0.619,12.953772,80.208308,4,0
208359331,street,residential,1,0.157,12.935433,80.160209,4,0
24831764,street,unclassified,1,0.259,13.032657,80.234118,5,0
27343770,street,residential,1,0.515,12.976363,80.194902,10,0
27189920,street_limited,living_street,1,0.24,13.044199,80.227084,3,0
181133776,street_limited,living_street,1,0.093,13.047209,80.257846,5,0
30622084,street,unclassified,1,0.32,13.024721,80.151593,2,0
32575420,street,residential,1,0.137,13.029004,80.202665,3,0
299498144,street,residential,1,0.168,12.983889,80.213582,5,0
25380264,main,primary,1,1.329,13.084234,80.159437,18,0
30609160,street,unclassified,1,0.087,12.979005,80.23273,2,0
27189828,street,residential,1,0.061,13.048703,80.227328,2,0
207144048,street_limited,living_street,1,0.039,13.118624,80.266994,2,0
29046880,street,residential,1,0.093,12.989299,80.257704,2,0
30282026,street,unclassified,1,0.096,12.977173,80.259921,2,0
104236384,street,residential,1,0.184,13.013533,80.179566,3,0
30833728,street,unclassified,1,0.233,13.038578,80.178914,3,0
33876020,street,residential,1,0.17,13.071927,80.212171,3,0
27618732,street,unclassified,1,0.223,13.068872,80.210366,5,0
206819104,street,residential,1,0.077,13.020232,80.228549,2,0
206673856,street,residential,1,0.083,12.982602,80.200817,3,0
240472112,street,secondary_link,1,0.137,13.064078,80.25971,4,0
23499996,main,tertiary,1,0.397,13.091283,80.265269,14,0
23030552,street,residential,1,0.274,13.072296,80.24797,7,0
30119064,street,unclassified,1,0.761,12.944159,80.127969,5,0
27442648,street,unclassified,1,0.147,12.960127,80.211645,2,0
206673872,street,residential,1,0.176,12.976163,80.217992,3,0
208821584,street,residential,1,0.646,12.89661,80.224738,7,0
34141268,street,unclassified,1,0.054,13.06255,80.176705,2,0
288873024,street,residential,1,0.101,13.016164,80.151286,2,0
208936192,street,residential,1,0.115,12.943182,80.143612,2,0
27352052,street,residential,1,0.063,12.973405,80.189627,2,0
34254424,street,unclassified,1,0.174,13.029972,80.206181,4,0
214188192,street_limited,living_street,1,0.059,13.019793,80.218124,2,0
363754112,service,service,1,0.381,13.11527,80.113047,4,0
207139312,street,residential,1,0.184,13.024802,80.212095,4,0
321738496,main,secondary,1,0.648,12.957718,80.125952,9,0
157989504,street,secondary_link,1,0.029,13.044888,80.240277,3,0
48738640,street,residential,1,0.17,13.091289,80.24474,4,0
32405558,street,residential,1,0.096,13.01526,80.198547,2,0
208359344,street,residential,1,0.28,12.934408,80.159795,5,0
23970120,street,residential,1,0.142,13.087623,80.221887,3,0
214711600,street_limited,living_street,1,0.068,13.071127,80.266852,2,0
295244512,street,residential,1,0.076,13.021151,80.145122,4,0
102543672,major_rail,rail,1,1.35,13.127173,80.281768,10,0
30393152,street,residential,1,0.185,13.002495,80.249353,3,0
25466540,main,tertiary,1,0.428,13.049974,80.196204,8,0
214172288,street_limited,living_street,1,0.039,13.01841,80.218053,2,0
23164070,street,residential,1,0.152,13.051199,80.236044,2,0
102550200,main,primary,1,0.284,13.112348,80.062303,4,-1
44034272,street_limited,living_street,1,0.098,12.943304,80.134588,2,0
34134724,street,unclassified,1,0.094,13.051124,80.191597,2,0
23698632,main,tertiary,1,0.854,13.040636,80.20881,9,0
275300736,street,residential,1,0.07,13.068113,80.212864,3,0
31608300,,taxiway,1,0.085,12.985805,80.167422,2,0
27442436,street_limited,living_street,1,0.157,13.018937,80.217336,3,0
27342752,street_limited,living_street,1,0.323,12.989331,80.208034,4,0
24262140,street,residential,1,0.1,13.022924,80.256983,2,0
24338806,street_limited,living_street,1,0.15,13.027862,80.262874,4,0
184728912,street,residential,1,0.231,13.081934,80.178603,4,0
27442700,street,unclassified,1,1.514,12.957009,80.173407,15,0
31243244,street,unclassified,1,0.204,12.996373,80.097037,2,0
34144668,street,residential,1,0.113,13.057778,80.195611,2,0
313544480,main,primary,1,1.28,12.925407,80.10577,16,0
34256976,street,residential,1,0.136,13.029191,80.210208,4,0
31264858,street,unclassified,1,0.179,13.105453,80.137709,2,0
208175632,street,residential,1,0.15,12.930108,80.110801,2,0
30137264,street,residential,1,0.59,13.012284,80.131948,12,0
30622072,street,unclassified,1,0.331,13.031423,80.155245,6,0
384227136,street,unclassified,1,0.09,12.980491,80.185639,3,0
27370000,street_limited,living_street,1,0.077,12.9976,80.20025,3,0
24262124,street,residential,1,0.175,13.020886,80.258969,3,0
26188838,main,secondary,1,1.335,12.76563,80.107452,8,-1
25380176,main,tertiary,1,1.312,13.064717,80.162463,9,0
27470648,street,unclassified,1,0.078,13.054553,80.208999,3,0
27190028,street,residential,1,0.146,13.04563,80.215737,2,0
23635144,main,primary,1,0.066,13.026062,80.20745,2,0
23164000,street,residential,1,0.179,13.046255,80.245979,2,0
98357576,main,tertiary,1,1.274,12.85375,80.184474,10,-1
31264864,street,unclassified,1,0.252,13.105012,80.134551,3,0
25467892,main,secondary,1,0.612,13.069325,80.197876,5,0
184730864,street,residential,1,0.281,13.076552,80.177931,5,0
27347398,street,residential,1,0.206,13.04955,80.201595,2,0
27369676,street,unclassified,1,0.226,12.959898,80.188108,2,0
30336092,street_limited,living_street,1,0.088,12.977961,80.263591,2,0
184913328,street,residential,1,0.229,13.055234,80.222907,3,0
179309616,street,residential,1,0.159,12.940588,80.191415,4,0
30609168,street,unclassified,1,0.176,12.979991,80.233984,4,0
27434886,street_limited,living_street,1,0.254,13.042637,80.195287,2,0
208935072,street,residential,1,0.107,12.982444,80.123161,6,0
27359932,street,residential,1,0.255,12.988467,80.194266,2,0
27342756,street,residential,1,0.062,12.991815,80.207172,2,0
48738668,street,unclassified,1,0.125,13.100498,80.228628,2,0
23901146,street_limited,living_street,1,0.2,13.061706,80.273298,5,0
85862960,main,secondary,1,0.244,13.029156,80.245689,4,0
209535232,main,secondary,1,0.181,13.040942,80.229952,3,0
275459552,street,residential,1,0.163,13.070584,80.224456,3,0
207886208,street,unclassified,1,0.07,12.865215,80.058309,2,0
33631856,street,unclassified,1,0.103,13.046681,80.12379,2,0
213357584,street,residential,1,0.094,12.961663,80.210941,2,0
30623006,street,unclassified,1,0.107,13.022738,80.15198,2,0
208174944,street,residential,1,0.092,12.921708,80.098708,2,0
98357544,street,road,1,0.241,12.866057,80.072941,6,0
27319412,street,residential,1,0.257,12.965872,80.210206,2,0
25466668,street,unclassified,1,0.294,13.052557,80.19081,2,0
47571168,street_limited,living_street,1,0.051,13.066118,80.271536,2,0
207149440,street,residential,1,0.133,13.097265,80.199892,4,0
32938742,street,unclassified,1,0.287,12.947225,80.255089,4,0
44034272,street_limited,living_street,1,0.073,12.943022,80.134169,2,0
30622100,street,unclassified,1,0.121,13.032968,80.155306,2,0
119288448,service,service,1,0.095,12.876301,80.2238,6,0
98357344,main,tertiary,1,0.458,12.892842,80.18245,7,0
27442468,street,residential,1,0.165,13.026529,80.214912,2,0
30025550,service,service,1,0.141,12.995269,80.236504,3,0
34159392,street,unclassified,1,0.093,13.083554,80.197525,2,0
306863360,street,residential,1,0.274,13.123582,80.143455,7,0
178751024,street,unclassified,1,0.305,13.029079,80.108883,2,0
32938702,street,unclassified,1,0.256,12.951649,80.258449,2,0
86689048,major_rail,rail,1,1.441,12.869025,80.07303,8,0
208812480,street,residential,1,0.037,12.929462,80.229677,2,0
24338800,street,residential,1,0.142,13.029027,80.261719,3,0
26550630,main,secondary,1,0.096,13.06879,80.21486,4,0
219558896,street_limited,living_street,1,0.039,13.069298,80.21116,2,0
240922368,street_limited,living_street,1,0.352,13.024594,80.277905,3,0
27359690,street,residential,1,0.062,12.972745,80.207076,2,0
23887964,street_limited,living_street,1,0.149,13.089416,80.276267,3,0
32738736,street_limited,living_street,1,0.216,13.015878,80.20419,4,0
27319412,street,residential,1,0.088,12.967288,80.211401,2,0
29973064,main,tertiary,1,0.6,12.994907,80.203826,13,0
211768000,street,unclassified,1,0.383,13.057687,80.272236,8,0
164828624,minor_rail,rail,1,0.323,12.973565,80.231052,2,0
25467916,main,tertiary,1,0.337,13.061082,80.194672,8,0
26528232,street_limited,living_street,1,0.185,13.024225,80.217371,3,0
207264544,street,residential,1,0.114,13.075123,80.210946,3,0
27347342,street_limited,living_street,1,0.366,13.041738,80.204526,10,0
302903744,street,residential,1,0.358,12.930274,80.144388,7,0
30627248,street,unclassified,1,0.145,13.056726,80.161767,3,0
208359296,street,residential,1,0.113,12.934767,80.160614,3,0
371995392,street,residential,1,0.122,12.938816,80.212047,4,0
25467688,street,unclassified,1,0.267,13.037533,80.182187,5,0
28260816,main,tertiary,1,0.243,12.930523,80.136824,6,0
27189888,street,unclassified,1,0.073,13.046107,80.222318,2,0
27340428,street,residential,1,0.055,12.987154,80.198422,2,0
34251800,street,unclassified,1,0.073,13.037899,80.181503,2,0
27454268,street,residential,1,0.128,13.056275,80.199864,2,0
320523712,street,residential,1,0.073,12.961275,80.192958,2,0
206653792,street,unclassified,1,0.154,12.974074,80.202468,3,0
194433312,street,unclassified,1,0.793,12.912431,80.187715,16,0
30119312,main,secondary,1,0.721,12.940685,80.082585,6,0
32541192,street,unclassified,1,0.031,13.017727,80.191927,2,0
165642304,street_limited,living_street,1,0.159,12.972944,80.192305,3,0
217797440,street_limited,living_street,1,0.114,13.067256,80.230303,3,0
206840960,street,residential,1,0.15,13.042482,80.183846,3,0
25594260,motorway,motorway,1,0.693,13.029851,80.147316,7,0
206673808,street,residential,1,0.082,12.977833,80.216533,2,0
27202364,main,tertiary,1,0.272,13.034783,80.223434,4,0
34234964,street,unclassified,1,0.097,13.046436,80.162679,2,0
34251768,street,unclassified,1,0.113,13.033073,80.191074,2,0
301720384,street,unclassified,1,0.161,12.980959,80.178667,4,0
25377740,main,secondary,1,1.546,13.106243,80.184922,10,0
34690576,street,residential,1,0.152,13.086361,80.209593,2,0
30622990,street,unclassified,1,0.116,13.034061,80.145868,3,0
207145440,street_limited,living_street,1,0.129,13.003832,80.24449,6,0
27189984,street,residential,1,0.227,13.037792,80.22013,5,0
26464922,street,residential,1,0.11,13.12538,80.254788,5,0
23163886,street,residential,1,0.112,13.039767,80.240808,2,0
23163970,street,unclassified,1,0.213,13.04202,80.22976,2,0
202505968,street,unclassified,1,0.242,12.931521,80.233848,5,0
207258240,street,residential,1,0.143,13.09146,80.187913,5,0
48738648,street,residential,1,0.043,13.085943,80.241529,2,0
207891104,street,residential,1,0.3,12.856645,80.075811,5,0
209491488,street,unclassified,1,0.821,13.033242,80.259825,13,0
183947360,street,residential,1,0.06,12.956138,80.25269,2,0
32945532,street,unclassified,1,0.09,13.036399,80.173901,2,0
389035648,street,residential,1,0.076,12.943779,80.195163,3,0
132064384,street,unclassified,1,0.082,12.971946,80.263598,2,0
34140872,street,unclassified,1,0.269,13.05154,80.175602,3,0
369982944,street,residential,1,0.804,12.885322,80.20302,6,0
98357312,street,road,1,0.026,12.86285,80.069594,2,0
31956956,street,unclassified,1,0.073,13.070266,80.19747,2,0
214366896,street_limited,living_street,1,0.087,13.02206,80.216673,2,0
27368932,street,unclassified,1,0.499,12.970379,80.23522,12,0
27343694,street,residential,1,0.14,12.979112,80.206679,2,0
32552048,street,residential,1,0.093,13.017303,80.199039,3,0
30015060,street_limited,living_street,1,0.159,12.990219,80.213141,5,0
27434302,street,residential,1,0.143,13.045681,80.20872,2,0
132509256,street,unclassified,1,0.08,12.978617,80.226633,2,0
23092124,main,secondary,1,0.382,12.941922,80.138065,7,0
27442528,street_limited,living_street,1,0.132,13.035155,80.20044,3,0
108401696,street,residential,1,0.085,12.991027,80.193139,3,0
47415312,street_limited,living_street,1,0.135,13.10878,80.279976,2,0
32405598,street,residential,1,0.096,13.015792,80.198546,3,0
30162692,main,secondary,1,1.312,12.816071,80.126202,7,-1
27354136,street,residential,1,0.067,12.983411,80.209829,3,0
259349888,street,residential,1,0.129,13.013735,80.169268,3,0
27370256,street,residential,1,0.249,12.974062,80.22731,4,0
240340320,major_rail,rail,1,1.675,12.935484,80.129288,11,0
112621600,street,residential,1,0.117,13.029147,80.27626,3,0
208808720,street,residential,1,0.375,12.910283,80.198283,6,0
211864560,street_limited,living_street,1,0.046,13.065031,80.274997,2,0
35432212,street,residential,1,0.067,13.036013,80.262413,2,0
33876024,street_limited,living_street,1,0.16,13.069676,80.211464,3,0
189492656,street,unclassified,1,0.051,12.944742,80.241565,2,0
184728864,street,residential,1,0.169,13.085529,80.175058,4,0
306018272,street,residential,1,0.052,13.036881,80.12885,2,0
188574992,street,unclassified,1,0.18,12.822959,80.041858,2,1
28747112,service,service,1,0.112,13.078871,80.282734,6,0
26394458,street_limited,living_street,1,0.333,13.111008,80.280023,8,0
30606830,street_limited,living_street,1,0.089,12.993947,80.216867,3,0
24375576,service,service,1,0.172,13.063472,80.253163,9,0
206674768,street,residential,1,0.087,13.12245,80.259849,3,0
30137264,street,residential,1,0.211,13.01201,80.134953,6,0
23163898,street,residential,1,0.131,13.028859,80.226648,2,0
102479336,main,tertiary,1,0.254,13.023194,80.252824,3,0
241009504,main,secondary,1,0.169,13.078557,80.256596,5,0
24483924,street_limited,living_street,1,0.243,13.072954,80.265103,5,0
208824096,street,residential,1,0.264,12.881978,80.227941,5,0
207135920,street,residential,1,0.053,13.031253,80.182141,2,0
30077672,main,secondary,1,1.369,13.115551,80.186889,16,0
384339456,street,unclassified,1,0.066,12.926366,80.097653,2,0
32335762,street,residential,1,0.09,13.027613,80.200845,2,0
27470620,street,residential,1,0.109,13.058357,80.210601,4,0
27347386,street,residential,1,0.114,13.051956,80.199854,2,0
164828624,minor_rail,rail,1,1.561,12.968101,80.225649,17,0
214180592,street_limited,living_street,1,0.065,13.02626,80.217932,2,0
335960128,street_limited,living_street,1,0.065,13.125469,80.266965,2,0
27343408,street,unclassified,1,0.34,12.990936,80.21376,5,0
264253184,street,residential,1,0.102,12.997723,80.254083,2,0
32575512,street,residential,1,0.126,13.029799,80.208343,2,0
31956956,street,unclassified,1,0.075,13.070061,80.197483,2,0
379587328,street,residential,1,0.259,12.902664,80.216017,2,0
214711584,service,service,1,0.239,13.074074,80.263483,9,0
46763972,street,residential,1,0.241,12.943612,80.14795,5,0
218212368,street,residential,1,0.073,13.127861,80.261143,2,0
30623008,main,tertiary,1,0.619,13.028422,80.153866,12,0
32426916,street,unclassified,1,0.032,13.016454,80.19029,2,0
30610146,street,unclassified,1,0.1,12.983137,80.240331,4,0
102663602,main,tertiary,1,1.266,13.168921,80.261227,14,2
29197062,street,residential,1,0.191,13.020808,80.148662,2,0
30312946,street,unclassified,1,0.121,12.976232,80.260814,2,0
34143872,street,unclassified,1,0.219,13.059873,80.186223,3,0
240495824,street_limited,living_street,1,0.26,13.052214,80.259996,3,0
27189972,street,residential,1,0.388,13.04182,80.220148,5,0
30622156,street,unclassified,1,0.175,13.035719,80.160783,3,0
23892268,minor_rail,rail,1,0.331,13.096068,80.273412,5,0
26969696,street,residential,1,0.153,13.083452,80.202318,3,0
384290112,street,unclassified,1,0.269,12.92661,80.098287,2,0
208934896,street,residential,1,0.123,12.986776,80.142616,3,0
31240972,service,service,1,0.173,12.93974,80.127276,2,0
47497728,street_limited,living_street,1,0.068,13.05564,80.279965,2,0
27201936,street,residential,1,0.291,13.037201,80.21769,4,0
132065328,street,unclassified,1,0.184,12.950314,80.24828,3,0
48753856,street_limited,living_street,1,0.169,13.090012,80.229602,3,0
189493184,street,residential,1,0.149,13.03983,80.238106,3,0
384430400,street,road,1,0.205,13.106648,80.148941,7,0
102577592,main,tertiary,1,0.209,13.037079,80.05049,4,-1
23163952,street,residential,1,0.322,13.042884,80.230591,4,0
322022656,street,residential,1,0.104,12.94629,80.182898,2,0
31242502,main,tertiary,1,0.837,12.998214,80.116741,12,0
208934992,street,residential,1,0.177,12.975181,80.142507,4,0
29047572,street,residential,1,0.056,12.990305,80.266192,2,0
206644112,street,unclassified,1,0.258,12.987264,80.25006,3,0
27320194,street,residential,1,0.099,12.972569,80.212854,3,0
26482338,main,tertiary,1,0.362,13.131268,80.247516,5,0
207149440,street,unclassified,1,0.055,13.099873,80.192619,2,0
23163894,street,residential,1,0.126,13.029266,80.226731,4,0
208160240,street,residential,1,0.931,12.917115,80.081788,13,0
23092116,main,secondary,1,0.39,12.945587,80.137827,9,0
30597424,street,residential,1,0.578,12.96473,80.202719,7,0
28903436,main,secondary,1,0.387,13.08615,80.28889,9,0
27347544,street,unclassified,1,0.282,13.048314,80.189881,7,0
131889968,main,primary,1,0.499,12.959904,80.25585,7,0
206815868,street_limited,living_street,1,0.074,13.075776,80.224589,2,0
30124204,street_limited,living_street,1,0.261,13.073352,80.217023,7,0
218162624,street_limited,living_street,1,0.181,12.978417,80.260433,3,0
34251736,street,unclassified,1,0.098,13.035765,80.184307,2,0
206827264,service,service,1,0.079,13.01579,80.178395,2,0
206836560,street,residential,1,0.176,13.031007,80.175618,3,0
23163936,street,residential,1,0.413,13.039262,80.228912,6,0
24256799,street_limited,living_street,1,0.084,13.097072,80.288944,2,0
47474032,street_limited,living_street,1,0.177,13.049009,80.276212,7,0
46765836,street,unclassified,1,0.094,13.038855,80.123066,3,0
240494416,street,unclassified,1,0.157,13.071493,80.252116,2,0
23186312,street,residential,1,0.021,13.058001,80.238267,2,0
206649504,street_limited,living_street,1,0.296,13.123936,80.257901,5,0
27642524,street,residential,1,0.07,13.03776,80.259806,2,0
96944712,main,secondary,1,1.169,13.067805,80.129096,9,0
27342788,street_limited,living_street,1,0.284,12.993932,80.211561,4,0
214599088,street_limited,unclassified,1,1.038,13.008875,80.226208,12,0
206819136,street_limited,living_street,1,0.388,13.013075,80.224792,6,0
27646272,street,residential,1,0.566,13.073174,80.209323,12,0
34134696,street,unclassified,1,0.117,13.052623,80.187478,2,0
27370368,street,unclassified,1,0.352,12.963814,80.205877,8,0
27370004,street_limited,living_street,1,0.105,12.998123,80.200059,2,0
207258220,street,residential,1,0.077,13.080388,80.187232,4,0
27189916,street_limited,living_street,1,0.045,13.044702,80.222197,2,0
384311360,street,unclassified,1,0.126,12.949065,80.19945,2,0
27786584,main,primary,1,1.335,13.040419,80.172845,15,0
32254036,main,tertiary,1,0.249,12.92766,80.100737,5,0
208810544,street,residential,1,0.173,12.890494,80.190471,3,0
24338764,street,residential,1,0.321,13.027042,80.269348,7,0
32426918,street,unclassified,1,0.026,13.016579,80.190438,2,0
208174912,street,residential,1,0.119,12.922796,80.090642,4,0
213357584,street,residential,1,0.071,12.961525,80.196721,2,0
217753840,street_limited,living_street,1,0.221,13.05767,80.21456,3,0
27312308,street_limited,living_street,1,0.286,12.999799,80.264025,5,0
385099200,street,unclassified,1,0.059,12.858053,80.080763,2,0
29047592,street,unclassified,1,0.117,12.985107,80.261446,2,0
319667424,street,residential,1,0.066,12.933542,80.130764,2,0
27470640,street_limited,living_street,1,0.069,13.055384,80.202207,2,0
27567374,street,unclassified,1,0.555,13.054299,80.192177,7,0
102470560,main,primary,1,1.157,12.944512,80.238105,10,0
206653760,street,residential,1,0.097,12.978294,80.198261,2,0
208187488,street,residential,1,0.559,12.933527,80.141597,7,0
102460472,street,residential,1,1.376,13.073137,80.163921,20,0
203214368,street,residential,1,0.278,12.941594,80.201023,3,0
27432596,street,unclassified,1,0.143,13.040503,80.211709,3,0
23019250,main,secondary,1,0.612,13.054947,80.273873,11,0
217848752,main,primary,1,0.735,13.07637,80.286803,13,0
28071748,main,primary,1,0.09,13.007369,80.202007,4,0
208168512,street,residential,1,0.27,12.90905,80.089849,4,0
32724304,street,unclassified,1,0.129,12.96968,80.14872,2,0
125206040,street,unclassified,1,0.23,13.128779,80.277922,6,0
26465026,street,residential,1,0.084,13.12554,80.249892,2,0
22976712,street,unclassified,1,0.446,13.049504,80.242576,4,0
28305018,street,residential,1,0.108,12.979505,80.189515,2,0
194466512,street,residential,1,0.82,12.910274,80.194577,16,0
384986848,street,unclassified,1,0.094,12.987133,80.114631,3,0
132510304,service,service,1,0.338,12.978756,80.240565,4,0
214172304,service,service,1,0.173,13.025236,80.225429,4,0
217722048,street_limited,living_street,1,0.06,13.095221,80.258706,2,0
102553840,main,primary,1,0.677,13.152392,80.223461,3,-1
34019452,street,residential,1,0.261,13.039822,80.202742,4,0
30622136,street,unclassified,1,0.087,13.030591,80.158587,2,0
46832432,street,residential,1,0.168,12.930542,80.131312,2,0
207267760,service,service,1,0.044,13.09843,80.238878,2,0
34251804,street,unclassified,1,0.103,13.03598,80.181243,2,0
28342804,main,secondary,1,0.128,13.109048,80.259887,3,0
213357584,street,residential,1,0.076,12.960094,80.200704,3,0
48115224,main,tertiary,1,0.436,13.099054,80.247396,6,0
183386144,main,primary,1,0.981,12.919728,80.171949,7,0
46765832,street,unclassified,1,0.082,13.03812,80.123479,2,0
23941144,street_limited,living_street,1,0.119,13.058855,80.267935,3,0
30247206,street,unclassified,1,0.418,13.083868,80.256714,7,0
219391440,street,residential,1,0.881,12.945274,80.215597,12,0
214068960,street,residential,1,0.275,12.950842,80.159526,6,0
27192044,street,residential,1,0.188,13.051191,80.229177,2,0
27630180,street,residential,1,0.087,12.951157,80.183398,3,0
364383360,main,tertiary,1,0.452,13.051872,80.189257,9,0
207149440,street,unclassified,1,0.109,13.097204,80.203013,3,0
218240176,street_limited,living_street,1,0.073,13.031249,80.203346,2,0
313544480,street,unclassified,1,1.312,12.944649,80.085847,3,0
32938726,street,unclassified,1,0.566,12.942859,80.257429,5,0
207139312,street,unclassified,1,0.265,13.027533,80.21314,5,0
30746908,main,tertiary,1,1.353,12.945978,80.153113,16,0
208174944,street,residential,1,0.164,12.924829,80.103606,2,0
33622432,street_limited,living_street,1,0.167,13.084941,80.251117,4,0
288775648,street,residential,1,0.276,13.019357,80.159054,5,0
30606828,street_limited,living_street,1,0.142,12.994163,80.215341,3,0
29046392,street,unclassified,1,0.408,12.989788,80.25189,7,0
30604286,street,residential,1,0.236,12.969815,80.223015,3,0
240461920,street_limited,living_street,1,0.068,13.050729,80.262771,2,0
217870928,street_limited,living_street,1,0.028,13.111531,80.278573,2,0
384290624,street,unclassified,1,0.046,12.92537,80.098124,2,0
27434892,street_limited,living_street,1,0.211,13.042362,80.197276,5,0
27201920,street,residential,1,0.036,13.037496,80.219933,2,0
30609134,street,unclassified,1,0.308,12.979311,80.232249,7,0
206654144,street,residential,1,0.736,13.042422,80.207017,13,0
23804008,minor_rail,rail,1,0.591,13.107648,80.227013,6,0
194606240,street,unclassified,1,0.63,12.921886,80.192204,14,0
30833728,street,unclassified,1,0.129,13.038391,80.177821,2,0
31336580,street,unclassified,1,0.024,13.000205,80.190864,2,0
184913312,street,unclassified,1,0.446,13.055823,80.223694,4,0
194429184,street,residential,1,0.381,12.914284,80.171646,7,0
27319596,street,residential,1,0.586,12.978441,80.213107,7,0
208378352,street,residential,1,0.065,12.931269,80.211842,2,0
23164038,street,residential,1,0.299,13.048004,80.234523,3,0
27342776,street,residential,1,0.136,12.994657,80.207707,2,0
346285824,main,trunk,1,0.044,13.098011,80.251317,2,0
23030628,street_limited,living_street,1,0.194,13.072136,80.264785,5,0
30337592,street,unclassified,1,0.093,12.97814,80.256715,2,0
155204896,service,service,1,0.396,12.987961,80.24554,4,0
194581344,street,residential,1,0.252,12.910646,80.18823,4,0
179311248,street,residential,1,0.229,12.93752,80.186181,6,0
34618000,main,primary,1,0.495,13.066584,80.112579,3,0
183947376,street,residential,1,0.185,12.958401,80.252211,3,0
30312528,street,unclassified,1,0.094,12.976807,80.254386,2,0
34231624,street,unclassified,1,0.228,13.049544,80.168286,2,0
209549888,main,primary,1,0.16,12.972,80.219317,3,0
240498080,main,secondary,1,0.255,13.054158,80.261048,3,0
30921448,minor_rail,rail,1,0.286,13.098886,80.199092,2,0
385029632,street,unclassified,1,0.162,12.956038,80.184436,4,0
34254408,street_limited,living_street,1,0.087,13.032571,80.20041,2,0
31987104,street,unclassified,1,0.039,12.82252,80.219383,2,5
27503644,street_limited,living_street,1,0.104,13.04984,80.250514,4,0
206649488,street,residential,1,0.334,13.120966,80.256043,4,0
131961808,street,unclassified,1,0.126,12.967474,80.255664,4,0
30077688,main,tertiary,1,0.371,13.110367,80.180418,4,0
384375040,street,unclassified,1,0.109,12.917827,80.12863,2,0
27354984,street,residential,1,0.287,12.980602,80.22641,8,0
133599504,main,secondary,1,0.72,13.130227,80.291355,9,0
32424948,street_limited,living_street,1,0.085,13.021907,80.203637,2,0
209562048,main,secondary,1,0.166,13.080286,80.265181,4,0
27442688,street,unclassified,1,0.212,12.950383,80.183938,4,0
208170752,street,residential,1,0.303,12.928251,80.09833,2,0
95641240,main,trunk,1,0.572,12.942655,80.133331,4,0
312880576,main,tertiary,1,0.982,12.943085,80.203094,14,0
183979600,street,unclassified,1,0.892,12.959078,80.237196,15,0
28571972,street,residential,1,0.125,12.973215,80.21903,3,0
23092116,main,trunk,1,0.516,12.922594,80.113731,4,0
133593216,main,primary,1,1.276,12.922922,80.15009,6,0
32938800,street,unclassified,1,0.177,12.941584,80.257143,3,0
102484440,main,secondary,1,1.003,13.084431,80.179809,14,0
26807462,main,tertiary,1,1.108,13.074116,80.07264,5,-1
84086840,main,tertiary,1,0.321,12.886287,80.011688,4,-1
217674880,street_limited,living_street,1,0.087,13.104519,80.278321,2,0
34140580,street,unclassified,1,0.321,13.049794,80.177031,6,0
35013960,street,unclassified,1,0.016,13.019582,80.245771,2,0
46821264,street,unclassified,1,0.175,12.946743,80.133154,2,0
30336404,street_limited,living_street,1,0.068,12.975807,80.261727,2,0
30623562,street,unclassified,1,0.175,13.044563,80.160124,3,0
98357552,street,road,1,0.074,12.861772,80.078348,3,0
28163154,street,residential,1,0.16,13.079963,80.23537,4,0
207258272,street,residential,1,0.229,13.09097,80.18888,3,0
23164093,street,residential,1,0.217,13.057489,80.235889,2,0
46780548,street,unclassified,1,0.251,12.965993,80.139288,4,0
208935072,street,residential,1,0.389,12.977774,80.128429,7,0
26482376,street,unclassified,1,0.367,13.14166,80.252567,3,0
187026016,street,unclassified,1,0.17,13.089347,80.172483,2,0
34016644,street_limited,living_street,1,0.052,13.042291,80.201392,2,0
42705144,street,residential,1,0.25,13.024604,80.17049,3,0
27369336,street,unclassified,1,0.537,12.990219,80.248203,2,0
102663608,main,tertiary,1,0.463,13.168304,80.260182,2,2
23930012,main,primary,1,0.254,13.043634,80.268284,4,0
208812496,street,residential,1,0.136,12.934398,80.232038,2,0
207149472,street_limited,living_street,1,0.371,13.094994,80.206126,3,0
27320014,street,residential,1,0.132,12.97726,80.200613,2,0
206836576,street,residential,1,0.171,13.031778,80.174186,4,0
27354128,street,unclassified,1,0.116,12.982793,80.210834,2,0
203490048,street,unclassified,1,0.061,12.971144,80.186261,2,0
134176144,street,unclassified,1,0.094,13.0629,80.228037,2,0
64384024,main,tertiary,1,0.269,12.790111,80.034392,4,4
149098304,street,residential,1,0.139,13.119843,80.154499,8,0
27320100,street,residential,1,0.333,12.968791,80.205514,7,0
183386144,main,primary,1,0.583,12.917479,80.191133,12,0
354345632,street,residential,1,0.134,12.981373,80.188998,3,0
274724544,main,tertiary,1,0.278,13.053352,80.220254,4,0
151247568,street,residential,1,0.398,12.974513,80.226228,5,0
206658400,street,residential,1,0.173,12.977078,80.20915,8,0
34135064,street,unclassified,1,0.089,13.046254,80.183169,2,0
27454242,street,residential,1,0.081,13.057672,80.203193,2,0
208934832,street,residential,1,0.079,12.972777,80.13965,2,0
127383808,street_limited,living_street,1,0.091,13.020763,80.251147,3,0
29047042,street_limited,living_street,1,0.182,12.994412,80.270617,5,0
378400832,street,residential,1,0.464,12.943423,80.234292,12,0
130792424,street,unclassified,1,0.139,13.042669,80.211634,2,0
208187504,street,residential,1,0.512,12.933739,80.14248,6,0
122063600,street,residential,1,0.301,13.03926,80.171443,6,0
207149504,street_limited,living_street,1,0.147,13.095887,80.205116,2,0
213364176,street,residential,1,0.1,12.968166,80.200884,2,0
82874919,main,primary,1,1.291,12.953861,80.162002,4,0
28529808,service,track,1,0.246,12.971655,80.179069,8,0
28493864,street,residential,1,0.28,13.04151,80.185238,2,0
47997856,street,unclassified,1,0.556,13.087986,80.265868,6,0
232404736,street,residential,1,0.068,12.95387,80.199849,2,0
371968896,street,residential,1,0.178,12.937881,80.215121,4,0
30282014,street,unclassified,1,0.047,12.974332,80.262021,2,0
225252416,street,residential,1,0.127,12.950651,80.235133,3,0
24338820,street_limited,living_street,1,0.148,13.023922,80.260112,4,0
30596872,street,unclassified,1,0.4,12.972784,80.198719,5,0
27649996,street,residential,1,0.062,12.963715,80.151126,2,0
34133904,street,unclassified,1,0.066,13.048085,80.194699,2,0
27433076,street_limited,living_street,1,0.117,13.043782,80.209806,4,0
29046748,street,unclassified,1,0.142,12.993297,80.259152,2,0
30136582,street,unclassified,1,0.733,13.048519,80.099415,13,0
27192380,street_limited,living_street,1,0.178,13.052208,80.222973,3,0
369718304,street,unclassified,1,0.524,13.029343,80.160809,7,0
112687984,street_limited,living_street,1,0.143,13.061562,80.254908,3,0
25466660,main,tertiary,1,0.298,13.049596,80.190681,7,0
28903357,service,service,1,0.887,13.092251,80.301349,4,0
206836512,street,residential,1,0.351,13.028068,80.17993,9,0
22977600,main,tertiary,1,0.771,13.06023,80.271157,15,0
179310000,street,residential,1,0.147,12.938915,80.190613,4,0
26970004,street,unclassified,1,0.785,13.092557,80.197417,8,0
34251712,street,unclassified,1,0.057,13.036622,80.186373,3,0
27630122,street,residential,1,0.276,12.954177,80.195852,3,0
27170968,street,residential,1,0.127,13.034558,80.253131,3,0
23306320,street,unclassified,1,0.508,13.077557,80.216556,20,0
206807744,street,residential,1,0.18,12.975822,80.227155,4,0
26607756,main,tertiary,1,0.118,13.060073,80.221806,4,0
208168464,street,residential,1,0.094,12.909742,80.090232,3,0
208187376,street,residential,1,0.269,12.917859,80.130544,4,0
27274050,street,residential,1,0.241,12.983829,80.206099,4,0
30623004,street,unclassified,1,0.516,13.023153,80.153052,6,0
23962578,street_limited,living_street,1,0.202,13.049049,80.268866,5,0
27630134,street,unclassified,1,0.151,12.957587,80.18803,4,0
27346880,street_limited,living_street,1,0.296,13.04305,80.214165,9,0
28571978,street,residential,1,0.309,12.9742,80.215127,4,0
384538983,street,unclassified,1,0.072,12.896535,80.067378,2,0
371337632,street,unclassified,1,0.013,12.969842,80.146036,5,0
211634896,street_limited,living_street,1,0.158,13.032536,80.24008,3,0
207272736,street,residential,1,0.149,13.08127,80.240428,4,0
30623584,street,unclassified,1,0.197,13.043516,80.163675,6,0
30923520,street,unclassified,1,0.549,13.085877,80.237613,7,0
24375480,street,residential,1,0.081,13.068974,80.236812,2,0
31264866,street,unclassified,1,0.569,13.105443,80.132843,4,0
203490048,street,unclassified,1,0.069,12.976528,80.185558,2,0
214599104,street,residential,1,0.109,13.049637,80.229528,2,0
23953280,street_limited,living_street,1,0.195,13.050884,80.261609,2,0
34139704,street,unclassified,1,0.131,13.047648,80.180031,5,0
27346874,street_limited,living_street,1,0.138,13.041227,80.214109,2,0
207258240,street,residential,1,0.137,13.090503,80.187744,4,0
206634192,street,unclassified,1,0.081,12.96129,80.214555,3,0
27189996,street_limited,living_street,1,0.53,13.033344,80.225829,7,0
241027984,main,secondary,1,0.373,13.074102,80.259654,7,0
207260592,street_limited,living_street,1,0.206,13.074444,80.207759,6,0
27346892,street_limited,living_street,1,0.192,13.043954,80.216004,4,0
163384416,street,residential,1,0.345,13.012246,80.164382,13,0
309914144,street,residential,1,0.102,13.033799,80.133962,3,0
27342788,street_limited,living_street,1,0.357,12.994245,80.210752,2,0
182319248,street,unclassified,1,0.233,12.986811,80.186786,8,0
34020992,street_limited,living_street,1,0.073,13.040335,80.195623,2,0
189501136,street,residential,1,0.274,13.041849,80.239229,3,0
181133776,street_limited,living_street,1,0.086,13.047535,80.257879,5,0
158076064,street,unclassified,1,0.394,13.019983,80.270994,5,0
32575440,street,residential,1,0.14,13.029788,80.201792,2,0
46765836,street,unclassified,1,0.206,13.038516,80.123968,4,0
298794080,street,residential,1,0.218,12.925925,80.132281,3,0
208934752,street,residential,1,0.604,12.970741,80.13706,13,0
207444160,street,residential,1,0.089,13.132166,80.243213,2,0
25466488,street,unclassified,1,0.228,13.034254,80.219662,4,0
312877984,street_limited,pedestrian,1,0.056,12.986428,80.19408,2,0
24375504,street,residential,1,0.209,13.054775,80.243634,4,0
217870928,street_limited,living_street,1,0.075,13.112739,80.278715,2,0
34143856,street,unclassified,1,0.348,13.060113,80.191987,3,0
32391058,street,residential,1,0.169,13.045142,80.269945,2,0
30625164,street,unclassified,1,0.354,13.075392,80.182704,3,0
31748486,service,service,1,0.06,13.086133,80.187893,2,0
34254408,street_limited,living_street,1,0.214,13.033281,80.200955,3,0
23839272,street_limited,living_street,1,0.143,13.038493,80.248201,3,0
24256780,street_limited,living_street,1,0.341,13.098554,80.287914,5,0
30977316,street_limited,living_street,1,0.145,13.097041,80.253553,2,0
184730848,street,residential,1,0.293,13.076719,80.179144,4,0
206808144,service,service,1,0.308,13.017939,80.168931,4,0
206819088,street,unclassified,1,0.096,12.977231,80.256945,4,0
68525928,street,residential,1,0.189,13.054033,80.209323,8,0
35015800,service,service,1,0.075,13.011924,80.243292,3,0
305118304,street_limited,residential,1,0.183,12.91876,80.199428,4,0
102470560,main,primary,1,0.127,12.923987,80.230651,2,0
206827248,street,residential,1,0.084,13.017853,80.177445,2,0
325034400,street,residential,1,0.139,12.947019,80.245684,2,0
206651600,street,residential,1,0.06,13.046007,80.186447,2,0
48133620,street_limited,living_street,1,0.295,13.09913,80.249743,4,0
31726928,path,footway,1,0.112,13.065267,80.285564,5,0
371971648,street,residential,1,0.129,12.938565,80.21078,2,0
30623566,street,unclassified,1,0.139,13.045529,80.160308,3,0
25689682,street,unclassified,1,0.487,12.992257,80.187298,5,0
23632866,street,unclassified,1,0.573,13.050193,80.162916,12,0
183979552,street_limited,living_street,1,0.256,12.96882,80.231658,3,0
26776752,street,unclassified,1,0.247,13.114004,80.221888,5,0
211531264,street,residential,1,0.148,13.028631,80.265559,2,0
30596876,street,unclassified,1,0.248,12.973662,80.198683,6,0
355766176,street,residential,1,0.243,12.93883,80.1816,4,0
194788992,street,residential,1,0.162,12.898767,80.206968,8,0
30596868,street,unclassified,1,0.211,12.970032,80.206419,4,0
24775614,street,unclassified,1,0.15,13.023861,80.243689,4,0
208160240,street,residential,1,0.187,12.909625,80.080535,2,0
24375524,street,unclassified,1,0.17,13.056961,80.243488,5,0
27359930,street,residential,1,0.269,12.988125,80.193997,3,0
34234916,street,unclassified,1,0.104,13.043865,80.178385,3,0
98358048,street,road,1,0.316,12.867008,80.063825,3,0
0,street,residential,1,0.182,12.981396,80.224517,2,0
207258144,street,residential,1,0.06,13.096232,80.192382,2,0
30623548,street,unclassified,1,0.203,13.04166,80.157782,2,0
31608300,,taxiway,1,0.065,12.987205,80.167305,2,0
24775518,street,unclassified,1,0.175,13.018811,80.245256,3,0
189504880,street,residential,1,0.123,13.041179,80.238363,3,0
30119312,main,secondary,1,0.799,12.939438,80.08788,4,0
335965856,street_limited,living_street,1,0.041,13.021962,80.22064,2,0
179388720,street,unclassified,1,0.224,12.943971,80.198245,5,0
23761076,street,unclassified,1,0.596,12.995859,80.25348,7,0
30623552,street,unclassified,1,0.046,13.040348,80.158338,2,0
23163914,street_limited,living_street,1,0.24,13.033394,80.227952,4,0
122063600,street,unclassified,1,0.078,13.036151,80.167275,3,0
207880528,street,residential,1,0.146,12.797974,80.028077,3,4
232405504,street,residential,1,0.03,12.976854,80.210216,2,0
220575648,main,secondary,1,0.19,13.010858,80.217676,9,0
34139712,street,unclassified,1,0.253,13.051287,80.180063,6,0
30609144,street,unclassified,1,0.314,12.979643,80.229578,3,0
24256752,street_limited,living_street,1,0.071,13.093974,80.291106,2,0
383857984,main,tertiary,1,0.38,12.923677,80.092891,5,0
34246384,street,unclassified,1,0.264,13.052541,80.17083,8,0
27360702,street,residential,1,0.323,12.983921,80.184313,3,0
23135468,street,residential,1,0.147,13.026459,80.254239,3,0
27432320,street_limited,living_street,1,0.287,13.041193,80.207202,7,0
189488976,street,unclassified,1,1.415,12.910671,80.219981,13,0
384290656,street,unclassified,1,0.18,12.924045,80.097496,5,0
30663136,street,residential,1,0.221,13.034274,80.252519,5,0
219390032,street,residential,1,0.104,12.945461,80.204657,3,0
24338820,street_limited,living_street,1,0.103,13.023511,80.260184,4,0
28493866,street,residential,1,0.157,13.042444,80.185654,2,0
183979552,street_limited,living_street,1,0.189,12.97458,80.237047,3,0
31256576,major_rail,rail,1,1.261,13.118391,80.084821,3,0
25460426,street,unclassified,1,0.653,13.028541,80.186719,10,0
28564320,street,residential,1,0.191,12.997422,80.258525,2,0
27505288,street,residential,1,0.146,13.04217,80.265119,5,0
208812512,street,residential,1,0.162,12.93058,80.229907,3,0
30610632,street,unclassified,1,0.087,12.983372,80.210312,2,0
207144064,street_limited,living_street,1,0.111,13.123254,80.267323,3,0
206819120,service,track,1,0.079,13.015331,80.230402,3,0
26394466,street_limited,living_street,1,0.221,13.113419,80.279195,5,0
206653792,street,residential,1,0.145,12.977847,80.191264,3,0
27434892,street_limited,living_street,1,0.211,13.042362,80.197276,5,0
164454784,street,residential,1,0.053,12.962178,80.194797,2,0
208175008,street,residential,1,0.471,12.924035,80.104317,9,0
208361168,street,residential,1,0.032,12.914907,80.156279,2,0
24338760,street_limited,living_street,1,0.088,13.028851,80.267957,2,0
25392296,street,unclassified,1,0.326,13.112871,80.166285,2,0
27344680,street,residential,1,0.18,12.976249,80.210942,3,0
155486368,street,trunk_link,1,0.119,12.890651,80.084685,3,0
28682392,main,primary,1,0.247,13.035555,80.212159,7,0
158081456,,taxiway,1,0.298,13.005539,80.155975,5,0
98639480,street,unclassified,1,0.034,12.977086,80.229313,2,0
208934944,street,residential,1,0.089,12.977779,80.128105,3,0
32017324,main,tertiary,1,1.43,13.235033,80.120616,12,-1
122063536,street,residential,1,0.03,13.039258,80.170095,2,0
219391440,street,residential,1,0.333,12.943445,80.209948,5,0
32424956,street_limited,living_street,1,0.1,13.019546,80.205552,3,0
130792424,street,unclassified,1,0.173,13.042646,80.210575,2,0
25562280,street,residential,1,0.187,12.971207,80.189969,2,0
27319408,street,residential,1,0.26,12.966385,80.210194,2,0
206657760,street,residential,1,0.34,13.041148,80.220387,6,0
29197274,street,residential,1,0.235,13.016878,80.149009,3,0
207260560,street_limited,living_street,1,0.098,13.076567,80.207221,2,0
208832384,street,residential,1,0.177,12.93802,80.132329,3,0
208366016,street,residential,1,0.174,12.909415,80.148226,3,0
194429392,street,residential,1,0.128,12.915198,80.172995,4,0
34140488,street,unclassified,1,0.166,13.053995,80.180561,2,0
27346916,main,tertiary,1,0.339,13.050353,80.2075,4,0
312878624,path,steps,1,0.014,12.990528,80.188298,2,0
340016352,street,residential,1,0.069,13.081747,80.184318,3,0
26464924,street_limited,living_street,1,0.106,13.124308,80.254826,2,0
30622220,street,unclassified,1,0.077,13.036491,80.15661,2,0
34135056,street,unclassified,1,0.145,13.049191,80.183178,3,0
24161894,major_rail,rail,1,0.097,12.84818,79.705689,3,-1
30852848,street,unclassified,1,0.057,13.08494,80.233949,2,0
30317774,street,unclassified,1,0.142,12.990436,80.260353,3,0
27346896,street,unclassified,1,0.312,13.048843,80.212917,5,0
33622828,street_limited,living_street,1,0.075,13.083189,80.254187,2,0
34135040,street,unclassified,1,0.678,13.050857,80.185605,10,0
33876080,street_limited,living_street,1,0.101,13.071446,80.215135,2,0
208378400,street,residential,1,0.081,12.934713,80.21,2,0
237621840,main,primary,1,0.029,13.085783,80.250322,3,0
325034400,street,residential,1,0.177,12.947892,80.241308,5,0
208187488,street,residential,1,0.445,12.919163,80.138467,6,0
27347368,main,secondary,1,0.278,13.053078,80.198299,3,0
33876100,street,unclassified,1,0.087,13.068351,80.213874,3,0
214188208,street_limited,living_street,1,0.289,13.018402,80.224248,6,0
189493184,street,residential,1,0.288,13.039128,80.236488,4,0
190390288,street,residential,1,0.326,13.013877,80.181351,8,0
23961564,main,secondary,1,1.011,13.048419,80.261978,15,0
26465040,street,residential,1,0.119,13.128284,80.255966,2,0
30303188,main,secondary,1,0.287,13.046196,80.239786,7,0
206836560,street,residential,1,0.059,13.032381,80.173462,3,0
30348394,street_limited,living_street,1,0.234,13.010652,80.258286,9,0
26550108,main,secondary,1,0.202,13.094884,80.199591,4,0
27110140,main,tertiary,1,0.762,12.977307,80.12769,8,0
24831592,street,unclassified,1,0.125,13.019265,80.229699,2,0
131961792,street,road,1,0.069,12.964659,80.254131,2,0
206813904,street,unclassified,1,0.019,12.989092,80.269341,2,0
34570584,main,secondary,1,0.435,13.083143,80.187728,8,0
112621600,street_limited,living_street,1,0.196,13.051731,80.265389,4,0
159000624,main,tertiary,1,0.38,12.939747,80.171214,11,0
27593176,street,residential,1,0.107,13.037389,80.257699,2,0
30623644,street,unclassified,1,0.177,13.050358,80.165524,3,0
23901312,main,tertiary,1,0.376,13.050431,80.274895,7,0
23761080,street,unclassified,1,0.45,13.005239,80.264112,6,0
26518804,main,tertiary,1,0.897,13.136625,80.190669,9,3
46764632,street,unclassified,1,0.19,13.044998,80.136084,3,0
214698592,path,footway,1,0.145,13.077565,80.275143,3,0
208935008,street,residential,1,0.171,12.975634,80.12264,5,0
34050704,main,primary,1,0.155,13.036434,80.200713,2,0
361730144,main,secondary,1,0.14,12.993527,80.20074,6,0
206819136,street,residential,1,0.274,13.020659,80.229082,5,0
206836560,street,residential,1,0.186,13.030795,80.172223,3,0
30343698,street,unclassified,1,0.442,12.991355,80.269101,6,0
132191984,main,secondary,1,0.79,12.978609,80.243557,8,0
24375428,street_limited,living_street,1,0.081,13.061199,80.243491,2,0
206637728,street,residential,1,0.253,12.967333,80.213837,3,0
34621944,main,tertiary,1,0.268,13.136861,80.207223,2,3
181313760,street,unclassified,1,0.403,13.107895,80.1654,2,0
34143484,street,residential,1,0.367,13.063767,80.192296,4,0
208808736,street,residential,1,0.248,12.908963,80.198728,7,0
102543056,main,primary,1,0.419,13.111114,80.278309,19,0
35070128,street,unclassified,1,0.157,13.048102,80.196605,2,0
66982152,street,residential,1,0.459,12.920309,80.096245,7,0
384380352,street,residential,1,0.106,12.89707,80.221868,2,0
30606820,street,residential,1,0.172,12.986353,80.209939,4,0
132454880,street,unclassified,1,0.446,12.963085,80.252925,6,0
26748552,street_limited,living_street,1,0.148,13.06872,80.231198,5,0
25460328,main,tertiary,1,0.718,13.031009,80.205771,10,0
32545042,main,primary,1,0.623,13.006878,80.221146,3,0
208359360,street,residential,1,0.304,12.927094,80.139781,6,0
24831596,street,unclassified,1,0.041,13.019689,80.22853,2,0
27344908,street,unclassified,1,0.083,12.995912,80.212554,2,0
132454864,street,unclassified,1,0.082,12.964778,80.253837,2,0
28563218,street,residential,1,0.124,13.005183,80.258399,2,0
213364208,street,residential,1,0.159,12.980018,80.220571,4,0
27319920,street,residential,1,0.091,12.972225,80.218118,3,0
48742008,street,residential,1,0.205,13.094878,80.216465,4,0
208935056,street,residential,1,0.426,12.97978,80.13881,6,0
378400832,street,residential,1,0.372,12.941951,80.233961,5,0
27442452,street_limited,living_street,1,0.23,13.022294,80.215263,2,0
206836512,street,residential,1,0.592,13.029343,80.174689,8,0
213368944,street_limited,living_street,1,0.36,12.976783,80.235792,3,0
30623544,street,unclassified,1,0.129,13.042026,80.158697,2,0
55556408,street_limited,pedestrian,1,0.434,12.985248,80.253063,3,0
23467818,minor_rail,rail,1,0.688,13.096066,80.270406,10,0
32858204,path,footway,1,0.08,13.073235,80.272683,2,0
194472624,street,residential,1,0.1,12.906249,80.194381,2,0
32614100,street,residential,1,0.122,13.024962,80.202194,3,0
25390744,main,tertiary,1,1.523,13.105866,80.127845,13,0
25562376,street,residential,1,0.224,12.982007,80.187255,3,0
27344948,street,unclassified,1,0.133,12.997115,80.209455,2,0
27643178,street_limited,living_street,1,0.149,13.030781,80.26119,5,0
207139296,street,residential,1,0.114,13.025499,80.214917,3,0
84525992,street,residential,1,0.221,12.964874,80.12661,3,0
217978752,minor_rail,rail,1,0.226,13.084093,80.294426,2,0
25594772,street,residential,1,0.284,12.98046,80.181619,3,0
30833172,street,unclassified,1,0.29,13.046948,80.188581,3,0
206827248,street,residential,1,0.029,13.018425,80.175386,2,0
27442690,street,unclassified,1,0.166,12.950646,80.180991,3,0
208361216,street,residential,1,0.245,12.919475,80.155268,4,0
189488688,street,unclassified,1,0.535,12.904345,80.230844,12,0
28493556,main,tertiary,1,0.168,13.051131,80.182859,5,0
112716592,street,unclassified,1,0.712,13.074565,80.239736,12,0
184913328,street,residential,1,0.133,13.053084,80.226237,3,0
34144672,main,tertiary,1,0.505,13.065337,80.188396,6,0
28493512,street,unclassified,1,0.335,13.048436,80.179508,6,0
27454274,street,unclassified,1,0.153,13.057646,80.206494,4,0
27470674,street,unclassified,1,0.177,13.053643,80.202496,4,0
102547872,main,primary,1,0.436,13.063488,80.211438,7,0
30622992,street,unclassified,1,0.211,13.026382,80.152851,2,0
0,street,residential,1,0.183,12.904584,80.14673,2,0
35457676,main,tertiary,1,0.479,12.937789,80.242384,6,0
219390032,street_limited,living_street,1,0.14,12.942802,80.205669,5,0
215569984,main,secondary,1,1.035,13.031857,80.216989,19,0
149098272,street,residential,1,0.233,13.120344,80.154471,11,0
208934960,street,residential,1,0.123,12.974338,80.142386,4,0
30336086,street,unclassified,1,0.09,12.976851,80.263894,2,0
346388960,street,residential,1,0.14,12.954353,80.174241,2,0
154030368,main,trunk,1,0.259,13.065251,80.267045,3,0
30622992,street,unclassified,1,0.813,13.033138,80.142842,9,0
41497736,street,residential,1,0.261,13.023799,80.166323,3,0
27189820,street,residential,1,0.187,13.05087,80.224466,2,0
132509248,street,residential,1,0.064,12.971063,80.22016,2,0
214599664,street,residential,1,0.259,13.017649,80.227482,8,0
27442516,street,residential,1,0.108,13.028073,80.207453,2,0
27432320,street_limited,living_street,1,0.124,13.040705,80.207898,2,0
296215456,street,residential,1,0.08,12.983375,80.208658,2,0
184913344,street,residential,1,0.195,13.056248,80.23016,2,0
23299906,main,secondary,1,0.65,12.940923,80.147771,5,0
102484440,main,secondary,1,0.92,13.075511,80.181186,14,0
28161996,street,residential,1,0.321,13.074939,80.2367,5,0
384424992,street,road,1,0.563,13.08688,80.14357,17,0
34157912,street,unclassified,1,0.108,13.058828,80.16999,2,0
203214368,street,residential,1,0.089,12.942022,80.203972,2,0
60807164,street,unclassified,1,0.136,12.907954,80.159301,4,0
28493560,street,unclassified,1,0.333,13.052005,80.188543,3,0
132192376,motorway,motorway,1,1.26,12.989115,80.089032,3,0
34248504,street,unclassified,1,0.115,13.052561,80.192566,2,0
32938660,street,unclassified,1,0.577,12.959904,80.25291,8,0
206673872,street,residential,1,0.225,12.980889,80.200851,3,0
259349872,street,residential,1,0.267,13.01403,80.16995,10,0
313544480,street,unclassified,1,1.311,12.934752,80.082174,4,0
213364208,street,residential,1,0.147,12.973028,80.213296,4,0
217859488,street_limited,living_street,1,0.115,13.108992,80.279266,5,0
207144096,street_limited,living_street,1,0.324,13.124899,80.267263,6,0
28124156,main,tertiary,1,0.994,12.882627,80.173628,6,0
34256952,street,unclassified,1,0.162,13.029439,80.198899,2,0
179392976,street,residential,1,0.119,12.958442,80.188849,2,0
23110072,street,primary_link,1,0.045,13.00804,80.259076,3,0
34231740,street,unclassified,1,0.111,13.043324,80.174334,3,0
384366784,street,unclassified,1,0.187,12.929158,80.133683,3,0
27352060,street,residential,1,0.469,12.975751,80.190216,12,0
206652720,street,unclassified,1,0.055,12.988693,80.253346,3,0
27344728,street,residential,1,0.146,12.986277,80.1918,3,0
23634220,street_limited,living_street,1,0.103,13.021255,80.222459,2,0
208168400,street,residential,1,0.115,12.909165,80.089642,2,0
27442520,street,residential,1,0.229,13.027744,80.206711,2,0
64384656,street,unclassified,1,0.189,12.736073,80.002507,3,-1
27454232,street,unclassified,1,0.06,13.058176,80.20375,2,0
23161544,street,residential,1,0.117,13.036108,80.243303,2,0
371341792,street,residential,1,0.512,12.965005,80.149463,6,0
207144016,street_limited,living_street,1,0.155,13.121268,80.267152,2,0
183275856,street,residential,1,0.086,12.936232,80.200361,5,0
208812512,street,residential,1,0.21,12.929224,80.232711,3,0
205781312,street,unclassified,1,0.095,13.004018,80.21088,3,0
82874912,street,unclassified,1,0.303,12.935457,80.209266,5,0
207258160,street,residential,1,0.11,13.084589,80.185555,2,0
384503840,street,unclassified,1,0.239,12.944172,80.247884,11,0
184109536,main,primary,1,0.503,12.920732,80.230302,5,0
208812480,street,residential,1,0.049,12.929562,80.229305,2,0
180214416,street_limited,living_street,1,0.386,12.941926,80.182453,5,0
34618032,main,secondary,1,0.589,13.077482,80.113925,11,0
217945168,street_limited,living_street,1,0.055,13.119101,80.266037,2,0
189488976,street,unclassified,1,1.753,12.912624,80.225684,10,0
208160272,street,residential,1,0.2,12.919688,80.083861,3,0
122063576,street,unclassified,1,0.159,13.031316,80.170719,4,0
84099125,street,unclassified,1,1.023,12.957286,80.208836,7,0
30317748,street_limited,living_street,1,0.046,12.994623,80.256214,2,0
384688160,street,unclassified,1,0.088,12.995545,80.153056,2,0
32684564,street_limited,living_street,1,0.051,13.02394,80.205457,2,0
27344672,street,residential,1,0.167,12.973067,80.213622,6,0
28125474,street,residential,1,0.113,12.981927,80.188873,2,0
23030888,main,tertiary,1,0.495,13.071357,80.26114,6,0
217757168,street_limited,living_street,1,0.072,13.066679,80.215842,2,0
178751008,street,unclassified,1,0.37,13.037428,80.107616,7,0
217941184,main,tertiary,1,0.273,13.121709,80.255265,5,0
86689048,major_rail,rail,1,0.537,12.864099,80.069874,3,0
214202928,street_limited,living_street,1,0.027,13.038612,80.224222,2,0
27369892,street,unclassified,1,0.523,12.988,80.183569,13,0
385787774,street,unclassified,1,0.171,12.902641,80.205064,4,0
26399052,street_limited,living_street,1,0.211,13.115167,80.293711,4,0
217801936,street,unclassified,1,0.63,13.028596,80.191189,14,0
213368960,street_limited,living_street,1,0.365,12.976095,80.235293,3,0
30029234,service,track,1,0.217,12.993243,80.219124,4,0
27454352,street,residential,1,0.094,13.058789,80.200409,4,0
363754112,service,service,1,0.108,13.117178,80.112458,3,0
48742044,street,residential,1,0.294,13.096549,80.21571,2,0
35014064,service,service,1,0.413,13.022227,80.243425,14,0
30609152,street,unclassified,1,0.068,12.981359,80.225638,2,0
306867136,street,residential,1,0.076,12.956408,80.13947,3,0
132073376,street,residential,1,0.065,12.974878,80.246967,2,0
207139296,street_limited,living_street,1,0.086,13.023827,80.213829,2,0
30337234,street,unclassified,1,0.122,12.976441,80.256765,3,0
0,street_limited,living_street,1,0.095,13.043491,80.209858,3,0
206836528,street,residential,1,0.042,13.029864,80.177761,2,0
23135438,street,residential,1,0.199,13.029819,80.258791,2,0
45403664,service,service,1,0.091,13.068261,80.20518,3,0
218240176,street_limited,living_street,1,0.045,13.030477,80.205444,2,0
181313824,street,unclassified,1,0.375,13.097046,80.191949,6,0
208187456,street,residential,1,0.417,12.935565,80.134513,5,0
158081456,,taxiway,1,0.583,12.992218,80.169521,2,0
23648639,street,unclassified,1,0.209,12.908849,80.103308,6,0
28275904,street_limited,living_street,1,0.206,13.088865,80.276791,8,0
384503840,street,unclassified,1,0.127,12.943563,80.248298,6,0
33625352,street,secondary_link,1,0.286,13.070565,80.258049,3,0
26464992,street,residential,1,0.24,13.127873,80.260265,4,0
220363584,main,tertiary,1,0.067,13.122729,80.09532,2,0
384392704,street,residential,1,0.136,12.877714,80.210088,2,0
206824304,street_limited,living_street,1,0.152,13.030605,80.225034,5,0
214180592,street,residential,1,0.232,13.027937,80.222866,3,0
217747504,street_limited,living_street,1,0.061,13.061027,80.219229,2,0
27359680,street,residential,1,0.32,12.971784,80.206386,4,0
23632852,street,unclassified,1,0.155,13.056868,80.165763,4,0
207135952,street_limited,living_street,1,0.082,13.09559,80.26323,3,0
34248512,main,secondary,1,0.266,13.051618,80.1776,5,0
184913360,street_limited,living_street,1,0.245,13.056821,80.22076,7,0
208934768,street,residential,1,0.183,12.982845,80.140561,2,0
28275504,main,primary,1,0.618,13.028343,80.276232,13,0
23941148,street_limited,living_street,1,0.547,13.05587,80.269331,10,0
237621840,main,trunk,1,0.336,13.078788,80.253257,6,0
28564318,street,residential,1,0.08,12.997473,80.260056,2,0
183947360,street,residential,1,0.099,12.959107,80.253343,2,0
385083584,street,unclassified,1,0.111,12.894642,80.060914,2,0
86220816,street,residential,1,0.104,12.974415,80.130743,2,0
46763992,street,residential,1,0.32,12.942439,80.144539,6,0
184720016,main,trunk,1,1.203,13.078533,80.249129,12,0
184913376,street_limited,living_street,1,0.727,13.062224,80.217899,17,0
97554152,main,secondary,1,0.639,13.13403,80.193216,11,3
336296816,street,unclassified,1,0.318,12.841625,80.154778,12,-1
208824048,street,residential,1,0.11,12.890733,80.230304,2,0
23941156,street_limited,living_street,1,0.197,13.052315,80.271043,5,0
47571172,street_limited,living_street,1,0.212,13.063336,80.26875,5,0
29046444,street,unclassified,1,0.128,12.985696,80.253942,2,0
189493184,street,residential,1,0.182,13.038663,80.237699,4,0
208174976,street,residential,1,0.439,12.916635,80.103566,6,0
26748528,street_limited,living_street,1,0.069,13.068642,80.229288,2,0
48742020,street,residential,1,0.216,13.094331,80.217378,2,0
34020988,street,residential,1,0.307,13.040197,80.194263,3,0
378621248,street,residential,1,0.365,13.120275,80.076964,4,0
295386592,street,residential,1,0.132,13.049025,80.132872,3,0
208160288,street,residential,1,0.221,12.915849,80.087076,5,0
214356672,street,residential,1,0.115,13.045001,80.231884,2,0
29246288,main,secondary,1,0.463,13.177669,80.255782,4,2
208572080,street,residential,1,0.072,13.030686,80.267081,2,0
30852842,street,residential,1,0.209,13.085623,80.230968,3,0
30610142,street,unclassified,1,0.12,12.982953,80.242526,3,0
112644680,street,residential,1,0.127,13.021702,80.260549,2,0
47416276,street_limited,living_street,1,0.048,13.100838,80.281127,2,0
26970232,street,residential,1,0.133,13.083991,80.199675,3,0
24256758,street_limited,living_street,1,0.161,13.101214,80.292192,6,0
28571972,street,residential,1,0.202,12.97474,80.21981,4,0
30604286,street,residential,1,0.255,12.969868,80.221076,3,0
192882384,street,residential,1,0.314,12.941476,80.207853,10,0
28261500,main,tertiary,1,0.835,12.927159,80.147908,13,0
375214112,service,track,1,0.322,12.916545,80.118473,2,0
24256802,street_limited,living_street,1,0.344,13.097571,80.288197,6,0
30833180,street,unclassified,1,0.214,13.047653,80.190751,4,0
34251788,street,unclassified,1,0.093,13.03264,80.185879,2,0
34137896,street,unclassified,1,0.171,13.045101,80.183379,2,0
34016644,street_limited,living_street,1,0.051,13.042155,80.200395,2,0
208365904,street,residential,1,0.079,12.904466,80.149793,2,0
208169728,street,residential,1,0.161,12.910649,80.096728,4,0
34139712,street,unclassified,1,0.102,13.050673,80.180368,2,0
102484456,main,tertiary,1,0.069,13.067159,80.173468,2,0
46821260,street,unclassified,1,0.433,12.947813,80.13278,4,0
325034368,street,residential,1,0.197,12.943489,80.242304,2,0
34231684,street,unclassified,1,0.362,13.046503,80.168447,4,0
208821568,street,residential,1,0.52,12.895283,80.231567,11,0
27189916,street_limited,living_street,1,0.079,13.04474,80.221992,2,0
362759776,main,secondary,1,0.046,13.092716,80.274388,2,0
30342324,street_limited,living_street,1,0.108,12.984809,80.265123,4,0
23163984,street,residential,1,0.327,13.046328,80.23442,4,0
211900064,service,service,1,0.345,13.013539,80.248527,8,0
30623028,street,unclassified,1,0.138,13.030608,80.161521,4,0
161048352,street,residential,1,0.15,12.997839,80.268126,5,0
25116982,main,secondary,1,0.287,12.907826,80.198983,7,0
33134948,street,unclassified,1,0.221,13.179013,80.299788,4,0
34028140,street_limited,living_street,1,0.116,13.035986,80.200511,6,0
27343720,street,residential,1,0.296,12.985331,80.216615,7,0
102550200,main,primary,1,0.529,13.110206,80.06131,6,-1
309914144,street,unclassified,1,0.153,13.035282,80.129655,3,0
23648668,street,unclassified,1,0.059,12.911557,80.097511,2,0
28500940,street,residential,1,0.179,12.971426,80.185258,3,0
142413376,street,residential,1,0.051,12.926597,80.145319,2,0
49710400,main,trunk,1,0.333,12.657484,79.946245,2,-1
34251788,street,unclassified,1,0.141,13.033004,80.18701,2,0
23634408,street_limited,living_street,1,0.07,13.026445,80.222118,3,0
102460472,street,unclassified,1,0.219,13.07978,80.167276,7,0
26464932,street,residential,1,0.253,13.127076,80.253023,5,0
34598904,street,unclassified,1,0.211,12.929987,80.232505,5,0
30295108,street,unclassified,1,0.141,12.972616,80.261626,3,0
157911936,main,secondary,1,0.195,13.047702,80.244851,3,0
208174944,street,residential,1,0.189,12.923286,80.105588,3,0
26527692,main,secondary,1,0.744,13.033232,80.202879,11,0
189492656,street,unclassified,1,0.227,12.945201,80.23805,4,0
35457764,street,unclassified,1,0.132,12.935435,80.23635,3,0
132509256,street,unclassified,1,0.06,12.979088,80.226912,2,0
23634410,street,unclassified,1,0.248,13.026074,80.223035,3,0
26969666,main,tertiary,1,0.126,13.07904,80.211547,3,0
217801936,main,tertiary,1,0.635,13.034708,80.191491,7,0
206824304,street_limited,living_street,1,0.09,13.032119,80.224268,3,0
47415312,street_limited,living_street,1,0.067,13.108927,80.279044,2,0
26439524,street_limited,living_street,1,0.071,13.111525,80.278811,4,0
27354992,street,unclassified,1,0.288,12.982163,80.227499,6,0
24831632,street_limited,living_street,1,0.362,13.030302,80.234918,5,0
132454864,street,unclassified,1,0.133,12.963866,80.253495,2,0
132474352,street_limited,living_street,1,0.264,13.023139,80.202865,5,0
46780556,street,unclassified,1,0.295,12.966363,80.142254,5,0
30424300,main,secondary,1,0.955,12.890581,80.175544,8,0
131961824,street,unclassified,1,0.219,12.965448,80.252352,5,0
29046744,street_limited,living_street,1,0.117,12.994659,80.257724,3,0
28345056,street,unclassified,1,0.412,13.104254,80.294452,9,0
98357304,street,residential,1,0.17,12.896684,80.176253,2,0
208824096,street,residential,1,0.282,12.884597,80.23013,6,0
183947392,street,residential,1,0.19,12.960911,80.254521,4,0
103716672,main,primary,1,0.138,12.993366,80.193332,3,0
179221056,street,secondary_link,1,0.168,13.037509,80.256944,6,0
32424960,street_limited,living_street,1,0.171,13.018748,80.203967,3,0
23761534,street,unclassified,1,0.192,12.983775,80.260659,3,0
30972304,main,primary,1,0.502,13.088162,80.250825,6,0
197488608,street,residential,1,0.257,12.923438,80.204066,8,0
27432184,street,residential,1,0.115,13.038112,80.211491,4,0
25689604,street,unclassified,1,0.569,12.972533,80.193804,8,0
208361248,street,residential,1,0.263,12.913388,80.155551,5,0
25562398,main,tertiary,1,0.431,13.022539,80.225511,8,0
30029232,service,track,1,0.22,12.996487,80.233305,3,0
384430496,street,road,1,0.187,13.107695,80.155021,4,0
27359752,street,residential,1,0.195,12.966446,80.204843,5,0
23634664,street_limited,living_street,1,0.248,13.02484,80.226396,4,0
103730472,street,unclassified,1,0.152,12.993104,80.197163,7,0
34159276,street_limited,living_street,1,0.275,13.08668,80.190171,3,0
179310848,street,residential,1,0.811,12.934906,80.187068,13,0
354217568,street,unclassified,1,0.076,13.020336,80.225641,3,0
24240056,street,residential,1,0.214,13.091428,80.217557,3,0
388310512,street,residential,1,0.156,13.174397,80.25462,4,2
384411904,street,residential,1,0.271,13.024365,80.113292,2,0
184730848,street,residential,1,0.086,13.074746,80.176883,4,0
27460552,street,unclassified,1,0.18,13.05981,80.206333,6,0
322067232,street,residential,1,0.206,13.012583,80.180107,2,0
194581078,street,residential,1,0.298,12.916899,80.179141,4,0
48756744,street_limited,living_street,1,0.215,13.095797,80.249301,2,0
34134692,street,unclassified,1,0.429,13.053177,80.188089,11,0
25379490,street,unclassified,1,0.373,13.108875,80.132849,3,0
34160168,service,service,1,0.096,13.011604,80.213232,2,0
207272960,street,residential,1,0.052,13.073743,80.205063,2,0
24270372,street_limited,living_street,1,0.094,13.037116,80.269858,2,0
346286112,street_limited,living_street,1,0.092,13.108221,80.236679,3,0
215569968,service,service,1,0.148,13.033378,80.209088,2,0
23761526,street,unclassified,1,0.529,13.001926,80.251445,3,0
306018272,main,tertiary,1,0.654,13.029007,80.13362,5,0
158081456,,taxiway,1,0.312,12.992623,80.171948,2,0
23929832,street_limited,living_street,1,0.131,13.040616,80.265552,4,0
207139312,street_limited,living_street,1,0.104,13.026621,80.21227,4,0
32551440,street,unclassified,1,0.211,12.995199,80.214148,4,0
34231696,street,unclassified,1,0.414,13.047643,80.16902,3,0
28405724,street,unclassified,1,0.108,13.003678,80.255337,3,0
27171506,main,tertiary,1,0.191,13.02537,80.253086,5,0
46764632,street,unclassified,1,0.302,13.045673,80.135542,5,0
132064400,street,unclassified,1,0.19,12.970236,80.263513,5,0
28632134,main,secondary,1,0.072,13.052018,80.220319,2,0
371995360,street,residential,1,0.09,12.938441,80.212622,2,0
25561948,street,unclassified,1,0.783,12.968088,80.192967,11,0
32718334,street,unclassified,1,0.224,13.024092,80.205194,7,0
217609136,street,unclassified,1,0.953,13.093015,80.281866,9,0
28121660,main,secondary,1,1.348,12.869592,80.20641,6,0
28494480,street,unclassified,1,0.547,13.071652,80.192226,2,0
217760896,street_limited,living_street,1,0.149,13.06637,80.229406,5,0
384509888,street,unclassified,1,0.313,12.945616,80.251517,6,0
0,street,residential,1,0.101,12.930296,80.208252,2,0
217767936,street_limited,living_street,1,0.166,13.026773,80.213439,2,0
208810544,street,residential,1,0.219,12.89266,80.185293,2,0
208174912,street,residential,1,0.124,12.92624,80.105413,2,0
206836560,street,residential,1,0.172,13.031262,80.175681,3,0
181313824,street,residential,1,0.412,13.1069,80.169935,8,0
33631920,street,unclassified,1,0.894,13.039108,80.117418,16,0
318725696,street,residential,1,0.093,12.979318,80.21754,4,0
24240048,street,residential,1,0.177,13.09187,80.211879,2,0
27342714,street,residential,1,0.16,12.990913,80.201791,4,0
23648622,street,unclassified,1,0.429,12.914441,80.106571,3,0
164933728,street,unclassified,1,0.083,12.974062,80.228411,2,0
34140508,street,unclassified,1,0.262,13.056719,80.181874,5,0
384311360,service,track,1,0.396,12.949475,80.201765,12,0
23893952,street,primary_link,1,0.253,13.083801,80.289059,5,0
27189944,street_limited,living_street,1,0.195,13.040522,80.226556,4,0
34629984,street,unclassified,1,0.182,13.12169,80.149611,5,0
214599104,street_limited,living_street,1,0.034,13.017632,80.223373,2,0
27347432,street,residential,1,0.125,13.029128,80.215698,2,0
206825520,street,residential,1,0.102,13.110116,80.203231,3,0
23698648,street,residential,1,0.16,13.037387,80.211481,3,0
305119008,street,residential,1,0.37,12.918247,80.199108,4,0
27617664,street_limited,living_street,1,0.095,13.075677,80.207289,2,0
23642056,main,trunk,1,0.087,13.007748,80.205884,3,0
33069076,street,unclassified,1,0.168,13.224262,80.326819,2,-1
208174926,street,residential,1,0.189,12.922314,80.096807,3,0
208808640,street,residential,1,0.121,12.923148,80.190284,2,0
26809138,main,secondary,1,0.192,13.164378,80.258639,2,2
208597920,street,unclassified,1,0.522,13.018153,80.269545,6,0
27768784,main,secondary,1,0.049,13.080506,80.264984,4,0
177370736,street,unclassified,1,0.085,13.111387,80.12101,3,0
208373040,street,residential,1,0.068,12.932531,80.175566,2,0
25454674,main,secondary,1,0.665,13.028458,80.183471,9,0
27200768,street_limited,living_street,1,0.14,13.043052,80.218645,2,0
64384024,main,tertiary,1,0.382,12.789346,80.037309,3,4
96944712,main,secondary,1,0.913,13.065166,80.137041,13,0
208187368,street,residential,1,0.195,12.925693,80.137083,3,0
23500044,street_limited,living_street,1,0.424,13.088292,80.255997,3,0
26464776,street,unclassified,1,0.241,13.124162,80.256673,11,0
183983392,street,unclassified,1,0.617,12.953309,80.239506,7,0
27189832,street,residential,1,0.215,13.045245,80.227393,3,0
268056864,street,residential,1,0.36,13.013815,80.15996,14,0
34159264,main,primary,1,0.699,13.087241,80.194798,5,0
27319908,street,residential,1,0.622,12.982382,80.213468,6,0
325034368,street_limited,living_street,1,0.089,12.938672,80.243389,2,0
27370156,street,residential,1,0.199,12.985137,80.215704,4,0
34254412,street_limited,living_street,1,0.127,13.033086,80.199804,2,0
27369884,street,residential,1,0.36,12.98969,80.187649,8,0
84106288,main,primary,1,0.024,12.948394,80.210999,2,0
27354216,street,residential,1,0.091,12.983864,80.212107,2,0
183947344,street,residential,1,0.175,12.958616,80.25103,2,0
104236384,street,residential,1,0.278,13.013525,80.179853,3,0
112621608,street_limited,living_street,1,0.163,13.038362,80.269916,6,0
317575456,street,unclassified,1,0.184,12.982934,80.209387,4,0
49127932,main,tertiary,1,0.242,12.833502,79.706591,4,-1
122063592,street,unclassified,1,0.32,13.034493,80.166152,5,0
23901308,street_limited,living_street,1,0.158,13.056836,80.274269,4,0
27643194,street_limited,living_street,1,0.268,13.028203,80.259112,9,0
206825520,street,unclassified,1,0.315,13.107744,80.201526,6,0
179306592,street,residential,1,0.094,12.949949,80.198098,2,0
31805768,street,unclassified,1,0.111,12.943106,80.236508,3,0
29349712,street,unclassified,1,0.341,13.128645,80.280552,3,0
102469904,main,primary,1,0.373,12.985414,80.19606,5,0
24240074,street,residential,1,0.083,13.09149,80.212163,2,0
365150816,main,tertiary,1,0.144,13.052602,80.197022,2,0
217978784,minor_rail,rail,1,0.388,13.097503,80.271933,9,0
132509256,street,unclassified,1,0.178,12.971531,80.224293,2,0
102032960,main,tertiary,1,0.207,12.965797,80.149518,4,0
206534098,street,residential,1,0.13,12.957142,80.261218,4,0
27344664,street,residential,1,0.047,12.980734,80.216018,3,0
23047844,street,residential,1,0.103,13.036737,80.235736,6,0
23030888,main,tertiary,1,0.281,13.067712,80.260855,3,0
23500026,street_limited,living_street,1,0.251,13.089832,80.253217,3,0
208808688,street,residential,1,0.132,12.931254,80.20578,3,0
208378384,street,residential,1,0.105,12.934347,80.21422,2,0
35460676,street,unclassified,1,0.204,12.824436,80.045388,3,1
208170784,street,residential,1,0.236,12.91371,80.093874,4,0
34159552,street,residential,1,0.059,13.008357,80.20051,2,0
214356672,street,residential,1,0.219,13.053062,80.229089,2,0
28493840,street,unclassified,1,0.277,13.04056,80.18536,2,0
133604296,street,residential,1,0.048,12.975619,80.189367,5,0
206634197,street,residential,1,0.494,12.966142,80.216401,13,0
30622080,main,tertiary,1,0.512,13.028706,80.156614,11,0
32775980,street,residential,1,0.494,13.015687,80.208113,4,0
208373072,street,residential,1,0.157,12.934672,80.177648,3,0
314768000,main,primary,1,1.31,13.141517,80.18333,8,3
27319410,street,residential,1,0.078,12.966769,80.211358,2,0
206824288,street_limited,living_street,1,0.047,13.032847,80.233926,2,0
214366912,street_limited,living_street,1,0.073,13.01987,80.215484,2,0
181313760,street,residential,1,0.11,13.096168,80.192641,3,0
30622988,main,tertiary,1,1.064,13.040978,80.149216,10,0
214413840,main,primary,1,0.021,12.987409,80.258157,4,0
206827264,street,residential,1,0.131,13.015534,80.179237,4,0
32742116,street,unclassified,1,0.228,13.013508,80.212154,2,0
208934960,street,residential,1,0.149,12.974266,80.123751,4,0
34019456,street,residential,1,0.161,13.039229,80.202517,4,0
27442496,street_limited,living_street,1,0.181,13.025071,80.214049,3,0
34231648,street,unclassified,1,0.213,13.049995,80.171937,3,0
27190018,street_limited,living_street,1,0.227,13.052905,80.217204,5,0
27442390,street,unclassified,1,0.344,12.974172,80.261707,7,0
219516160,street,residential,1,0.084,13.093763,80.202996,2,0
26969702,street,residential,1,0.076,13.083469,80.209452,2,0
295244512,street,residential,1,0.251,13.021842,80.146502,6,0
34231640,street,unclassified,1,0.047,13.051335,80.17061,3,0
26550104,street,unclassified,1,0.3,13.091234,80.206441,5,0
27630084,street,unclassified,1,0.095,12.953285,80.200023,4,0
30029364,service,service,1,0.073,12.986891,80.234724,2,0
384530720,street,road,1,0.18,13.112548,80.185932,4,0
29382636,service,service,1,0.204,13.049976,80.246653,3,0
384529888,street,residential,1,0.138,13.110916,80.186584,3,0
184857728,street_limited,living_street,1,0.371,13.075412,80.245442,14,0
194581360,street,residential,1,0.424,12.919498,80.184333,10,0
30622120,street,unclassified,1,0.309,13.031194,80.159013,5,0
34134700,street,unclassified,1,0.441,13.051299,80.187456,11,0
24483924,street_limited,living_street,1,0.268,13.072114,80.265772,7,0
26394464,street_limited,living_street,1,0.117,13.111217,80.280634,5,0
206836544,street,residential,1,0.132,13.029357,80.173798,2,0
208361264,street,residential,1,0.478,12.920221,80.147052,7,0
28534232,street_limited,living_street,1,0.163,12.986419,80.173992,5,0
33134948,street,unclassified,1,0.046,13.179628,80.298018,2,0
27110224,main,tertiary,1,0.819,12.969051,80.133602,18,0
27347360,street_limited,living_street,1,0.089,13.043518,80.202115,2,0
24262124,street,residential,1,0.252,13.019823,80.258843,4,0
35460672,street,unclassified,1,0.301,12.821669,80.049026,6,1
207260576,street,residential,1,0.085,13.074818,80.206259,2,0
23186320,main,tertiary,1,0.087,13.035405,80.226682,3,0
179255376,street,residential,1,0.07,12.948177,80.200059,2,0
27189928,street_limited,living_street,1,0.085,13.042666,80.227364,2,0
25466488,street,residential,1,0.214,13.035906,80.218875,5,0
23163912,street_limited,living_street,1,0.254,13.032652,80.227518,4,0
28078492,street_limited,living_street,1,0.14,13.030618,80.204223,4,0
32938794,street,unclassified,1,0.225,12.941727,80.254285,2,0
27343664,street,residential,1,0.441,12.979875,80.207027,4,0
177085616,street,unclassified,1,0.209,13.024045,80.242227,4,0
35312752,path,footway,1,0.206,13.037036,80.26358,4,0
27630368,street,residential,1,0.098,12.980876,80.241989,2,0
181313840,street_limited,living_street,1,0.235,13.110392,80.168643,7,0
183947360,street,residential,1,0.17,12.960266,80.254316,3,0
180213472,street,residential,1,0.095,12.940507,80.178549,5,0
214366912,street,residential,1,0.05,13.0197,80.214472,2,0
325034368,street,residential,1,0.04,12.947174,80.241613,2,0
30604296,street,unclassified,1,0.035,12.97566,80.22182,2,0
207886208,street,residential,1,0.097,12.866829,80.073909,2,0
34690048,street,residential,1,0.129,13.027414,80.209467,4,0
27319828,street,residential,1,0.181,12.97838,80.212852,3,0
30622160,street,unclassified,1,0.163,13.036015,80.161449,4,0
23648654,street,unclassified,1,0.12,12.908427,80.107415,3,0
29046444,street,unclassified,1,0.092,12.985589,80.254502,3,0
32840204,street,residential,1,0.105,13.030024,80.207915,2,0
84525240,street,residential,1,0.263,12.968755,80.12653,4,0
208168480,street,residential,1,0.149,12.914838,80.089903,3,0
30281980,street,unclassified,1,0.146,12.970175,80.2568,3,0
32945530,street,unclassified,1,0.212,13.031301,80.176556,7,0
28275164,main,primary,1,0.066,13.015141,80.259186,3,0
98357552,service,service,1,0.168,12.865896,80.075259,2,0
138307552,street,unclassified,1,0.863,13.114945,80.159602,15,0
23648646,street,unclassified,1,0.063,12.908269,80.102792,2,0
325034400,street,residential,1,0.255,12.948366,80.24318,2,0
30623576,street,unclassified,1,0.059,13.045127,80.164108,2,0
214413824,main,primary,1,0.361,13.067057,80.199372,3,0
206827264,street,residential,1,0.105,13.017811,80.178973,3,0
219558896,street,residential,1,0.108,13.074131,80.205708,3,0
34254424,street_limited,living_street,1,0.068,13.028493,80.204917,2,0
24375444,street,residential,1,0.093,13.061523,80.237567,3,0
30295112,street,unclassified,1,0.354,12.971449,80.26074,5,0
30625160,street,unclassified,1,0.342,13.074686,80.182059,5,0
230988944,street,unclassified,1,1.324,13.171363,80.292776,8,0
208254592,street,residential,1,0.234,13.014899,80.187938,3,0
30394430,street,unclassified,1,0.097,13.001727,80.254054,2,0
206634192,street,residential,1,0.128,12.965073,80.215124,2,0
30424564,main,secondary,1,0.602,12.895065,80.183008,2,0
214599120,street_limited,living_street,1,0.219,13.029831,80.225216,3,0
177085616,street,unclassified,1,0.113,13.024024,80.240147,2,0
132942952,street,unclassified,1,0.169,13.029329,80.24205,3,0
153023744,street,residential,1,0.137,12.927982,80.1437,3,0
27347430,street,residential,1,0.302,13.028422,80.216167,5,0
27342766,street,residential,1,0.432,12.993043,80.208143,9,0
27347368,street,unclassified,1,0.439,13.051336,80.201649,6,0
214698592,street_limited,living_street,1,0.14,13.072025,80.271512,2,0
206825520,street,unclassified,1,0.144,13.108319,80.202312,6,0
208824048,street,residential,1,0.558,12.879619,80.229658,8,0
122063552,street,residential,1,0.056,13.03926,80.171997,2,0
23634200,street,residential,1,0.691,13.028766,80.221671,14,0
23135452,street,residential,1,0.191,13.027873,80.257963,4,0
206649488,street_limited,living_street,1,0.073,13.124783,80.255344,3,0
30597413,street,unclassified,1,0.289,12.962621,80.21339,8,0
29197076,street,residential,1,0.172,13.011462,80.146073,2,0
211768016,street_limited,living_street,1,0.03,13.054322,80.267486,2,0
27470676,street,unclassified,1,0.182,13.052841,80.20323,2,0
35457640,street_limited,living_street,1,1.194,12.935953,80.241041,16,0
26398842,street,unclassified,1,0.14,13.121872,80.286606,2,0
132509264,street,unclassified,1,0.189,12.971918,80.223492,6,0
209514720,main,secondary,1,0.191,13.040757,80.231526,6,0
384503840,street,unclassified,1,0.07,12.941734,80.247865,2,0
131963512,street,unclassified,1,0.36,12.967119,80.249932,4,0
24831576,street_limited,living_street,1,0.146,13.015917,80.226292,6,0
27319968,street,residential,1,0.085,12.98348,80.208272,2,0
24831596,street,unclassified,1,0.152,13.019897,80.22972,4,0
30852846,street,residential,1,0.183,13.084091,80.232397,3,0
24270395,street,unclassified,1,0.206,13.037875,80.277626,6,0
384660480,street,unclassified,1,0.315,12.861136,80.108404,8,-1
23499286,street,unclassified,1,0.299,13.080694,80.244124,2,0
34251776,street,unclassified,1,0.198,13.030546,80.184743,6,0
206813888,street_limited,living_street,1,0.193,12.995761,80.271306,9,0
208168448,street,residential,1,0.081,12.909966,80.090458,3,0
32945494,street,unclassified,1,0.198,13.035109,80.181444,4,0
27945136,street_limited,living_street,1,0.223,13.059602,80.228074,5,0
384380394,street,residential,1,0.237,12.880025,80.204168,3,0
27171506,main,tertiary,1,0.168,13.026423,80.253535,4,0
24240072,street,residential,1,0.083,13.091506,80.211632,2,0
208378432,street,residential,1,0.111,12.935102,80.211427,3,0
119288448,service,service,1,0.162,12.875586,80.223529,6,0
183979552,street_limited,living_street,1,0.227,12.971556,80.237812,3,0
30396688,street,unclassified,1,0.249,13.00534,80.248432,3,0
122063544,street,unclassified,1,0.057,13.030076,80.170969,2,0
133604296,street,residential,1,0.183,12.980013,80.190955,4,0
217763968,street,unclassified,1,0.097,13.024077,80.240856,5,0
27454292,street_limited,living_street,1,0.085,13.057566,80.20283,3,0
34621752,main,secondary,1,0.789,13.136788,80.205972,6,3
34134712,street,unclassified,1,0.093,13.049955,80.19113,2,0
211669408,street_limited,pedestrian,1,0.05,13.04514,80.276461,2,0
27189962,street_limited,living_street,1,0.053,13.03921,80.227294,2,0
46765832,street,unclassified,1,0.237,13.0368,80.124175,4,0
26970212,street,unclassified,1,0.181,13.085945,80.205838,2,0
46762520,street,unclassified,1,0.472,12.958462,80.132244,2,0
31956956,street,unclassified,1,0.043,13.069876,80.197341,2,0
177085616,street,residential,1,0.112,13.023775,80.240396,2,0
240472096,main,secondary,1,0.307,13.062968,80.261975,10,0
184468432,street,primary_link,1,0.01,12.948586,80.208422,2,0
31020302,main,primary,1,1.337,13.190852,80.186311,6,-1
102658256,main,tertiary,1,0.515,13.002371,80.119696,6,0
26465002,street,residential,1,0.124,13.129531,80.266202,2,0
27454340,street_limited,living_street,1,0.029,13.058893,80.200547,2,0
207147904,street,residential,1,0.114,13.014341,80.242056,4,0
208160304,street,residential,1,0.229,12.915182,80.086249,5,0
29046760,street,unclassified,1,0.069,12.991415,80.258756,2,0
30295112,street,unclassified,1,0.19,12.970698,80.26144,2,0
27347388,street_limited,living_street,1,0.138,13.051934,80.201773,2,0
32938786,street,unclassified,1,0.181,12.939793,80.255323,3,0
206827248,street,residential,1,0.062,13.01564,80.17937,2,0
178751040,street,unclassified,1,0.266,12.994834,80.109506,3,0
98357272,main,trunk,1,0.224,12.876836,80.079147,2,0
134176688,street,residential,1,0.223,13.064198,80.223459,3,0
68536160,street_limited,living_street,1,0.445,13.055517,80.213968,10,0
208170800,street,residential,1,0.406,12.912425,80.094385,6,0
211435488,main,trunk,1,0.701,13.087338,80.270103,14,0
64431812,main,trunk,1,0.848,12.720374,79.981327,6,-1
27630064,street,residential,1,0.645,12.958481,80.184204,12,0
312880576,main,tertiary,1,0.934,12.976639,80.145949,16,0
239287242,main,trunk,1,1.071,13.001281,80.197277,13,0
27370406,street,residential,1,0.708,12.958663,80.202647,3,0
30620300,main,tertiary,1,0.639,13.04492,80.160916,15,0
26883320,street,residential,1,0.278,13.036688,80.21751,4,0
25504610,main,tertiary,1,0.163,12.97206,80.182972,3,0
207264560,street_limited,living_street,1,0.274,13.07558,80.209269,5,0
187760688,street_limited,living_street,1,0.113,13.072927,80.216197,3,0
0,street,residential,1,0.204,12.983147,80.144115,2,0
208808704,street,residential,1,0.143,12.924805,80.205938,4,0
31241148,street,unclassified,1,0.111,12.96224,80.123485,2,0
30282006,street,unclassified,1,0.11,12.972098,80.256636,3,0
23803356,main,primary,1,0.221,13.104494,80.254357,2,0
25689682,street,unclassified,1,0.264,12.994688,80.18875,2,0
385083584,street,unclassified,1,0.136,12.894842,80.06145,2,0
27369672,street,unclassified,1,0.164,12.964012,80.188779,3,0
28529798,service,track,1,0.275,12.983685,80.176194,4,0
214599120,street,unclassified,1,0.223,13.009618,80.209542,4,0
211634896,street_limited,living_street,1,0.382,13.019077,80.233723,6,0
102457952,main,secondary,1,0.512,13.029157,80.259612,13,0
206850400,service,track,1,0.349,12.99832,80.221743,3,0
27442496,street_limited,living_street,1,0.122,13.024729,80.213569,2,0
207258192,street,residential,1,0.119,13.094903,80.187969,3,0
27432596,street,unclassified,1,0.204,13.040431,80.210569,4,0
208169760,street,residential,1,0.305,12.911001,80.095083,8,0
27347392,street,unclassified,1,0.301,13.049988,80.201208,2,0
240463504,street,primary_link,1,0.059,13.058193,80.265182,3,0
206644112,service,service,1,0.124,12.989567,80.249633,5,0
32837752,street,unclassified,1,0.165,13.031658,80.205217,6,0
328209600,street,unclassified,1,0.148,12.981794,80.249578,2,0
184730848,street,residential,1,0.309,13.076778,80.180483,4,0
215526720,street_limited,living_street,1,0.114,13.047136,80.222777,4,0
183386144,main,primary,1,0.491,12.918537,80.176747,11,0
32575324,street,residential,1,0.066,13.028856,80.204414,3,0
28067412,street,unclassified,1,0.145,13.01725,80.226391,7,0
29182356,street,unclassified,1,0.251,12.980928,80.162302,5,0
206673808,street,residential,1,0.082,12.976078,80.215956,2,0
325034400,street,residential,1,0.142,12.948144,80.244596,2,0
27189824,street_limited,living_street,1,0.146,13.048694,80.229427,4,0
214379312,street_limited,living_street,1,0.121,13.02568,80.213241,4,0
27432312,street,unclassified,1,0.08,13.041424,80.20929,2,0
288774560,street,residential,1,0.099,13.018129,80.152841,3,0
206835312,street_limited,living_street,1,0.116,12.97479,80.235855,3,0
23001368,street,unclassified,1,0.244,13.028355,80.277888,7,0
30078058,main,primary,1,0.151,13.118225,80.094977,3,0
27319430,street,residential,1,0.238,12.969574,80.210294,2,0
324810880,street,unclassified,1,0.333,12.818884,80.037811,4,1
163421424,street_limited,living_street,1,0.073,12.976287,80.219371,2,0
211747248,street,residential,1,0.237,13.02545,80.258832,8,0
206836608,street,residential,1,0.259,13.03113,80.180336,8,0
32938732,street,unclassified,1,0.21,12.944694,80.257573,3,0
293836288,main,tertiary,1,0.559,12.983943,80.147242,4,0
32427318,street,residential,1,0.184,13.015963,80.189289,4,0
112621616,street,residential,1,0.044,13.024545,80.277103,2,0
179306624,street,residential,1,0.071,12.950004,80.19852,2,0
384688160,street,unclassified,1,0.16,12.99605,80.152669,7,0
27470660,street,unclassified,1,0.124,13.048091,80.202135,2,0
23467778,main,trunk,1,0.265,13.103472,80.275971,6,0
384430400,street,road,1,0.524,13.107766,80.149894,15,0
27442600,street,unclassified,1,0.141,12.957224,80.200676,4,0
27442608,street,residential,1,0.175,12.961661,80.203577,2,0
206807744,street,residential,1,0.185,12.970672,80.225153,4,0
206674848,street_limited,living_street,1,0.238,13.117855,80.265109,5,0
33876148,street_limited,living_street,1,0.044,13.067258,80.231845,2,0
206827248,street,residential,1,0.107,13.016204,80.174513,2,0
23164064,street_limited,living_street,1,0.094,13.05114,80.237603,3,0
384986848,street,unclassified,1,0.212,12.988051,80.112949,4,0
0,street,unclassified,1,0.154,13.092274,80.199385,2,0
189493200,street,residential,1,0.284,13.036478,80.232098,2,0
27343680,street,residential,1,0.239,12.977727,80.202284,6,0
34631200,street,residential,1,0.368,13.091272,80.184538,6,0
27344668,street,residential,1,0.338,12.975455,80.213014,4,0
25377816,main,tertiary,1,0.115,13.10123,80.193211,2,0
27442664,street,unclassified,1,0.145,12.956552,80.202525,4,0
183402752,street,unclassified,1,0.385,12.943358,80.206254,5,0
35464336,street_limited,living_street,1,0.072,13.067661,80.236178,2,0
27189958,street_limited,living_street,1,0.129,13.036504,80.224338,4,0
156250624,street,residential,1,0.059,13.041688,80.254884,2,0
23842906,street,residential,1,0.109,13.037775,80.254951,2,0
208177552,street,residential,1,0.979,12.920334,80.114158,11,0
23186318,street_limited,living_street,1,0.174,13.05339,80.238079,4,0
286849728,street,residential,1,0.219,13.169926,80.29557,6,0
206634192,street,residential,1,0.074,12.96459,80.214645,2,0
25467896,main,secondary,1,0.606,13.073177,80.194746,4,0
30623588,main,tertiary,1,0.899,13.040558,80.15097,15,0
34605648,main,primary,1,1.223,13.076773,80.075127,7,-1
178751008,main,primary,1,1.669,13.009827,80.118095,29,0
98357272,street,residential,1,0.505,12.862893,80.071513,9,0
286848704,street,residential,1,0.658,13.173545,80.294303,6,0
23648648,street,unclassified,1,0.086,12.908061,80.106725,3,0
26465012,street,residential,1,0.206,13.126777,80.256373,2,0
208361200,street,residential,1,0.13,12.915623,80.154881,3,0
30598642,street,unclassified,1,0.048,12.972179,80.21481,2,0
30923528,street,unclassified,1,0.268,13.085114,80.239878,4,0
206825920,street,residential,1,0.42,13.064815,80.207943,18,0
25562052,street,unclassified,1,0.229,12.98211,80.177624,6,0
178115200,street,residential,1,0.439,12.946719,80.193521,11,0
206532080,street,residential,1,0.055,13.136383,80.241265,3,0
30623608,street,unclassified,1,0.309,13.04666,80.153217,2,0
32938692,street,unclassified,1,0.359,12.95206,80.259664,8,0
27345440,main,secondary,1,0.49,12.910525,80.143008,4,0
23164012,street,residential,1,0.245,13.045432,80.236868,2,0
23468590,street_limited,living_street,1,0.342,13.09852,80.277678,10,0
131961752,street,unclassified,1,0.061,12.968371,80.252639,2,0
33876148,street_limited,living_street,1,0.094,13.066945,80.232084,4,0
207891104,street,residential,1,0.146,12.857336,80.075075,3,0
183979568,street_limited,living_street,1,0.268,12.971441,80.237567,3,0
27369680,street,unclassified,1,0.787,12.960479,80.183687,11,0
201773696,street,unclassified,1,0.139,12.990139,80.185039,4,0
209317520,street,residential,1,0.092,12.970672,80.142728,2,0
295244512,street,residential,1,0.311,13.019905,80.155622,7,0
208187376,street,residential,1,0.135,12.93471,80.15087,3,0
214356720,street_limited,living_street,1,0.11,13.043926,80.218241,4,0
30625178,street,unclassified,1,0.42,13.067724,80.168322,7,0
35460672,street,unclassified,1,0.492,12.824147,80.049519,4,1
27642532,street_limited,living_street,1,0.069,13.032635,80.255166,2,0
25562660,street,residential,1,0.07,12.976847,80.185226,2,0
208160288,street,residential,1,0.253,12.92062,80.081924,4,0
206642416,main,secondary,1,0.266,12.964719,80.210469,3,0
98357600,street,road,1,0.222,12.861421,80.077757,3,0
25467964,main,tertiary,1,0.389,13.073066,80.177025,6,0
208934784,street,residential,1,0.09,12.982912,80.125718,2,0
23001376,main,primary,1,0.244,13.029317,80.265089,5,0
111749064,street_limited,living_street,1,0.136,13.042473,80.27529,4,0
32945368,street,unclassified,1,0.072,13.041533,80.183628,2,0
27189896,street_limited,living_street,1,0.21,13.045608,80.219813,2,0
131909328,street,residential,1,0.072,12.975002,80.212281,2,0
27191864,main,primary,1,0.75,13.051209,80.233884,8,0
152586720,service,service,1,0.059,13.009052,80.234181,8,0
132065400,street,unclassified,1,0.414,12.971938,80.245551,5,0
28534462,main,trunk,1,0.041,13.016054,80.225505,4,0
27189858,street,residential,1,0.327,13.049226,80.216461,5,0
23500024,street,unclassified,1,0.105,13.090342,80.254996,4,0
208170752,street,residential,1,0.137,12.9179,80.095648,2,0
206653808,street,unclassified,1,0.162,12.97407,80.202728,8,0
102553832,main,primary,1,0.021,13.146878,80.204178,2,3
30625166,street,unclassified,1,0.514,13.074246,80.183891,3,0
214172304,street_limited,living_street,1,0.103,13.021129,80.224628,3,0
27347326,street,residential,1,0.177,13.052558,80.2068,2,0
27370272,street,residential,1,0.108,12.976825,80.228201,2,0
111721016,street_limited,living_street,1,0.132,13.075132,80.264372,5,0
184857728,street_limited,living_street,1,0.249,13.074712,80.243099,7,0
211645264,street,residential,1,0.277,13.032287,80.262821,5,0
32945520,street,unclassified,1,0.089,13.034796,80.176976,2,0
194581360,street,residential,1,0.201,12.911424,80.18846,4,0
206811728,service,track,1,0.146,12.992398,80.22389,14,0
83603944,street,unclassified,1,0.594,12.907512,80.196827,10,0
211649520,street,residential,1,0.137,13.043938,80.26478,2,0
27320352,street,residential,1,0.171,12.982598,80.203054,4,0
28405756,street,residential,1,0.568,12.997174,80.254006,12,0
30609730,street,unclassified,1,0.133,12.980264,80.235098,4,0
29047220,street,residential,1,0.199,12.994228,80.262393,5,0
28564304,street,residential,1,0.139,12.998885,80.257312,3,0
32945488,street,unclassified,1,0.157,13.04203,80.185712,2,0
28278670,street,unclassified,1,0.439,12.991621,80.258278,3,0
23762122,street,unclassified,1,0.152,12.98293,80.254029,4,0
178473248,street,unclassified,1,0.619,12.985388,80.128888,8,0
213364176,street,residential,1,0.045,12.968614,80.20025,2,0
30025540,service,service,1,0.255,12.995429,80.238643,4,0
102545480,major_rail,rail,1,0.07,13.106649,80.272297,2,0
24160184,main,primary,1,1.004,12.867091,80.115715,4,-1
290489728,main,tertiary,1,0.134,13.051557,80.169849,4,0
207144064,street,residential,1,0.15,13.127559,80.278618,4,0
194466912,street,residential,1,0.109,12.908518,80.197204,2,0
132509264,street,unclassified,1,0.082,12.97224,80.222965,2,0
0,main,tertiary,1,0.325,13.027729,80.212057,3,0
27771556,street_limited,pedestrian,1,0.158,13.052586,80.214005,4,0
208378480,street,residential,1,0.327,12.936695,80.216322,8,0
25619964,major_rail,rail,1,1.125,12.926483,80.119439,7,0
30317772,street,unclassified,1,0.135,12.990301,80.259919,3,0
102484688,street_limited,construction,1,0.423,13.067922,80.267664,4,0
27319894,street,residential,1,0.148,12.978814,80.209643,2,0
349521472,street,tertiary_link,1,0.284,13.11068,80.028973,9,-1
34234904,street,unclassified,1,0.06,13.040418,80.167141,2,0
183947376,street,residential,1,0.163,12.953507,80.251757,3,0
24831592,street,unclassified,1,0.041,13.019451,80.229169,2,0
207886256,street,residential,1,0.244,12.866361,80.074132,4,0
25390744,main,tertiary,1,0.184,13.098636,80.134902,2,0
127464704,street_limited,living_street,1,0.063,13.028771,80.233683,2,0
34598784,street,unclassified,1,0.443,12.931419,80.235335,9,0
194581360,street,residential,1,0.023,12.910528,80.188273,2,0
30623542,street,unclassified,1,0.252,13.041351,80.157711,5,0
27343720,street,residential,1,0.195,12.984737,80.215373,2,0
23648624,street,unclassified,1,0.228,12.913224,80.104837,3,0
34254328,street,unclassified,1,0.044,13.028685,80.190161,2,0
23813364,path,footway,1,0.173,13.042052,80.25081,7,0
24775492,street,residential,1,0.579,13.020857,80.240504,6,0
31264864,street,unclassified,1,0.396,13.106296,80.133829,3,0
25467892,main,tertiary,1,1.131,13.065902,80.193172,11,0
30423888,main,tertiary,1,0.28,12.90367,80.157001,3,0
96724088,major_rail,rail,1,1.242,12.73147,79.984071,13,-1
26465040,street,residential,1,0.17,13.128215,80.255867,4,0
32551436,street_limited,living_street,1,0.143,12.995029,80.215835,2,0
34139772,street,unclassified,1,0.254,13.049727,80.179676,3,0
23941140,street_limited,living_street,1,0.22,13.059622,80.270589,5,0
206828304,street,residential,1,0.053,13.049453,80.22309,3,0
23030588,street_limited,living_street,1,0.122,13.074942,80.266845,7,0
102482928,street_limited,living_street,1,0.237,13.029807,80.221232,4,0
27442664,street,residential,1,0.781,12.956465,80.204328,5,0
28067352,main,trunk,1,0.239,13.017764,80.224972,2,0
23929966,street,residential,1,0.088,13.041639,80.266029,3,0
41415992,street,residential,1,0.293,13.026665,80.169982,6,0
112869296,street_limited,living_street,1,0.151,13.07972,80.218627,5,0
27370224,street,residential,1,0.181,12.974714,80.214307,3,0
25454484,main,tertiary,1,0.281,13.048369,80.105253,2,0
33622436,street,unclassified,1,0.21,13.081723,80.241704,3,0
121883760,main,secondary,1,0.149,12.984413,80.255167,3,0
384502016,street,unclassified,1,0.056,12.941629,80.248491,2,0
288773248,street,residential,1,0.125,13.014,80.153061,2,0
28571968,street,residential,1,0.084,12.973011,80.216815,2,0
207897648,street,residential,1,0.286,12.852656,80.065172,2,0
34143488,street,unclassified,1,0.183,13.061894,80.192414,4,0
33876648,street,unclassified,1,0.149,13.06559,80.226086,2,0
207897632,street,residential,1,0.126,12.854143,80.053486,2,0
131884976,main,primary,1,0.42,12.976061,80.258943,8,0
208934832,street,residential,1,0.143,12.984918,80.130846,2,0
207137952,street_limited,living_street,1,0.063,13.111329,80.275335,3,0
132506136,street,unclassified,1,0.084,12.965667,80.24958,2,0
218221696,street_limited,living_street,1,0.071,13.031172,80.206428,2,0
314768320,main,secondary,1,0.056,13.141696,80.194763,2,3
208170800,street,residential,1,0.283,12.926223,80.099153,6,0
214366912,street,residential,1,0.053,13.019075,80.214203,2,0
294991982,street,residential,1,0.098,12.922526,80.18761,3,0
208168400,street,residential,1,0.123,12.893018,80.080822,2,0
178751024,street,unclassified,1,0.51,13.01767,80.111916,4,0
24375424,street_limited,living_street,1,0.203,13.05933,80.243346,4,0
30921296,street,residential,1,0.171,13.092612,80.193851,2,0
26465000,street,residential,1,0.031,13.129098,80.264686,2,0
208832416,street,residential,1,0.059,12.959345,80.133343,4,0
240340224,street_limited,living_street,1,0.06,13.049713,80.262501,2,0
375214144,service,service,1,0.221,12.92163,80.122162,4,0
27319996,street,residential,1,0.094,12.982627,80.20431,3,0
384793878,street,unclassified,1,0.086,12.907988,80.103397,2,0
22979938,main,secondary,1,0.047,13.009293,80.211181,2,0
28529798,service,track,1,1.81,12.978479,80.169999,33,0
24775510,street,residential,1,0.108,13.019911,80.244781,4,0
28125430,street,residential,1,0.114,12.971607,80.184148,3,0
198549088,main,primary,1,1.132,12.948628,80.205896,5,0
0,street,residential,1,0.558,12.956918,80.205339,2,0
31264870,street,unclassified,1,0.194,13.10129,80.141248,4,0
24270338,street,residential,1,0.138,13.04234,80.273922,3,0
27630092,street,residential,1,0.278,12.95373,80.201906,5,0
219391440,street,residential,1,0.337,12.943827,80.215896,4,0
34254344,street,unclassified,1,0.191,13.027441,80.189724,3,0
30347096,street_limited,living_street,1,0.133,13.01168,80.248853,3,0
317443200,street,unclassified,1,0.171,12.963442,80.186929,2,0
25562488,street,residential,1,1.113,12.976709,80.197218,20,0
129507536,street,unclassified,1,0.667,12.904883,80.098404,5,0
214068944,street,residential,1,0.131,12.943869,80.151757,3,0
46763992,street,unclassified,1,0.317,12.941724,80.149026,2,0
211408384,street,residential,1,0.107,13.115076,80.160245,5,0
26970000,street,unclassified,1,0.302,13.089113,80.201122,4,0
208934816,street,residential,1,0.104,12.981715,80.132894,2,0
27916662,street,unclassified,1,0.18,12.981503,80.177432,4,0
27320096,street,residential,1,0.098,12.98289,80.213234,3,0
181313776,street_limited,living_street,1,0.031,13.1087,80.167268,2,0
102657800,street,residential,1,0.504,13.015935,80.165551,5,0
34254372,street,unclassified,1,0.214,13.029439,80.193428,3,0
30128612,street,unclassified,1,1.33,13.021107,80.076462,6,-1
29046772,street,residential,1,0.086,12.991058,80.257398,2,0
30622108,street,unclassified,1,0.073,13.03338,80.15775,2,0
163384128,service,service,1,0.143,13.015451,80.175288,4,0
32589706,service,service,1,0.202,13.0661,80.269466,4,0
23499974,street,unclassified,1,0.456,13.087247,80.267848,5,0
46763972,street,unclassified,1,0.255,12.945946,80.14762,2,0
23966118,main,secondary,1,0.243,13.124298,80.288573,6,0
22976712,street,unclassified,1,0.254,13.048832,80.244995,6,0
211638784,path,footway,1,0.53,13.020709,80.266569,19,0
26969950,street,residential,1,0.089,13.083672,80.20683,2,0
23079580,main,tertiary,1,0.378,12.984328,80.219469,5,0
335960128,street_limited,living_street,1,0.028,13.1257,80.267002,2,0
349516672,street,residential,1,0.667,13.114727,80.040685,6,-1
30077690,street,residential,1,0.336,13.110239,80.176665,2,0
25562376,street,residential,1,0.221,12.983239,80.186911,3,0
23135440,street,residential,1,0.182,13.029919,80.259521,2,0
26464924,street,unclassified,1,0.242,13.124144,80.255531,6,0
30604294,street,unclassified,1,0.082,12.975024,80.222288,3,0
27877844,street,unclassified,1,0.633,13.095093,80.164569,2,0
27203366,street_limited,living_street,1,0.118,13.041268,80.217445,2,0
27354984,street,residential,1,0.29,12.980499,80.225039,4,0
102661712,street_limited,living_street,1,0.227,13.060542,80.215521,3,0
30282000,street,unclassified,1,0.163,12.973984,80.254456,3,0
208160240,street,residential,1,0.165,12.919284,80.068574,3,0
132509248,street,unclassified,1,0.197,12.978953,80.228146,3,0
26525766,main,tertiary,1,0.209,13.045601,80.225947,4,0
47997900,street,unclassified,1,0.324,13.091654,80.267594,5,0
32335754,street,residential,1,0.043,13.02306,80.200211,2,0
240340240,major_rail,rail,1,1.023,13.080365,80.27094,12,0
46765832,street,unclassified,1,0.221,13.036723,80.121396,7,0
108401688,street,residential,1,0.024,12.991139,80.193146,2,0
25466310,main,tertiary,1,0.596,13.039335,80.216493,15,0
213005456,street,residential,1,0.301,13.09754,80.1957,3,0
29503232,street,residential,1,0.24,12.985268,80.225042,4,0
23500020,street_limited,living_street,1,0.34,13.091708,80.260566,5,0
206824288,street,residential,1,0.081,13.032583,80.235114,3,0
189500784,main,secondary,1,0.378,13.035557,80.238856,7,0
27768978,main,secondary,1,0.371,13.073941,80.259648,9,0
27347532,street_limited,living_street,1,0.093,13.043755,80.200356,4,0
164454784,street,residential,1,0.168,12.962011,80.194361,3,0
214188192,street,unclassified,1,0.41,13.019658,80.217747,8,0
34256968,street,residential,1,0.145,13.03095,80.210709,2,0
32425312,street,residential,1,0.064,13.020347,80.199849,2,0
48749332,street,residential,1,0.207,13.093788,80.214807,3,0
30337236,street,unclassified,1,0.183,12.975553,80.257598,4,0
34231696,street,unclassified,1,0.183,13.04555,80.166406,3,0
23135468,street,residential,1,0.119,13.026397,80.254765,2,0
208365952,street,residential,1,0.25,12.906552,80.147252,2,0
25470226,main,tertiary,1,0.652,13.11158,80.099888,6,0
206812352,street,residential,1,0.272,13.046559,80.224619,3,0
23240554,street,unclassified,1,0.678,12.94803,80.138922,3,0
30076436,street,unclassified,1,0.396,13.073513,80.214765,3,0
32575344,street,residential,1,0.035,13.029729,80.205021,2,0
102457952,main,secondary,1,0.033,13.032086,80.239068,2,0
32911166,street,unclassified,1,0.18,12.894466,80.247693,4,0
27319930,main,tertiary,1,0.445,12.968657,80.221243,5,0
178751040,street,unclassified,1,0.785,13.018178,80.106882,6,0
211864592,street_limited,living_street,1,0.082,13.060099,80.265918,2,0
27346844,street,unclassified,1,0.14,13.030932,80.218323,3,0
23970162,street,residential,1,0.173,13.090788,80.224241,2,0
32552426,street,unclassified,1,0.228,13.025887,80.20348,9,0
138337648,main,tertiary,1,0.712,13.123244,80.027248,10,-1
335959808,street,residential,1,0.042,13.100421,80.2045,2,0
24339580,street,residential,1,0.388,13.021897,80.264294,7,0
26322104,street_limited,living_street,1,0.227,13.113194,80.273798,3,0
27342704,street,residential,1,0.068,12.9902,80.201592,2,0
240461904,street,secondary_link,1,0.581,13.053861,80.263686,5,0
24831568,street,residential,1,0.076,13.014854,80.230928,2,0
30609148,street,residential,1,0.202,12.982802,80.226296,4,0
96944720,major_rail,rail,1,0.541,12.820517,80.036518,4,1
30625150,street,unclassified,1,0.196,13.077616,80.196943,3,0
46765828,street,unclassified,1,0.179,13.037298,80.123958,3,0
25593952,main,tertiary,1,0.484,13.014182,80.202446,4,0
363759296,street_limited,living_street,1,0.185,13.116406,80.106791,7,0
28225368,main,tertiary,1,0.152,13.025492,80.177153,2,0
27347520,street,residential,1,0.24,13.041597,80.211787,2,0
27370180,street,residential,1,0.213,12.977779,80.215372,4,0
27630128,street,residential,1,0.212,12.954814,80.198287,3,0
30423896,main,tertiary,1,0.323,12.906565,80.144037,4,0
32720592,street,residential,1,0.03,13.028516,80.204354,2,0
23962548,street_limited,living_street,1,0.07,13.052522,80.273361,3,0
32648128,main,secondary,1,0.44,13.074116,80.262372,11,0
23306322,street_limited,living_street,1,0.148,13.075909,80.215656,4,0
34231696,street,unclassified,1,0.438,13.046885,80.168666,4,0
30337596,street,unclassified,1,0.226,12.979165,80.25645,3,0
47572744,main,trunk,1,1.44,12.753776,80.000128,7,-1
30921334,street,residential,1,0.486,13.089683,80.195144,2,0
27344656,street,residential,1,0.173,12.997477,80.207988,2,0
208934752,street,residential,1,0.083,12.990604,80.144306,2,0
25466700,street,unclassified,1,0.163,13.039769,80.190698,4,0
151676368,service,service,1,0.105,13.008188,80.235525,2,0
208936176,street,residential,1,0.614,12.949286,80.150676,10,0
46781304,street,unclassified,1,0.421,12.978684,80.139754,3,0
211634896,street,residential,1,0.503,13.024216,80.235431,3,0
102658264,street,road,1,0.509,13.012389,80.121532,4,0
25377976,main,tertiary,1,0.333,13.099048,80.142524,3,0
27618732,street,unclassified,1,0.203,13.068509,80.211961,3,0
219391440,street,residential,1,0.194,12.941967,80.212229,4,0
206806160,street,residential,1,0.136,12.967942,80.230067,3,0
23047844,street,residential,1,0.135,13.037054,80.234648,2,0
24775486,street_limited,living_street,1,0.073,13.024648,80.240316,3,0
235920576,major_rail,rail,1,1.308,12.978129,80.237242,13,0
155213952,main,tertiary,1,1.203,13.147991,80.236734,10,0
26464924,street_limited,living_street,1,0.204,13.124178,80.255863,2,0
305118304,street_limited,residential,1,0.112,12.918892,80.199184,3,0
132065360,street,unclassified,1,0.238,12.964343,80.249642,3,0
364490464,street,residential,1,0.249,13.067538,80.162388,5,0
30015056,street,unclassified,1,0.284,12.990945,80.208529,5,0
30337236,street,unclassified,1,0.089,12.977737,80.254913,2,0
177138880,main,secondary,1,0.227,13.069312,80.243316,7,0
23163908,street_limited,living_street,1,0.124,13.029742,80.228865,2,0
27170988,street,residential,1,0.087,13.0348,80.252326,2,0
34231608,street,unclassified,1,0.32,13.052771,80.172939,2,0
97337624,street_limited,living_street,1,0.225,13.055365,80.213079,4,0
384290624,street,unclassified,1,0.103,12.925427,80.098613,2,0
34050704,main,primary,1,0.87,13.037361,80.194988,7,0
27319988,street,residential,1,0.061,12.981344,80.200114,3,0
211751184,street,residential,1,0.083,13.051781,80.259211,2,0
51352044,main,tertiary,1,0.352,13.099776,80.201851,6,0
127574712,street_limited,living_street,1,0.072,13.022646,80.226362,3,0
217978832,major_rail,rail,1,0.651,13.086005,80.275209,7,0
27505290,street,residential,1,0.161,13.04211,80.265532,6,0
26969972,street,unclassified,1,0.079,13.091928,80.200007,2,0
217940528,street_limited,living_street,1,0.106,13.117168,80.263972,2,0
184469840,street_limited,living_street,1,0.251,12.963539,80.213652,3,0
208810448,street,residential,1,0.07,12.884211,80.191719,2,0
27483296,street,unclassified,1,0.134,12.996512,80.196189,2,0
179312176,street,residential,1,0.192,12.944679,80.183888,2,0
34251728,street,unclassified,1,0.204,13.035246,80.191056,3,0
161048336,street,residential,1,0.185,12.999727,80.261521,3,0
32911168,street,unclassified,1,0.417,12.894402,80.24957,3,0
158081456,,taxiway,1,0.321,12.995112,80.166121,2,0
26527284,street,unclassified,1,0.462,13.057105,80.202299,10,0
27344676,street,residential,1,0.265,12.97349,80.212349,4,0
23888024,street_limited,living_street,1,0.347,13.098485,80.287501,4,0
34133672,street,residential,1,0.141,13.0537,80.193426,2,0
30921114,street,unclassified,1,0.117,13.045165,80.185267,2,0
219560960,main,tertiary,1,0.877,13.11615,80.159783,11,0
275459520,main,secondary,1,0.037,13.072998,80.260988,3,0
32427308,street,residential,1,0.12,13.01496,80.186395,2,0
369836160,street,residential,1,0.061,12.974527,80.140282,3,0
208187488,street,residential,1,0.303,12.916254,80.13075,5,0
340016352,street,residential,1,0.083,13.082427,80.183137,3,0
240385008,major_rail,rail,1,0.69,13.107749,80.26804,8,0
206656480,street,unclassified,1,0.059,12.983916,80.244258,3,0
207149472,street,residential,1,0.094,13.095903,80.200153,2,0
298794112,street,residential,1,0.207,12.92567,80.133451,6,0
27643192,street,residential,1,0.146,13.029936,80.256063,3,0
27319958,street,residential,1,0.181,12.990267,80.203418,4,0
34254396,street,unclassified,1,0.19,13.033969,80.195795,3,0
98639504,street,unclassified,1,0.627,12.975015,80.230835,9,0
86665392,major_rail,rail,1,1.242,12.730549,79.983852,6,-1
27453122,street,residential,1,0.173,13.054498,80.206903,3,0
32553818,street_limited,living_street,1,0.359,13.008063,80.193214,8,0
26808454,main,primary,1,0.48,13.085654,80.252666,10,0
206825520,street_limited,living_street,1,0.112,13.106407,80.199903,4,0
208359344,street,residential,1,0.075,12.929782,80.145835,2,0
194605344,street,residential,1,0.134,12.906309,80.199815,6,0
218212400,street_limited,living_street,1,0.137,13.125604,80.255527,4,0
27369016,street,unclassified,1,0.087,12.980617,80.229433,4,0
25392164,main,tertiary,1,0.398,13.107122,80.174203,4,0
27442380,street,unclassified,1,0.23,12.973064,80.260363,4,0
27616502,street,unclassified,1,0.416,13.074681,80.202043,15,0
26524684,street,unclassified,1,0.237,13.047105,80.213236,4,0
27320152,street,residential,1,0.142,12.977363,80.214939,2,0
217945168,street_limited,living_street,1,0.097,13.118198,80.266377,2,0
27346876,street_limited,living_street,1,0.137,13.041533,80.214089,2,0
84085320,main,tertiary,1,0.546,13.145998,80.229991,6,0
24338804,street,residential,1,0.218,13.028479,80.261996,4,0
127647960,street_limited,living_street,1,0.15,13.017585,80.219245,7,0
32404340,street,unclassified,1,0.069,13.028516,80.208766,3,0
217950368,street_limited,living_street,1,0.039,13.121441,80.267671,2,0
213067888,street,residential,1,0.179,13.118647,80.163121,5,0
34248736,motorway,motorway,1,0.046,13.036631,80.149303,2,0
206825920,street_limited,living_street,1,0.19,13.067273,80.216965,4,0
208934896,street,residential,1,0.132,12.977244,80.129917,3,0
25377988,main,tertiary,1,0.39,13.10081,80.141068,3,0
27344732,street,residential,1,0.155,12.985805,80.193184,2,0
133599496,main,secondary,1,0.844,13.16197,80.302938,12,0
34254336,street,unclassified,1,0.227,13.03073,80.187776,3,0
32775908,street,unclassified,1,0.142,13.013537,80.207793,2,0
142301952,street,residential,1,0.306,12.930704,80.141123,7,0
207139296,street,residential,1,0.084,13.026131,80.215937,2,0
34159296,street_limited,living_street,1,0.097,13.086055,80.189442,3,0
112716528,street,unclassified,1,0.226,13.072138,80.244929,4,0
26550092,main,secondary,1,0.186,13.092074,80.222832,2,0
206637728,street,residential,1,0.158,12.966981,80.215956,2,0
25459918,street,residential,1,0.361,13.04178,80.218021,11,0
27344648,street_limited,living_street,1,0.177,13.000796,80.205324,2,0
208813632,street,residential,1,0.091,12.928728,80.239511,2,0
131961792,street,unclassified,1,0.114,12.965288,80.252124,2,0
208168512,street,residential,1,0.318,12.908927,80.091017,7,0
206649488,street_limited,living_street,1,0.285,13.12348,80.253984,5,0
181129648,street_limited,living_street,1,0.17,13.05083,80.264833,4,0
136508384,street_limited,living_street,1,0.074,13.019864,80.213098,5,0
31962038,street,unclassified,1,0.148,13.053227,80.097437,3,0
24831572,street_limited,living_street,1,0.155,13.013935,80.231927,2,0
31962668,main,secondary,1,1.065,13.041299,80.114467,25,0
240340224,major_rail,rail,1,0.083,13.068051,80.23323,2,0
206651584,street,unclassified,1,0.12,13.044406,80.188964,3,0
127383816,street_limited,living_street,1,0.132,13.020669,80.250844,3,0
27171252,street,residential,1,0.153,13.028999,80.242355,3,0
27369688,street,unclassified,1,0.323,12.96667,80.182968,4,0
27434888,street_limited,living_street,1,0.094,13.043076,80.196072,2,0
24375580,street,unclassified,1,0.099,13.065379,80.249898,2,0
207260576,street,residential,1,0.064,13.090404,80.185036,2,0
217845072,main,trunk,1,0.955,13.086126,80.275857,17,0
28571970,street,residential,1,0.076,12.971326,80.218373,2,0
30622240,street,unclassified,1,0.106,13.037607,80.157901,2,0
369982944,street,residential,1,0.473,12.877751,80.208862,2,0
214599136,street_limited,living_street,1,0.236,13.013272,80.225526,6,0
27320000,street,residential,1,0.338,12.984949,80.201808,6,0
206827232,street,residential,1,0.029,13.018079,80.175234,2,0
26619416,street,residential,1,0.458,13.06477,80.224684,6,0
27360554,street,residential,1,0.372,12.989557,80.190025,6,0
23163912,street_limited,living_street,1,0.248,13.031742,80.227622,3,0
33876676,street,unclassified,1,0.203,13.067088,80.216569,7,0
25774722,street,residential,1,0.221,12.971855,80.188301,5,0
309591840,path,footway,1,0.014,13.021113,80.168821,3,0
25774732,street,residential,1,0.09,12.973546,80.190394,2,0
32938732,street,unclassified,1,0.152,12.945905,80.25473,3,0
206827264,street,residential,1,0.177,13.015031,80.178828,2,0
34254428,street,residential,1,0.176,13.030986,80.200908,4,0
34235668,street,unclassified,1,0.052,13.040434,80.158691,3,0
25466688,main,tertiary,1,0.951,13.041554,80.189824,13,0
208361184,street,residential,1,0.046,12.913905,80.156154,2,0
127574696,street_limited,living_street,1,0.177,13.017711,80.22295,5,0
26322112,street_limited,living_street,1,0.175,13.113999,80.274379,2,0
384672525,street,unclassified,1,0.398,12.970784,80.085456,3,0
23634228,street_limited,living_street,1,0.238,13.026728,80.218511,4,0
207144928,street,unclassified,1,0.354,13.111352,80.22936,2,0
23641250,street_limited,living_street,1,0.195,13.005467,80.203277,4,0
186797312,main,secondary,1,0.012,13.056952,80.242738,3,0
184730864,street,residential,1,0.294,13.074039,80.177351,5,0
27319896,street,residential,1,0.16,12.978665,80.211457,3,0
30742124,main,tertiary,1,0.156,13.074661,80.189822,4,0
24262144,street,residential,1,0.129,13.021631,80.254687,4,0
30402624,street,residential,1,0.039,13.00397,80.259368,2,0
384380384,service,track,1,0.393,12.894389,80.218151,2,0
384380352,service,track,1,0.976,12.893566,80.21731,6,0
34251800,street,unclassified,1,0.102,13.037092,80.181699,2,0
208361216,street,residential,1,0.099,12.918118,80.147486,2,0
34135036,street,unclassified,1,0.058,13.047448,80.18781,3,0
151676368,service,service,1,0.322,13.008991,80.235238,13,0
371363808,street,residential,1,0.108,12.973661,80.134589,2,0
27346860,street,residential,1,0.236,13.036721,80.214555,3,0
32724308,street,unclassified,1,0.115,12.970677,80.150098,2,0
23186348,street,unclassified,1,0.423,13.041336,80.245889,9,0
34231748,street,unclassified,1,0.09,13.044196,80.17386,4,0
24775566,street,residential,1,0.097,13.01771,80.246463,2,0
4719045,main,tertiary,1,0.142,13.038985,80.25656,2,0
179250320,street,residential,1,1.059,12.933129,80.185992,22,0
23467848,street_limited,living_street,1,0.314,13.112802,80.292732,2,0
217960176,major_rail,rail,1,0.471,13.088324,80.291003,6,0
206825920,street_limited,living_street,1,0.453,13.070715,80.214355,18,0
34251760,street,unclassified,1,0.125,13.0351,80.189285,3,0
69602368,street,unclassified,1,0.189,13.076764,80.197747,2,0
24775596,street,residential,1,0.567,13.013133,80.244768,11,0
206653776,street,residential,1,0.08,12.977875,80.196649,2,0
23698648,street,residential,1,0.152,13.037732,80.210721,3,0
383841152,street,unclassified,1,1.23,12.977496,80.090103,5,0
34621624,main,tertiary,1,0.637,13.125111,80.201567,4,3
132065392,street,unclassified,1,0.288,12.964409,80.248808,4,0
211634903,service,service,1,0.3,13.020479,80.234132,4,0
354099040,street,residential,1,0.043,12.978912,80.201255,2,0
208934976,street,residential,1,0.119,12.982389,80.134047,5,0
369982941,street,residential,1,0.289,12.89232,80.198994,3,0
208187440,street,residential,1,0.323,12.93377,80.138986,4,0
98358120,street,residential,1,0.313,12.899,80.175881,7,0
27369802,street,unclassified,1,0.052,12.968235,80.189284,3,0
27433076,street,unclassified,1,0.165,13.043321,80.210821,3,0
28278672,street_limited,living_street,1,0.275,12.995048,80.257234,4,0
211634896,street,residential,1,0.152,13.03567,80.245285,3,0
27351840,street,residential,1,0.36,12.978468,80.19129,4,0
214356720,street,residential,1,0.128,13.032104,80.21781,4,0
184719136,street,residential,1,0.243,12.957874,80.242977,4,0
23648643,street,unclassified,1,0.095,12.908164,80.102589,4,0
27344668,street,residential,1,0.31,12.973247,80.215031,3,0
32255976,main,trunk,1,0.021,12.996062,80.189351,2,0
371502080,street,unclassified,1,0.026,12.971723,80.142078,2,0
27345524,street_limited,living_street,1,0.289,12.998653,80.200951,4,0
179259792,main,primary,1,1.303,12.924504,80.197787,22,0
206824304,street_limited,living_street,1,0.106,13.036335,80.225736,3,0
142413376,street,residential,1,0.081,12.928367,80.143845,2,0
24240054,street,residential,1,0.133,13.091771,80.214464,2,0
184719136,street,residential,1,0.154,12.957373,80.24087,3,0
27479804,street_limited,living_street,1,0.125,13.050752,80.201854,2,0
206829536,street,residential,1,0.085,13.018748,80.173536,3,0
33875996,street_limited,living_street,1,0.11,13.073186,80.21624,2,0
27442536,street,residential,1,0.172,13.031989,80.203587,2,0
219391440,street,residential,1,0.12,12.940687,80.213617,3,0
28540960,street,unclassified,1,0.977,12.985481,80.181935,12,0
28534336,street,unclassified,1,0.495,12.995834,80.206036,5,0
34246376,street,unclassified,1,0.111,13.042906,80.173016,2,0
29197074,street,residential,1,0.259,13.021204,80.151466,4,0
179310192,street,residential,1,0.548,12.937481,80.190134,8,0
155204892,service,service,1,0.332,12.988082,80.247525,3,0
28350256,street,residential,1,0.334,13.081969,80.220253,7,0
313544448,service,service,1,0.092,13.06335,80.234306,20,0
33876104,street,unclassified,1,0.094,13.074446,80.21121,3,0
34248508,street,unclassified,1,0.07,13.051195,80.192393,2,0
209503024,main,tertiary,1,0.02,13.038135,80.256591,3,0
384536736,street,unclassified,1,0.173,12.91968,80.067605,6,0
208597913,street,unclassified,1,0.195,13.018149,80.272225,2,0
0,street_limited,living_street,1,0.565,12.979199,80.253335,8,0
27344736,street,residential,1,0.147,12.984396,80.212323,2,0
30623532,street,unclassified,1,0.329,13.034072,80.167951,9,0
208378480,street,residential,1,0.345,12.932702,80.209227,7,0
237690880,street,residential,1,0.067,12.985817,80.187114,2,0
217757168,street,residential,1,0.306,13.063046,80.215434,8,0
27355016,street,unclassified,1,0.21,12.981702,80.228438,4,0
34135040,street,unclassified,1,0.088,13.047669,80.186324,2,0
26465004,street,residential,1,0.074,13.12984,80.26547,2,0
206649456,street_limited,living_street,1,0.188,13.123525,80.258444,3,0
27470662,street_limited,living_street,1,0.141,13.04802,80.200482,8,0
27319420,street,residential,1,0.14,12.968408,80.211749,5,0
369984239,service,service,1,0.464,13.020736,80.175021,6,0
208926240,street,residential,1,0.214,12.959977,80.138971,4,0
183403184,street_limited,living_street,1,0.231,12.942576,80.206487,8,0
208168448,street,residential,1,0.066,12.91002,80.090268,3,0
34139732,street,unclassified,1,0.374,13.054298,80.185045,6,0
34654904,main,secondary,1,1.314,13.158381,80.09921,10,-1
325034400,street,residential,1,0.118,12.943449,80.242202,3,0
24338708,street,residential,1,0.057,13.02601,80.277931,2,0
23164080,street,residential,1,0.097,13.049815,80.243373,4,0
214202928,path,footway,1,0.03,13.037454,80.227593,2,0
34234896,street,unclassified,1,0.203,13.047912,80.17635,2,0
30393148,street,residential,1,0.113,13.002778,80.251476,4,0
213364176,street,residential,1,0.172,12.977452,80.202966,2,0
23164008,street,unclassified,1,0.324,13.03591,80.243513,7,0
207139312,street,residential,1,0.118,13.025663,80.216365,4,0
371995392,street,residential,1,0.056,12.938716,80.211548,4,0
307740192,street,residential,1,0.378,12.936109,80.190135,5,0
206657792,street,residential,1,0.035,12.985386,80.254618,2,0
28304728,street,residential,1,0.138,12.977461,80.186305,2,0
23306346,main,primary,1,0.275,13.084127,80.210169,4,0
23642048,street,residential,1,0.137,13.007972,80.201694,3,0
4719050,street,residential,1,0.161,13.040124,80.251114,5,0
23941164,street_limited,living_street,1,0.116,13.054195,80.270758,2,0
27370252,street,residential,1,0.186,12.974435,80.224167,3,0
24240048,street,residential,1,0.216,13.091606,80.21267,3,0
23813360,service,service,1,0.143,13.042472,80.250059,4,0
208812480,street,unclassified,1,0.213,12.932578,80.233753,6,0
27454264,street,residential,1,0.168,13.055489,80.197723,3,0
133593216,main,primary,1,1.263,12.922458,80.141251,9,0
34157844,street,unclassified,1,0.076,13.070848,80.180459,2,0
34023096,street_limited,living_street,1,0.189,13.037845,80.203165,2,0
27370236,street,residential,1,0.066,12.979881,80.218914,2,0
208187424,street,residential,1,0.26,12.919189,80.140145,4,0
32620912,street,unclassified,1,0.08,13.025747,80.206691,2,0
214599104,street_limited,living_street,1,0.042,13.018617,80.21229,2,0
178473248,main,tertiary,1,0.388,12.978182,80.133753,4,0
30423896,main,tertiary,1,0.219,12.906372,80.149132,3,0
268058144,street,residential,1,0.208,13.016366,80.167014,6,0
27344892,street_limited,living_street,1,0.078,12.993325,80.212816,3,0
384294560,street,unclassified,1,0.062,12.923086,80.097256,4,0
30747010,driveway,service,1,0.654,12.959226,80.146574,7,0
27347368,street,unclassified,1,0.266,13.052928,80.201173,3,0
184728848,street,residential,1,0.198,13.082907,80.163175,3,0
132190840,street,unclassified,1,0.038,12.972442,80.243903,2,0
26465050,street,unclassified,1,0.324,13.128332,80.268,4,0
384380416,street,residential,1,0.173,12.896909,80.218301,2,0
208187504,street,residential,1,0.487,12.920906,80.13536,8,0
34251716,street,unclassified,1,0.103,13.036803,80.188192,2,0
48132792,main,primary,1,0.023,13.08579,80.250419,2,0
384297984,street,unclassified,1,0.216,12.932849,80.098515,2,0
27189948,street_limited,living_street,1,0.098,13.038919,80.226289,2,0
132071696,street,unclassified,1,0.073,12.966943,80.257718,2,0
34251776,street,unclassified,1,0.114,13.031353,80.184935,2,0
207897664,street,residential,1,0.34,12.85284,80.053829,3,0
24270486,street_limited,living_street,1,0.123,13.029454,80.26769,4,0
32575416,street,residential,1,0.137,13.029411,80.202762,2,0
28765082,minor_rail,rail,1,0.876,13.106371,80.296483,9,0
24270430,street,unclassified,1,0.229,13.03287,80.265314,7,0
275459552,street,secondary_link,1,0.049,13.063776,80.235413,5,0
179276912,street,residential,1,0.066,12.94803,80.198569,4,0
206649472,street_limited,living_street,1,0.196,13.123556,80.255725,5,0
184728832,street,residential,1,0.175,13.085859,80.176245,2,0
211634896,street_limited,living_street,1,0.081,13.03032,80.245462,3,0
184913296,street,unclassified,1,0.02,13.061675,80.215053,2,0
217950384,street_limited,living_street,1,0.053,13.125936,80.26687,2,0
31961784,street,unclassified,1,0.312,13.045644,80.109942,5,0
208936208,street,residential,1,0.277,12.948004,80.150229,3,0
207270096,street_limited,living_street,1,0.118,13.087024,80.231938,3,0
32945360,street,unclassified,1,0.388,13.038846,80.181147,8,0
189500800,street,residential,1,0.093,13.043888,80.232911,2,0
206673888,street,residential,1,0.272,12.977488,80.218884,4,0
29046940,service,service,1,0.452,12.988009,80.263346,8,0
383858400,,runway,1,0.62,13.005671,80.158549,2,0
39394828,street_limited,living_street,1,0.017,13.056423,80.254086,2,0
297505888,street,residential,1,0.457,12.923998,80.12755,5,0
34140580,street,unclassified,1,0.168,13.048302,80.176728,2,0
25466218,main,secondary,1,0.693,13.039991,80.205089,6,0
25392152,main,tertiary,1,0.781,13.105681,80.170263,4,0
177370752,service,service,1,1.001,13.084533,80.161606,10,0
217797424,street_limited,living_street,1,0.041,13.0671,80.232362,2,0
24339592,street,residential,1,0.263,13.022406,80.269817,5,0
102309336,main,tertiary,1,0.439,12.799054,80.039845,2,4
23802568,main,primary,1,0.261,13.082499,80.242618,5,0
30622996,street,unclassified,1,0.116,13.026275,80.154412,3,0
206825504,main,tertiary,1,0.672,13.106577,80.199283,10,0
132065352,street,unclassified,1,0.189,12.974475,80.251638,2,0
27630036,street,unclassified,1,0.438,12.968995,80.166075,9,0
95363872,main,primary,1,2.526,13.178185,79.611806,10,-1
208935040,street,residential,1,0.296,12.986671,80.132348,7,0
24375524,street_limited,living_street,1,0.382,13.056713,80.243944,5,0
23885076,street_limited,living_street,1,0.154,13.085918,80.277212,4,0
0,street,unclassified,1,0.071,13.092012,80.199688,2,0
225395152,main,tertiary,1,0.266,12.94869,80.231063,2,0
34231664,street,unclassified,1,0.059,13.049506,80.1635,2,0
27347432,street_limited,living_street,1,0.139,13.030165,80.211031,5,0
27344736,street,unclassified,1,0.482,12.988717,80.19034,9,0
27189840,street,residential,1,0.265,13.046153,80.226289,3,0
208366032,street,residential,1,0.358,12.907177,80.163138,6,0
179250320,street,residential,1,0.864,12.926626,80.187309,22,0
27189944,street_limited,living_street,1,0.056,13.040969,80.2272,2,0
27189940,street_limited,living_street,1,0.103,13.034688,80.227733,2,0
26490104,main,primary,1,0.074,13.111274,80.278149,7,0
207886272,street,residential,1,0.496,12.865614,80.066341,7,0
27171328,street,residential,1,0.057,13.028574,80.244056,2,0
27189964,street_limited,living_street,1,0.18,13.035645,80.222834,4,0
0,street,unclassified,1,0.105,12.97107,80.255926,2,0
126856128,street,unclassified,1,0.525,13.05616,80.230729,10,0
132064392,street,unclassified,1,0.335,12.969871,80.265217,4,0
384425056,street,road,1,0.889,13.074386,80.154924,25,0
34135064,street,unclassified,1,0.355,13.046203,80.183602,7,0
23467832,street_limited,living_street,1,0.218,13.106214,80.294292,3,0
191527888,main,tertiary,1,0.381,12.898104,80.089101,4,0
214366912,street_limited,living_street,1,0.08,13.023425,80.21681,3,0
24270462,street_limited,living_street,1,0.27,13.030062,80.273251,6,0
34251756,street,unclassified,1,0.207,13.032668,80.188916,4,0
206836528,street,residential,1,0.13,13.027613,80.17669,2,0
27319880,street,residential,1,0.28,12.97576,80.210186,5,0
27320358,street,residential,1,0.095,12.981553,80.199418,3,0
48741332,street,unclassified,1,0.464,13.099673,80.216717,6,0
163384128,main,tertiary,1,0.016,13.015231,80.181663,2,0
218189488,street,residential,1,0.208,13.066584,80.257244,3,0
27347344,street,unclassified,1,0.181,13.04431,80.199595,3,0
206651584,street,unclassified,1,0.052,13.044574,80.189156,2,0
26969694,street,residential,1,0.228,13.084194,80.20172,3,0
28564304,street,residential,1,0.115,12.999734,80.256982,2,0
102547872,main,primary,1,0.506,12.900842,80.23072,3,0
102658272,main,tertiary,1,0.372,13.011467,80.122246,5,0
25619964,major_rail,rail,1,1.301,12.946406,80.137449,2,0
208170784,street,residential,1,0.415,12.92815,80.097862,3,0
208168384,street,residential,1,0.138,12.897763,80.064239,2,0
23970116,street,residential,1,0.2,13.085331,80.222841,4,0
30625158,street,unclassified,1,0.194,13.074651,80.185997,2,0
27347522,street,residential,1,0.147,13.039457,80.21024,4,0
23802582,main,tertiary,1,0.314,13.082219,80.232465,4,0
384502016,street,unclassified,1,0.125,12.941915,80.249029,3,0
27202602,street_limited,living_street,1,0.216,13.037197,80.226564,8,0
33631904,street,unclassified,1,0.172,13.039676,80.124,3,0
178751040,street,unclassified,1,0.237,13.029117,80.110354,4,0
98357480,street,residential,1,0.659,12.892562,80.175909,9,0
23135468,street,residential,1,0.292,13.02573,80.25669,5,0
30622112,street,unclassified,1,0.03,13.033004,80.158164,2,0
30852862,street_limited,living_street,1,0.181,13.079895,80.231183,4,0
24270354,street_limited,living_street,1,0.049,13.041542,80.271948,2,0
177370752,service,service,1,0.533,13.067058,80.161257,4,0
354250112,street_limited,living_street,1,0.115,13.100328,80.199852,2,0
31242992,street,residential,1,0.05,13.053636,80.195022,2,0
30312944,street,unclassified,1,0.113,12.979577,80.258113,2,0
26394464,street_limited,living_street,1,0.14,13.112906,80.280141,3,0
32254476,street,unclassified,1,0.148,12.927234,80.110573,2,0
27346878,street,residential,1,0.228,13.040807,80.213097,4,0
28534356,street,residential,1,0.137,12.995993,80.209614,3,0
214599136,service,service,1,0.257,13.013107,80.220874,3,0
48049872,street_limited,living_street,1,0.055,13.089457,80.261084,2,0
23135516,street,residential,1,0.186,13.028302,80.241787,4,0
85862576,main,secondary,1,0.075,13.025818,80.243732,2,0
84084648,main,primary,1,0.191,13.008627,80.19951,2,0
206836576,street,residential,1,0.084,13.03087,80.180029,4,0
23647176,main,trunk,1,0.239,13.017713,80.224855,2,0
34020984,street_limited,living_street,1,0.044,13.040314,80.197687,2,0
34254324,street,unclassified,1,0.281,13.026858,80.189302,4,0
25562108,main,tertiary,1,0.488,12.98504,80.176654,6,0
108148360,street,residential,1,0.046,12.972245,80.218829,2,0
158079120,major_rail,rail,1,1.288,12.945775,80.136946,17,0
189488688,street,unclassified,1,0.357,12.903021,80.230354,6,0
32424224,main,primary,1,0.569,13.029579,80.208812,7,0
112716600,street,residential,1,0.105,13.072281,80.246469,2,0
102303000,main,primary,1,1.341,12.892208,80.040905,5,-1
206649504,street_limited,living_street,1,0.102,13.122,80.252969,2,0
30281952,street_limited,living_street,1,0.074,12.978778,80.261453,3,0
30971640,path,footway,1,0.367,13.063274,80.248569,10,0
131961760,street,unclassified,1,0.127,12.968585,80.252974,2,0
27370272,street,unclassified,1,0.181,12.977221,80.228616,3,0
31264860,street,unclassified,1,0.185,13.105576,80.134671,3,0
23648654,street,unclassified,1,0.081,12.908057,80.107353,3,0
34134248,street,unclassified,1,0.307,13.053065,80.19096,5,0
138307600,main,tertiary,1,0.258,13.105602,80.102017,4,0
30751002,main,trunk,1,0.438,12.944657,80.13502,4,0
208378352,street,residential,1,0.045,12.934338,80.210199,2,0
27171470,street,residential,1,0.19,13.025416,80.248237,5,0
213005472,street_limited,living_street,1,0.29,13.105208,80.20142,7,0
26396304,street_limited,living_street,1,0.265,13.117347,80.282307,6,0
188574976,street,unclassified,1,0.183,12.823033,80.045736,2,1
34251728,street,unclassified,1,0.138,13.036415,80.190361,2,0
112716512,street,residential,1,0.158,13.071898,80.248873,7,0
28404782,path,footway,1,0.253,13.007282,80.236936,3,0
218191056,street_limited,living_street,1,0.184,13.086898,80.235046,3,0
30279592,street,unclassified,1,0.035,12.981267,80.25727,2,0
28275160,main,primary,1,0.069,13.015142,80.259301,3,0
206673904,street,residential,1,0.118,12.983539,80.197476,8,0
30597360,street,unclassified,1,0.127,12.974179,80.204816,2,0
30609180,street,unclassified,1,0.498,12.981715,80.235679,13,0
326514368,street,unclassified,1,0.293,13.123352,80.116081,3,0
208824096,street,residential,1,0.473,12.883269,80.228562,7,0
179253504,main,secondary,1,0.071,12.950924,80.185873,4,0
208808672,street,residential,1,0.082,12.931413,80.205681,3,0
322015296,street,residential,1,0.157,13.140208,80.239864,2,0
27484076,service,service,1,0.259,13.043946,80.250631,7,0
184913360,street_limited,living_street,1,0.265,13.057894,80.214744,4,0
25467964,main,tertiary,1,0.886,13.072977,80.181428,12,0
27709132,street,residential,1,0.237,13.026781,80.223063,2,0
27359788,street,residential,1,0.395,12.969951,80.198477,5,0
159000624,main,tertiary,1,0.576,12.941748,80.168419,22,0
149173808,street_limited,living_street,1,0.13,12.911622,80.162057,5,0
214413808,main,trunk,1,0.265,13.081081,80.271936,3,0
32911252,street,unclassified,1,0.036,12.870825,80.244161,2,0
155213952,main,secondary,1,0.612,13.134654,80.251724,5,0
27442470,street,residential,1,0.125,13.025531,80.215817,2,0
23962640,street,residential,1,0.163,13.046889,80.265319,3,0
0,street,residential,1,0.827,12.91786,80.066923,5,0
26969700,street,residential,1,0.298,13.083493,80.209268,4,0
32742184,street,unclassified,1,0.211,13.013617,80.211798,2,0
206836608,street,road,1,0.202,13.026443,80.168909,4,0
30622188,street,unclassified,1,0.19,13.033788,80.163269,6,0
23698636,street,unclassified,1,0.398,13.037315,80.214623,6,0
23047852,street,residential,1,0.249,13.031581,80.23184,2,0
217963600,street_limited,living_street,1,0.046,13.10742,80.212014,2,0
32775992,street,residential,1,0.255,13.015076,80.209681,3,0
262015232,path,footway,1,0.025,13.021077,80.223337,2,0
28275504,main,primary,1,0.29,13.024989,80.274701,6,0
384646688,street,unclassified,1,0.123,12.933572,80.164234,2,0
25376904,main,secondary,1,0.502,13.11555,80.227892,2,0
206827248,street,residential,1,0.032,13.017577,80.17496,2,0
27319424,street,residential,1,0.367,12.966248,80.211641,11,0
206840928,street,residential,1,0.083,13.043403,80.176493,2,0
194607456,street_limited,living_street,1,0.188,12.941058,80.191157,4,0
22926955,main,tertiary,1,0.887,12.986255,80.248914,7,0
46821264,street,unclassified,1,0.152,12.946155,80.132854,2,0
28494490,street,unclassified,1,0.545,13.071655,80.192594,2,0
33135508,street,unclassified,1,0.245,13.180638,80.302381,5,0
102574528,main,tertiary,1,0.983,13.088081,80.14264,19,0
132192800,main,primary,1,0.121,12.981342,80.243651,3,0
183947344,street,residential,1,0.117,12.959739,80.252261,2,0
206651568,street,unclassified,1,0.357,13.03535,80.18322,7,0
208179840,street,residential,1,0.433,12.896727,80.108163,6,0
27346864,street,residential,1,0.154,13.037631,80.215775,2,0
132065376,street_limited,living_street,1,0.057,12.979948,80.249339,2,0
184913312,street_limited,living_street,1,0.067,13.058734,80.222043,2,0
198549440,street,residential,1,0.264,12.953509,80.183982,3,0
249673648,street,residential,1,0.658,13.018168,80.161044,19,0
28504992,street,unclassified,1,0.345,12.973789,80.266209,5,0
207144064,street_limited,living_street,1,0.155,13.123992,80.267199,3,0
34231744,street,unclassified,1,0.095,13.043699,80.175687,2,0
198549568,street,residential,1,0.226,12.95114,80.198115,4,0
112716576,street_limited,living_street,1,0.08,13.073315,80.244325,2,0
163384128,service,service,1,0.06,13.01516,80.173681,3,0
208378432,street,residential,1,0.082,12.933803,80.211378,2,0
27442372,street,unclassified,1,0.508,12.98094,80.263743,7,0
41415984,street,residential,1,0.268,13.020918,80.168812,4,0
46843976,street,unclassified,1,0.525,13.094438,80.187023,8,0
278769888,main,secondary,1,0.556,13.017905,80.159786,14,0
189493200,street,residential,1,0.091,13.036113,80.233377,2,0
38444544,street,road,1,0.15,12.995594,79.990218,2,-1
208378416,street,residential,1,0.253,12.933426,80.214365,3,0
213005456,street_limited,living_street,1,0.067,13.105573,80.202928,2,0
27344648,street_limited,living_street,1,0.197,13.000675,80.206093,2,0
27630332,street,residential,1,0.318,12.980021,80.241333,10,0
305293376,street,unclassified,1,0.64,12.996682,80.213776,9,0
142302528,street,residential,1,0.063,12.9295,80.140827,2,0
232405504,street,residential,1,0.161,12.974787,80.22101,6,0
131961776,street,unclassified,1,0.07,12.970302,80.253156,3,0
24270370,street_limited,living_street,1,0.162,13.037561,80.271859,3,0
23306324,street_limited,living_street,1,0.144,13.076131,80.215759,6,0
26464924,street_limited,living_street,1,0.499,13.125453,80.257036,10,0
34143868,street,unclassified,1,0.086,13.058517,80.189887,2,0
47416276,street_limited,living_street,1,0.134,13.093555,80.283027,4,0
35014140,street,residential,1,0.159,13.020651,80.245652,6,0
30312156,street,unclassified,1,0.314,12.968113,80.261053,4,0
27442708,street,unclassified,1,0.739,12.957005,80.173319,7,0
125180600,main,trunk,1,0.759,13.102376,80.159036,13,0
122063592,street,residential,1,0.162,13.038484,80.171167,5,0
23888126,street_limited,living_street,1,0.106,13.100679,80.284736,6,0
125180576,main,trunk,1,0.421,13.123088,80.110969,6,0
206656496,service,service,1,0.358,12.98469,80.244621,4,0
30623626,street,unclassified,1,0.212,13.049447,80.155468,2,0
32426104,street,residential,1,0.055,13.026931,80.209554,2,0
24375524,street_limited,living_street,1,0.142,13.058546,80.243968,2,0
208170752,street,residential,1,0.661,12.916783,80.097014,9,0
206838672,street,residential,1,0.216,13.049594,80.193342,5,0
32575472,street,residential,1,0.118,13.029469,80.206543,3,0
375030432,main,tertiary,1,0.198,13.304496,80.14598,2,-1
240516720,street,residential,1,0.073,13.050464,80.237849,3,0
34143848,street,unclassified,1,0.245,13.064843,80.196575,3,0
25553148,street,residential,1,0.38,12.978906,80.188017,9,0
206649488,street_limited,living_street,1,0.129,13.121919,80.253698,3,0
208935056,street,residential,1,0.436,12.985162,80.132033,7,0
23930090,main,tertiary,1,0.445,13.042791,80.264051,14,0
27352106,street,residential,1,0.36,12.967346,80.192899,5,0
27319972,street,residential,1,0.339,12.980257,80.216154,5,0
147260256,main,primary,1,0.834,13.061388,80.246177,18,0
268051696,main,primary,1,0.566,13.033047,80.154709,14,0
339882880,service,service,1,0.027,13.036219,80.220954,2,0
102460464,main,tertiary,1,0.606,13.080611,80.158974,7,0
184728880,street,residential,1,0.271,13.081973,80.163297,5,0
27360564,street,residential,1,0.103,12.989179,80.191402,2,0
24375488,street_limited,living_street,1,0.255,13.067478,80.235858,8,0
34254340,street,residential,1,0.707,13.027867,80.185389,7,0
208934832,street,residential,1,0.126,12.990931,80.141083,2,0
23901324,street_limited,living_street,1,0.13,13.053002,80.279573,2,0
23641246,street_limited,living_street,1,0.104,13.004172,80.206761,3,0
82881752,main,primary,1,0.455,12.948983,80.1866,4,0
48057012,street_limited,living_street,1,0.029,13.09594,80.253242,2,0
47497712,street_limited,living_street,1,0.096,13.058336,80.275058,2,0
34251752,street,unclassified,1,0.146,13.03297,80.189812,3,0
32335796,street_limited,living_street,1,0.865,13.028127,80.197558,26,0
102545504,major_rail,rail,1,0.763,13.115272,80.276192,4,0
23164082,street,residential,1,0.132,13.050669,80.244572,4,0
27442410,street,unclassified,1,0.701,12.949692,80.258206,8,0
98357544,street,residential,1,0.058,12.860434,80.068868,3,0
34159272,street,unclassified,1,0.148,13.087115,80.18879,3,0
371502080,street,unclassified,1,0.12,12.969543,80.146567,2,0
23500028,street_limited,living_street,1,0.231,13.089162,80.25215,8,0
30623548,street,unclassified,1,0.052,13.041049,80.157864,2,0
28564316,street,residential,1,0.105,13.000212,80.261415,2,0
34822324,street,unclassified,1,0.113,13.028056,80.209141,3,0
217904432,street_limited,living_street,1,0.256,13.115468,80.260072,7,0
33876624,street,unclassified,1,0.023,13.066035,80.218094,2,0
307740192,street,residential,1,0.063,12.937254,80.190034,2,0
209503008,main,secondary,1,0.841,13.037933,80.260897,21,0
25454724,main,secondary,1,0.257,13.031507,80.190178,4,0
24375584,service,service,1,0.085,13.064144,80.252649,6,0
208810480,street,residential,1,0.08,12.890123,80.18599,2,0
157989488,main,secondary,1,0.308,13.046206,80.239868,8,0
295244512,street,residential,1,0.194,13.020244,80.145905,8,0
27432324,street,residential,1,0.128,13.041255,80.205847,3,0
46763968,street,residential,1,0.33,12.944948,80.147241,5,0
86302368,street,residential,1,0.067,12.973292,80.130908,3,0
217798336,street_limited,living_street,1,0.066,13.044871,80.220587,3,0
172487408,street,residential,1,0.263,13.06072,80.125157,3,0
369648064,service,service,1,0.044,13.012146,80.18914,3,0
206651584,street,unclassified,1,0.29,13.04472,80.187644,6,0
184429552,street,primary_link,1,0.043,12.949204,80.240626,4,0
27320016,street,residential,1,0.65,12.979061,80.197195,11,0
402089165,street,residential,1,0.257,12.915126,80.179509,3,0
208812528,street,residential,1,0.297,12.936364,80.237156,6,0
23842576,street,unclassified,1,0.106,13.042376,80.254824,2,0
27442408,street,unclassified,1,0.103,12.940171,80.257654,3,0
26465048,street,residential,1,0.114,13.126898,80.253875,2,0
28564300,street,residential,1,0.396,12.999436,80.25795,11,0
27354930,street,residential,1,0.351,12.983184,80.224559,4,0
24338748,street,residential,1,0.352,13.025868,80.270891,3,0
28563193,street,residential,1,0.191,12.99604,80.251228,2,0
27346928,street,unclassified,1,0.235,13.055895,80.209222,6,0
184108784,main,primary,1,0.92,12.877995,80.083298,8,0
288873504,street,residential,1,0.499,13.014688,80.151365,5,0
23953264,street_limited,living_street,1,0.119,13.052423,80.263355,3,0
26465032,street,residential,1,0.176,13.128209,80.256524,4,0
28746790,service,service,1,0.168,13.076245,80.285474,4,0
24240064,street,residential,1,0.079,13.089373,80.216229,2,0
27434884,street_limited,living_street,1,0.211,13.042356,80.196399,2,0
384309408,street,unclassified,1,0.037,12.959377,80.209,2,0
27320108,street,residential,1,0.459,12.96718,80.206694,4,0
23468608,street_limited,living_street,1,0.172,13.100063,80.275526,3,0
23648388,motorway,motorway,1,0.192,12.950954,80.11296,2,0
207897632,street,residential,1,0.219,12.852124,80.06756,4,0
288872928,street,residential,1,0.16,13.015727,80.151703,4,0
102574448,main,tertiary,1,0.671,13.079982,80.117981,6,0
30119284,main,tertiary,1,0.19,12.929248,80.112934,5,0
23135404,street,unclassified,1,0.413,13.030836,80.260254,8,0
84085344,street,unclassified,1,0.422,13.168381,80.248966,4,2
27442604,street,residential,1,0.215,12.958552,80.199555,3,0
325034362,street,residential,1,0.532,12.936048,80.242893,12,0
27320312,street,residential,1,0.273,12.98668,80.208754,4,0
34251792,street,unclassified,1,0.079,13.035147,80.188069,3,0
24338744,street_limited,living_street,1,0.256,13.027144,80.273791,8,0
208825568,street,residential,1,0.192,12.80549,80.223317,4,-1
25467812,main,secondary,1,1.038,13.061756,80.174394,22,0
206819104,street_limited,living_street,1,0.047,13.029687,80.224102,2,0
208187392,street,residential,1,0.129,12.923579,80.135658,3,0
26464928,street,residential,1,0.084,13.128737,80.254976,3,0
88779136,street,residential,1,0.122,12.969663,80.130755,3,0
23769352,street,residential,1,0.098,13.025864,80.277333,3,0
30622246,street,unclassified,1,0.033,13.037562,80.156107,2,0
207144080,street_limited,living_street,1,0.166,13.11716,80.266494,3,0
129614128,street,unclassified,1,0.107,12.972207,80.253193,5,0
29046872,street,residential,1,0.175,12.988432,80.259206,2,0
47571180,street_limited,living_street,1,0.129,13.063346,80.271209,4,0
34137896,street,unclassified,1,0.126,13.042966,80.181022,2,0
219520640,street_limited,living_street,1,0.068,13.08416,80.18818,3,0
23499992,street_limited,living_street,1,0.247,13.08174,80.270322,5,0
34134236,street,residential,1,0.409,13.056616,80.191466,4,0
23648636,street,unclassified,1,0.192,12.909613,80.104048,4,0
127647968,street_limited,living_street,1,0.036,13.018549,80.220067,2,0
208168480,street,residential,1,0.314,12.902923,80.063699,4,0
34157836,street,unclassified,1,0.173,13.073398,80.184042,2,0
208934768,street,residential,1,0.06,12.975338,80.122928,2,0
35312752,path,footway,1,0.391,13.036257,80.263415,6,0
23912134,path,footway,1,0.295,13.080377,80.274411,9,0
259350592,service,service,1,0.067,13.01516,80.169492,3,0
34019452,street_limited,living_street,1,0.06,13.040536,80.203999,2,0
35014864,street,residential,1,0.393,13.017518,80.247438,7,0
27442532,street_limited,living_street,1,0.127,13.034778,80.200593,2,0
33134936,street,unclassified,1,0.175,13.172787,80.303513,4,0
86220800,street,residential,1,0.211,12.972496,80.129785,7,0
2000003137536,main,trunk,1,1.234,13.298096,80.147641,3,-1
98357288,street,residential,1,0.189,12.858451,80.069069,2,0
179309616,street,residential,1,0.238,12.939473,80.191303,9,0
29883076,service,service,1,0.103,13.020816,80.222403,2,0
208810544,street,residential,1,0.173,12.884301,80.190751,3,0
217941184,main,tertiary,1,0.099,13.122619,80.255384,5,0
189496784,street,unclassified,1,0.172,12.902057,80.218352,4,0
208169808,street_limited,living_street,1,0.159,13.057403,80.25213,4,0
34251772,street,unclassified,1,0.074,13.031926,80.188184,2,0
29046758,street_limited,living_street,1,0.088,12.990495,80.261134,2,0
34629680,street,unclassified,1,0.152,13.118408,80.154343,3,0
30598640,street,unclassified,1,0.14,12.970257,80.215383,2,0
208927056,street,residential,1,0.281,12.966126,80.129685,4,0
27630084,street,unclassified,1,0.485,12.953093,80.201957,5,0
64387504,main,trunk,1,1.253,12.881243,80.081059,5,0
384294912,street,unclassified,1,0.066,12.925976,80.100734,3,0
31011636,main,tertiary,1,0.417,13.228712,80.297448,3,-1
208355024,street,residential,1,0.291,12.928959,80.149249,4,0
108401696,street,residential,1,0.027,12.99118,80.192769,2,0
46764712,street,unclassified,1,0.214,13.044482,80.136278,4,0
32911202,street,unclassified,1,0.726,12.885405,80.249012,5,0
206827232,street,unclassified,1,0.127,13.018266,80.173713,2,0
46843968,street,unclassified,1,0.266,13.093596,80.187357,3,0
304803456,street,residential,1,0.213,13.074485,80.214739,3,0
211408384,street,residential,1,0.078,13.114921,80.159803,4,0
34231688,street,unclassified,1,0.21,13.048613,80.170524,2,0
34618000,main,primary,1,0.543,13.071372,80.11246,4,0
27454212,street,unclassified,1,0.058,13.058169,80.204133,2,0
27319440,street,residential,1,0.369,12.96617,80.213424,4,0
206840928,street,residential,1,0.151,13.03554,80.178717,11,0
26465052,street,unclassified,1,0.278,13.129008,80.263204,6,0
34134708,street,unclassified,1,0.399,13.051087,80.186469,6,0
213357584,street,residential,1,0.09,12.958122,80.201753,2,0
35542808,street,residential,1,0.129,13.028272,80.264384,3,0
34231680,street,unclassified,1,0.062,13.050045,80.164256,3,0
155204304,service,service,1,0.114,12.98474,80.246537,7,0
34235652,street,unclassified,1,0.146,13.041371,80.153484,3,0
23941146,street_limited,living_street,1,0.148,13.057663,80.265606,3,0
214180592,street_limited,living_street,1,0.053,13.025386,80.222878,2,0
23634424,street_limited,living_street,1,0.258,13.027739,80.218649,2,0
27651216,street,residential,1,0.266,13.034053,80.264511,6,0
206634192,street,unclassified,1,0.302,12.964036,80.218876,5,0
32724316,street,unclassified,1,0.063,12.969255,80.145762,2,0
30620256,motorway,motorway,1,0.469,13.033809,80.149056,5,0
240473888,service,service,1,0.146,13.081797,80.277782,5,0
30750572,street,unclassified,1,0.13,12.939948,80.134506,2,0
34254344,street,unclassified,1,0.111,13.028248,80.190002,2,0
27189912,street_limited,living_street,1,0.207,13.045692,80.219374,2,0
31264864,street,unclassified,1,0.636,13.107651,80.131528,5,0
178473248,main,tertiary,1,0.364,12.980981,80.134049,5,0
99029664,street,road,1,0.336,12.847915,80.062191,7,0
23030588,street_limited,living_street,1,0.224,13.075943,80.267174,3,0
22688276,main,tertiary,1,1.052,13.062224,80.25454,24,0
28225304,service,service,1,0.421,13.020509,80.179161,5,0
27347436,street_limited,living_street,1,0.277,13.030121,80.212321,5,0
32945360,street,unclassified,1,0.431,13.037119,80.177163,8,0
153023840,street,residential,1,0.11,12.928375,80.143046,2,0
30751004,street,trunk_link,1,0.567,12.924153,80.115056,5,0
27342728,street,residential,1,0.16,12.993621,80.204117,2,0
27454304,street,residential,1,0.019,13.058156,80.202483,2,0
25117126,main,tertiary,1,0.434,12.987401,80.187216,23,0
23970120,street,residential,1,0.198,13.086817,80.222203,3,0
207135920,street,residential,1,0.125,13.028789,80.203797,3,0
240384992,major_rail,rail,1,0.665,13.107657,80.267943,8,0
30604304,street,unclassified,1,0.117,12.990724,80.218721,2,0
213364176,street,residential,1,0.099,12.968585,80.200894,2,0
208365920,street,residential,1,0.561,12.908105,80.154839,13,0
279279264,service,service,1,0.766,12.861651,80.072909,9,0
206644112,street,unclassified,1,0.338,12.987308,80.249587,4,0
194428736,main,secondary,1,1.316,12.902218,80.217123,5,0
217728208,street_limited,living_street,1,0.041,13.023578,80.257075,2,0
378400832,street,residential,1,0.234,12.940623,80.232191,3,0
208170784,street,residential,1,0.242,12.925406,80.097174,5,0
206840960,street,residential,1,0.164,13.042305,80.183814,3,0
217745280,street,residential,1,0.1,13.061421,80.226979,2,0
25377816,main,tertiary,1,1.343,13.083107,80.191385,20,0
30247204,main,secondary,1,0.351,13.089766,80.265059,6,0
102032960,main,tertiary,1,0.074,12.965198,80.15056,2,0
30424336,main,tertiary,1,0.357,12.898881,80.170986,8,0
30425416,street,unclassified,1,0.694,12.803587,80.187483,4,-1
194607040,street,unclassified,1,0.313,12.948467,80.181505,6,0
225252416,street,residential,1,0.321,12.950411,80.236563,2,0
28295296,street,unclassified,1,0.205,12.977311,80.182033,4,0
98358112,major_rail,rail,1,0.514,12.863582,80.069433,2,0
31962666,main,primary,1,1.254,13.036087,80.150393,13,0
102574520,street,road,1,0.441,13.067499,80.121533,10,0
240340256,major_rail,rail,1,0.117,13.016251,80.220574,2,0
23962552,street_limited,living_street,1,0.114,13.052094,80.271928,5,0
34231696,street,unclassified,1,0.17,13.047263,80.166657,2,0
27353970,street,residential,1,0.072,12.982482,80.202723,2,0
297338336,street,residential,1,0.14,12.924157,80.133878,5,0
27319952,street,unclassified,1,0.356,12.994998,80.207172,7,0
208174960,street,residential,1,0.258,12.920437,80.097628,4,0
23025132,main,primary,1,0.486,13.07248,80.285167,5,0
206827264,street,unclassified,1,0.133,13.018147,80.174173,2,0
317442048,street,unclassified,1,0.282,13.093369,80.18735,3,0
33625356,main,secondary,1,0.842,13.039171,80.26065,18,0
27347336,street,unclassified,1,0.166,13.046792,80.206791,2,0
194581072,street,residential,1,0.417,12.916935,80.174884,9,0
24775572,street,residential,1,0.129,13.01725,80.245046,2,0
28560880,street,residential,1,0.181,12.973094,80.188991,4,0
315848992,street,residential,1,0.822,13.140049,80.256253,8,0
34140592,street,unclassified,1,0.155,13.049527,80.178367,2,0
217834272,street,residential,1,0.139,13.008031,80.201149,2,0
218191056,street,unclassified,1,0.415,13.078624,80.213185,7,0
206829536,street,unclassified,1,0.115,13.01983,80.177429,8,0
371337632,street,unclassified,1,0.203,12.967547,80.14676,6,0
365059616,street,unclassified,1,0.057,12.979226,80.23006,2,0
28746262,service,service,1,0.069,13.080011,80.287972,3,0
206654144,street,residential,1,0.109,13.036624,80.207721,2,0
208174912,street,residential,1,0.165,12.9219,80.097992,2,0
26524548,main,tertiary,1,0.64,13.050207,80.221788,10,0
27454356,street,residential,1,0.047,13.062629,80.199476,2,0
32541196,street,unclassified,1,0.08,13.016966,80.191131,2,0
132066592,street,unclassified,1,0.069,12.967874,80.258982,2,0
188574992,street,unclassified,1,0.236,12.825756,80.04191,5,1
209562048,main,tertiary,1,0.395,13.074912,80.265532,13,0
0,street,residential,1,0.076,12.944922,80.139541,3,0
30622136,street,unclassified,1,0.525,13.02862,80.160016,4,0
24270362,street_limited,living_street,1,0.155,13.039197,80.273269,2,0
52919040,main,secondary,1,0.064,12.988081,80.223239,3,0
208168464,street,residential,1,0.149,12.909475,80.09072,4,0
208934736,street,residential,1,0.376,12.981333,80.135797,10,0
206673856,street,residential,1,0.085,12.977066,80.213934,2,0
27593108,street,unclassified,1,0.149,13.037042,80.260299,3,0
27442600,street,unclassified,1,0.141,12.95717,80.199793,5,0
23250128,main,tertiary,1,0.167,12.946512,80.145931,5,0
384297952,street,unclassified,1,0.164,12.930066,80.099015,2,0
33631856,street,unclassified,1,0.195,13.047675,80.125329,3,0
28161996,street,unclassified,1,0.226,13.074555,80.237801,3,0
151676368,service,service,1,0.323,13.009073,80.235023,13,0
240461920,street,secondary_link,1,0.104,13.054688,80.255491,3,0
27320104,street,residential,1,0.201,12.965823,80.208154,2,0
30981172,street_limited,living_street,1,0.221,13.095454,80.26286,5,0
209317520,street,residential,1,0.289,12.987445,80.144114,11,0
30295112,street,unclassified,1,0.19,12.97147,80.261623,2,0
214379312,street,residential,1,0.107,13.030842,80.215675,2,0
32425900,street,residential,1,0.107,13.027981,80.207832,2,0
208365920,street,residential,1,0.021,12.919846,80.167042,2,0
32352896,street,residential,1,0.078,13.017818,80.198727,3,0
46765828,street,unclassified,1,0.413,13.037623,80.121459,3,0
28564320,street,unclassified,1,0.124,12.997162,80.260573,2,0
30981164,street_limited,living_street,1,0.418,13.094463,80.260691,4,0
27630088,street,residential,1,0.413,12.954344,80.202731,2,0
206825520,street_limited,living_street,1,0.124,13.105904,80.199835,3,0
206829536,street,residential,1,0.139,13.024299,80.17652,3,0
206651584,street,unclassified,1,0.168,13.034193,80.18311,6,0
218221696,street_limited,living_street,1,0.047,13.046185,80.211793,2,0
34618604,main,secondary,1,0.522,12.874952,80.209535,5,0
208160240,street,residential,1,0.236,12.919784,80.067398,3,0
30342332,street_limited,living_street,1,0.102,12.984972,80.264401,4,0
23641256,street_limited,living_street,1,0.23,13.006647,80.206383,2,0
27352064,street,residential,1,0.239,12.97027,80.194981,3,0
217848752,main,primary,1,0.491,13.072106,80.285576,7,0
22661284,,runway,1,1.347,12.991549,80.172729,2,0
369823072,path,footway,1,0.033,12.962472,80.113741,4,0
122063608,street,residential,1,0.332,13.037798,80.171259,7,0
34254352,street,unclassified,1,0.134,13.026214,80.189948,3,0
30622122,street,unclassified,1,0.168,13.03119,80.158219,2,0
27461032,street,unclassified,1,0.305,13.058623,80.208369,4,0
208934944,street,residential,1,0.079,12.976565,80.137568,3,0
214366896,street,residential,1,0.066,13.024052,80.215778,2,0
34097360,street_limited,living_street,1,0.392,13.110017,80.268057,2,0
314768000,main,primary,1,0.164,13.137859,80.177898,2,0
206836528,street,residential,1,0.133,13.027166,80.176585,2,0
27189990,street_limited,living_street,1,0.139,13.039621,80.215342,2,0
23648672,street,unclassified,1,0.645,12.914194,80.099865,13,0
314768320,main,secondary,1,0.821,13.139781,80.203105,7,3
335959808,street,residential,1,0.15,13.115261,80.22979,4,0
102309336,street,residential,1,0.354,12.794166,80.025948,4,4
29046970,street,residential,1,0.098,12.995514,80.264715,4,0
208378416,street,residential,1,0.364,12.937356,80.20652,3,0
0,street,unclassified,1,0.69,13.093374,80.148402,10,0
30281968,street,unclassified,1,0.147,12.970751,80.253827,3,0
206836576,street,residential,1,0.15,13.031061,80.173035,4,0
384297952,street,unclassified,1,0.376,12.929786,80.097737,4,0
204781920,service,service,1,0.032,13.00355,80.209644,3,0
30598644,street,residential,1,0.359,12.974434,80.21285,6,0
375214144,service,service,1,0.336,12.921982,80.121958,2,0
179309888,street,residential,1,0.139,12.939307,80.190629,2,0
30623008,street,unclassified,1,0.351,13.031076,80.16292,6,0
132063648,street,unclassified,1,0.044,12.973793,80.254613,2,0
363759264,main,primary,1,1.23,13.107293,80.108556,4,0
208378384,street,residential,1,0.111,12.936896,80.208039,2,0
206849360,street,residential,1,0.118,12.996071,80.197956,2,0
184733104,street,residential,1,0.182,13.080902,80.234401,3,0
206649472,street_limited,living_street,1,0.115,13.123725,80.254783,2,0
30037060,service,service,1,0.062,12.989718,80.233581,2,0
23892840,street_limited,living_street,1,0.731,13.098432,80.274202,6,0
25466212,main,secondary,1,0.199,13.043464,80.199759,3,0
47571164,street_limited,living_street,1,0.076,13.060377,80.273247,3,0
35678096,street,residential,1,0.069,12.998636,80.266752,2,0
34251776,street,unclassified,1,0.142,13.031029,80.185411,3,0
367419360,street,residential,1,0.667,12.896213,80.2162,2,0
208378384,street,residential,1,0.083,12.936101,80.214861,2,0
28121476,main,tertiary,1,2.164,12.82717,80.217869,10,5
214356688,street,residential,1,0.55,13.051467,80.228185,4,0
28138962,main,trunk,1,0.716,13.076592,80.279682,7,0
197488608,street,residential,1,0.136,12.924845,80.203819,4,0
35013892,street,unclassified,1,0.292,13.020764,80.246331,5,0
35012864,street,residential,1,0.042,13.022012,80.255145,2,0
23163948,street,residential,1,0.275,13.039949,80.23036,2,0
113072176,street,residential,1,0.111,13.051267,80.23844,2,0
30622112,street,unclassified,1,0.055,13.032757,80.15803,2,0
217745280,street_limited,living_street,1,0.092,13.05976,80.229742,2,0
112922872,street,unclassified,1,0.259,13.049841,80.245568,4,0
23164040,street,unclassified,1,0.059,13.047277,80.235836,2,0
278769888,main,secondary,1,0.426,13.016745,80.157252,17,0
0,street_limited,living_street,1,0.056,13.028584,80.212056,2,0
241476208,major_rail,rail,1,0.114,13.084906,80.288397,4,0
41803712,street,residential,1,0.239,13.016288,80.171915,8,0
23803356,main,primary,1,0.67,13.103501,80.257474,5,0
335959808,street,residential,1,0.161,13.112511,80.228382,2,0
194466512,street,residential,1,0.308,12.912592,80.194214,5,0
30833696,street,unclassified,1,0.384,13.043732,80.180302,7,0
207144048,street_limited,living_street,1,0.054,13.123391,80.266991,2,0
102575800,main,tertiary,1,0.055,13.048157,80.145307,3,0
208378432,street,residential,1,0.177,12.935307,80.215051,4,0
35680076,path,path,1,0.086,13.004454,80.267899,3,0
32335754,street,residential,1,0.114,13.023113,80.199913,3,0
29200560,main,tertiary,1,0.313,13.172774,80.303836,6,0
71888344,motorway,motorway,1,0.057,13.061505,80.16239,5,0
23634404,street_limited,living_street,1,0.119,13.022875,80.218602,3,0
27880100,main,tertiary,1,0.132,13.089753,80.160934,2,0
189493184,street,residential,1,0.241,13.041858,80.237664,3,0
46780332,street,unclassified,1,0.164,12.96053,80.124065,3,0
26439524,street_limited,living_street,1,0.109,13.111806,80.278875,5,0
138307552,main,trunk,1,0.367,13.100509,80.166024,8,0
132454880,street,unclassified,1,0.128,12.963997,80.254181,3,0
26763952,street,residential,1,0.17,13.04794,80.228205,4,0
23929884,street,residential,1,0.126,13.042174,80.260578,2,0
31748504,street,unclassified,1,0.128,13.08034,80.183618,2,0
34618000,main,primary,1,0.515,13.08202,80.109171,3,0
23634428,street_limited,living_street,1,0.146,13.02588,80.220436,2,0
47107728,street_limited,living_street,1,0.774,13.093957,80.290785,15,0
39395152,street,unclassified,1,0.143,13.06369,80.254522,2,0
32520300,main,trunk,1,0.328,13.101114,80.163485,3,0
206656480,street_limited,living_street,1,0.079,12.989625,80.253794,2,0
208170784,street,residential,1,0.233,12.917083,80.096777,5,0
30622216,street,unclassified,1,0.121,13.036381,80.154181,3,0
30282000,street,unclassified,1,0.139,12.974476,80.254251,2,0
30342328,street,unclassified,1,0.133,12.982984,80.266474,4,0
219516160,street,residential,1,0.115,13.098074,80.19511,3,0
24270424,street_limited,living_street,1,0.308,13.030559,80.275367,3,0
217870912,street_limited,living_street,1,0.115,13.111702,80.278337,2,0
22991476,street,unclassified,1,0.232,13.057161,80.275566,3,0
30623576,street,unclassified,1,0.064,13.045369,80.16412,2,0
369957888,service,service,1,0.192,12.971045,80.153309,11,0
208812512,street,residential,1,0.149,12.928983,80.233511,3,0
23769352,street,residential,1,0.211,13.026236,80.276569,3,0
102663616,main,tertiary,1,0.037,13.168442,80.255086,3,2
30312532,street,unclassified,1,0.116,12.976438,80.256287,2,0
27584364,main,trunk,1,0.258,13.049457,80.248477,6,0
34020984,street_limited,living_street,1,0.043,13.040203,80.198505,2,0
46843948,street,residential,1,0.531,13.09481,80.181483,10,0
33613788,street,unclassified,1,0.029,12.853464,80.070233,2,0
30029256,street,residential,1,0.186,12.986521,80.227407,4,0
23634416,street,unclassified,1,0.518,13.027482,80.215525,10,0
24831808,street_limited,living_street,1,0.124,13.032563,80.233571,2,0
27190000,street,residential,1,0.144,13.0384,80.221711,2,0
25466488,street,residential,1,0.229,13.037605,80.219088,3,0
30833728,street,unclassified,1,0.23,13.038989,80.178897,3,0
32455844,street,residential,1,0.375,13.024173,80.202251,7,0
367465312,main,secondary,1,1.822,12.987984,80.095971,20,0
26396444,street_limited,living_street,1,0.123,13.114178,80.291286,2,0
354198336,service,service,1,0.029,13.079045,80.27276,2,0
206807728,street,residential,1,0.087,12.973925,80.227014,2,0
208187344,street,residential,1,0.222,12.915373,80.129308,2,0
32425816,street_limited,living_street,1,0.223,13.017903,80.200566,7,0
179312240,street,residential,1,0.5,12.945343,80.185236,13,0
27347406,street,residential,1,0.135,13.048027,80.201374,2,0
208812512,street,residential,1,0.193,12.933378,80.231759,3,0
30610246,street,unclassified,1,0.094,12.980571,80.230799,2,0
27369940,service,service,1,0.165,12.985381,80.174478,3,0
136508384,street_limited,living_street,1,0.178,13.021534,80.212887,3,0
84106336,main,primary,1,0.702,12.948927,80.217939,2,0
27359814,street,residential,1,0.225,12.978075,80.199518,5,0
211751184,street,residential,1,0.101,13.049309,80.26375,3,0
27347322,street_limited,living_street,1,0.337,13.056819,80.212678,6,0
25379476,main,tertiary,1,0.429,13.086504,80.110414,3,0
384529824,street,residential,1,0.264,13.111705,80.18663,5,0
27319920,street,residential,1,0.102,12.972711,80.218157,3,0
161048336,street,residential,1,0.304,12.99895,80.260876,3,0
24240056,street,residential,1,0.081,13.091406,80.21448,2,0
197488608,street,residential,1,0.606,12.926194,80.206043,13,0
314768320,main,secondary,1,0.614,13.141064,80.19764,2,3
331901984,main,primary,1,0.565,12.96652,80.220692,8,0
132509240,street,residential,1,0.38,12.970152,80.221034,3,0
27347384,street,residential,1,0.11,13.052172,80.20092,2,0
32455832,street,residential,1,0.08,13.023972,80.203744,2,0
23468610,street_limited,living_street,1,0.158,13.100001,80.275907,3,0
24375588,street,unclassified,1,0.312,13.067576,80.244818,7,0
207258176,street,residential,1,0.082,13.083108,80.183036,2,0
27347376,street,residential,1,0.207,13.050552,80.19662,4,0
132065360,street_limited,living_street,1,0.054,12.979757,80.249292,3,0
208359344,street,residential,1,0.232,12.926081,80.141276,5,0
184733120,street_limited,living_street,1,0.184,13.082541,80.226311,5,0
132509248,street,unclassified,1,0.103,12.970555,80.22038,2,0
214599104,street_limited,living_street,1,0.028,13.017489,80.22242,2,0
23163976,street,residential,1,0.083,13.043623,80.238572,2,0
102547872,main,primary,1,0.586,12.89901,80.240991,5,0
26396320,street_limited,living_street,1,0.253,13.116706,80.281049,2,0
27170944,street_limited,living_street,1,0.103,13.033205,80.25025,2,0
207144032,street_limited,living_street,1,0.154,13.120443,80.267144,2,0
32553684,street,residential,1,0.459,13.014064,80.188635,8,0
32555028,street,residential,1,0.223,13.015596,80.228841,2,0
27340466,street,residential,1,0.117,12.987903,80.1982,2,0
204215360,main,tertiary,1,0.053,13.015232,80.182979,2,0
385787773,street,unclassified,1,0.174,12.902684,80.205534,4,0
27454232,street,unclassified,1,0.384,13.057142,80.201864,11,0
27343716,street,residential,1,0.207,12.985792,80.213723,5,0
28224640,street,trunk_link,1,0.266,13.101889,80.192997,3,0
158076080,street,residential,1,0.345,13.019883,80.273649,9,0
27344736,street,residential,1,0.116,12.986614,80.188938,3,0
365059616,street,unclassified,1,0.479,12.976911,80.230629,10,0
382830400,main,tertiary,1,0.312,13.017486,80.174363,6,0
217750128,street,residential,1,0.272,13.054235,80.2215,5,0
208359296,street,residential,1,0.134,12.934716,80.160203,3,0
23500020,street_limited,living_street,1,0.222,13.091446,80.261986,6,0
102574472,main,tertiary,1,0.049,13.073839,80.112262,2,0
33077496,street,unclassified,1,0.313,13.165909,80.297968,6,0
122063584,street,unclassified,1,0.1,13.036628,80.165797,3,0
208926240,street,residential,1,0.21,12.9602,80.117252,4,0
133602693,main,primary,1,0.725,13.024088,80.147639,8,0
29973072,main,secondary,1,0.051,12.993819,80.201264,3,0
179259792,main,primary,1,1.278,12.934292,80.203953,12,0
30851608,main,primary,1,0.742,13.09346,80.218591,7,0
23500008,main,trunk,1,0.488,13.09573,80.264976,9,0
34135032,street,unclassified,1,0.446,13.04915,80.18636,5,0
206806400,street,unclassified,1,0.188,12.98872,80.269221,14,0
207258192,street,residential,1,0.136,13.094029,80.194332,3,0
23500032,street_limited,living_street,1,0.472,13.08845,80.256794,6,0
30833736,street,unclassified,1,0.279,13.040067,80.17544,3,0
27442506,street,residential,1,0.226,13.030718,80.199401,8,0
30977372,street_limited,living_street,1,0.196,13.086517,80.252271,2,0
108401696,street,residential,1,0.241,12.991421,80.192853,4,0
25468880,main,tertiary,1,0.316,13.123419,79.997,3,-1
25562652,street,residential,1,0.115,12.976585,80.183723,2,0
33134948,street,unclassified,1,0.137,13.179546,80.298676,3,0
133600768,service,service,1,0.919,13.161125,80.272098,6,2
26748496,street,unclassified,1,0.381,13.070237,80.225937,8,0
23499972,street,unclassified,1,0.744,13.0903,80.262237,8,0
27453140,street,residential,1,0.142,13.059302,80.210216,3,0
178751040,street,unclassified,1,0.667,13.038171,80.110122,8,0
0,street,unclassified,1,0.256,12.909855,80.159241,3,0
32801752,main,tertiary,1,0.661,13.011337,80.210133,7,0
206836544,street,residential,1,0.749,13.027994,80.174879,21,0
84099128,street,residential,1,0.823,12.959505,80.207463,9,0
34251752,street,unclassified,1,0.155,13.033438,80.188663,4,0
25459292,main,secondary,1,0.244,13.041826,80.226203,4,0
208168464,street,residential,1,0.258,12.90296,80.082966,4,0
47474048,street_limited,living_street,1,0.166,13.049939,80.275537,4,0
208824912,street,residential,1,0.159,12.833357,80.228099,2,5
208934960,street,residential,1,0.095,12.975683,80.139134,4,0
23468554,street_limited,living_street,1,0.803,13.093917,80.280404,16,0
157915152,street,residential,1,0.1,13.045974,80.242843,2,0
217870896,street_limited,living_street,1,0.054,13.113243,80.279312,2,0
208187454,street,residential,1,0.108,12.930974,80.145529,3,0
217845088,street_limited,living_street,1,0.128,13.091717,80.27483,2,0
295244512,street,residential,1,0.133,13.020207,80.148691,2,0
208824082,street,residential,1,0.076,12.887193,80.229471,4,0
206653776,street,residential,1,0.038,12.980404,80.196841,2,0
208812480,street,residential,1,0.09,12.930201,80.230179,2,0
23941176,street_limited,living_street,1,0.05,13.058132,80.266341,2,0
29046872,street,residential,1,0.141,12.988912,80.260692,2,0
27200768,street_limited,living_street,1,0.087,13.042752,80.217715,2,0
46764654,street,unclassified,1,0.227,13.043463,80.13766,4,0
185021776,street,residential,1,0.29,13.037924,80.217816,2,0
207260592,street,residential,1,0.138,13.072989,80.206401,4,0
217870912,street_limited,living_street,1,0.043,13.114402,80.279241,2,0
240517568,street,residential,1,0.407,13.049127,80.238084,3,0
208168384,street,residential,1,0.079,12.907583,80.090491,2,0
363759296,street_limited,living_street,1,0.203,13.116516,80.106076,6,0
30282016,street,residential,1,0.453,12.975198,80.260968,8,0
208359312,street,residential,1,0.087,12.925702,80.156462,2,0
29071456,main,tertiary,1,0.176,13.042342,80.274462,5,0
27170840,street_limited,living_street,1,0.198,13.035889,80.251757,4,0
235930608,major_rail,rail,1,1.126,13.094664,80.272471,20,0
28563244,street,residential,1,0.167,13.006946,80.262082,2,0
208934816,street,residential,1,0.079,12.990429,80.142111,2,0
34618056,main,tertiary,1,0.44,13.074591,80.121437,5,0
27346862,street,residential,1,0.151,13.037899,80.215093,3,0
27479816,street_limited,living_street,1,0.097,13.056875,80.20317,2,0
33134944,street,unclassified,1,0.207,13.17871,80.299568,3,0
206649984,street_limited,living_street,1,0.128,12.98918,80.252949,4,0
32581912,service,service,1,0.061,13.030981,80.202621,2,0
184109536,main,primary,1,1.275,12.818013,80.229944,12,5
158081456,,taxiway,1,0.235,12.994159,80.168005,2,0
218212352,main,secondary,1,0.514,13.129395,80.258958,12,0
27347384,street,residential,1,0.155,13.052482,80.200629,3,0
385787776,street,unclassified,1,0.173,12.901982,80.206537,2,0
34143868,street,unclassified,1,0.148,13.060024,80.195075,3,0
363754112,service,service,1,0.065,13.114833,80.112391,2,0
157915152,street,residential,1,0.459,13.045411,80.242962,10,0
24483990,street_limited,living_street,1,0.362,13.075537,80.256552,12,0
315777568,street_limited,living_street,1,0.173,13.053593,80.26184,6,0
102309336,street,road,1,0.404,12.796201,80.038489,2,4
184728896,main,tertiary,1,0.781,13.077136,80.175526,5,0
206673840,street_limited,living_street,1,0.105,12.989626,80.208926,2,0
363759264,main,primary,1,0.29,13.116145,80.102903,4,0
0,main,tertiary,1,2.077,12.964808,80.081714,21,0
218221712,street_limited,living_street,1,0.081,13.031948,80.20603,3,0
0,street,unclassified,1,0.462,12.969678,80.255531,3,0
98357328,street,road,1,0.109,12.865589,80.073827,3,0
206632256,street,residential,1,0.097,12.961289,80.199746,2,0
27347382,street,residential,1,0.271,13.050815,80.198929,4,0
183720336,street_limited,living_street,1,0.168,12.936822,80.202913,5,0
32938774,street,unclassified,1,0.224,12.942161,80.248787,6,0
363759296,service,service,1,0.127,13.117378,80.099048,5,0
102574576,street,road,1,0.637,13.069411,80.119851,4,0
27359746,street,residential,1,0.053,12.969046,80.205263,2,0
27346864,street,residential,1,0.158,13.038113,80.215812,2,0
34135048,street,unclassified,1,0.283,13.051026,80.184165,3,0
30597412,street,unclassified,1,0.089,12.971675,80.208131,2,0
34231648,main,tertiary,1,0.757,13.049033,80.174822,7,0
23030592,street_limited,living_street,1,0.328,13.077245,80.267933,6,0
27442568,street,residential,1,0.167,12.96141,80.194713,3,0
262230672,street,residential,1,0.094,13.015866,80.170967,4,0
26969676,street,residential,1,0.206,13.079977,80.213149,2,0
25594594,main,tertiary,1,1.058,12.998343,80.207512,16,0
30609128,street,unclassified,1,0.219,12.975737,80.229611,4,0
27347528,street,residential,1,0.036,13.039442,80.21119,2,0
208378448,street,residential,1,0.235,12.937685,80.215675,4,0
30029201,service,service,1,0.177,12.992076,80.230912,3,0
208187456,street,residential,1,0.27,12.934184,80.134109,3,0
34248480,main,tertiary,1,0.086,13.050233,80.178132,3,0
30953268,street_limited,living_street,1,0.045,13.026671,80.221895,3,0
23802572,main,primary,1,0.167,13.08264,80.243789,4,0
207149488,street,residential,1,0.148,13.093502,80.204464,4,0
30833812,main,primary,1,0.074,13.034981,80.15616,3,0
34159288,street_limited,living_street,1,0.084,13.083316,80.189002,2,0
132064392,street,unclassified,1,0.197,12.968742,80.261544,3,0
47497692,street_limited,living_street,1,0.33,13.056194,80.28026,7,0
34023072,street,residential,1,0.235,13.038155,80.196965,2,0
30342448,main,tertiary,1,0.199,12.973398,80.263582,5,0
30739016,street_limited,pedestrian,1,0.317,13.183339,80.295047,5,0
27360584,street,residential,1,0.294,12.983953,80.187188,5,0
217902560,street_limited,living_street,1,0.145,13.117552,80.251976,3,0
211900064,street_limited,living_street,1,0.107,13.015089,80.24403,6,0
24262144,street,residential,1,0.067,13.021336,80.255958,2,0
27347394,street,unclassified,1,0.106,13.048638,80.201608,3,0
34140504,street,unclassified,1,0.251,13.055946,80.179176,3,0
183979600,street_limited,living_street,1,0.139,12.972843,80.236648,4,0
29047216,street,residential,1,0.2,12.994892,80.266715,3,0
127538536,street_limited,living_street,1,0.408,13.040593,80.246308,6,0
206849392,street,residential,1,0.161,12.996497,80.198458,3,0
46764836,street,unclassified,1,0.113,13.035456,80.136436,2,0
33876636,street_limited,living_street,1,0.063,13.068354,80.22212,4,0
208935024,street,residential,1,0.238,12.98091,80.131113,6,0
178114896,street,residential,1,0.333,12.941614,80.192637,10,0
23842578,street,residential,1,0.08,13.043881,80.254599,2,0
30609728,street,unclassified,1,0.111,12.980522,80.235791,4,0
33876624,main,tertiary,1,0.021,13.066528,80.217183,2,0
26807396,main,tertiary,1,0.779,13.0073,80.135678,9,0
208832384,street,residential,1,0.122,12.93884,80.141252,3,0
23047852,street,residential,1,0.271,13.033005,80.231811,3,0
34139768,street,unclassified,1,0.305,13.049872,80.180018,3,0
32806054,street,residential,1,0.07,13.01541,80.209777,3,0
206673840,street_limited,living_street,1,0.088,12.989847,80.208071,2,0
132482872,street_limited,living_street,1,0.113,12.968325,80.264631,5,0
208187472,street,residential,1,0.331,12.921509,80.128743,5,0
23966136,major_rail,rail,1,0.022,13.110493,80.266187,2,0
31242332,main,tertiary,1,0.701,12.991667,80.121434,3,0
206825552,street,residential,1,0.153,13.110345,80.199938,8,0
27201478,street,residential,1,0.157,13.04146,80.219168,5,0
23634228,street_limited,living_street,1,0.279,13.018207,80.219831,10,0
217728208,street,residential,1,0.346,13.021864,80.257778,11,0
206649488,street_limited,living_street,1,0.329,13.12302,80.258116,10,0
30119310,main,tertiary,1,1.059,12.936154,80.112924,16,0
211531264,street_limited,living_street,1,0.068,13.028595,80.278157,2,0
325034368,street,residential,1,0.102,12.936898,80.243047,2,0
32541600,street_limited,living_street,1,0.593,13.019588,80.187725,6,0
32541600,street,unclassified,1,0.215,13.018489,80.188272,2,0
132065400,street,unclassified,1,0.34,12.966724,80.249687,7,0
213067872,street,residential,1,0.248,13.119957,80.161567,8,0
32482096,street,residential,1,0.066,13.0198,80.19976,2,0
24831636,street_limited,living_street,1,0.394,13.029912,80.235992,3,0
34251772,street,unclassified,1,0.044,13.032637,80.189234,2,0
23633592,main,secondary,1,1.02,13.020256,80.138794,7,0
30609734,street,unclassified,1,0.197,12.980823,80.237468,4,0
52873388,street,residential,1,0.246,13.015235,80.171705,4,0
180149984,street_limited,living_street,1,0.212,12.929304,80.240124,2,0
46832380,street,unclassified,1,0.248,12.937164,80.121779,4,0
217757152,street_limited,living_street,1,0.073,13.066657,80.214844,2,0
34606756,main,tertiary,1,1.174,13.086149,80.105381,11,0
189500784,street,residential,1,0.39,13.041064,80.238078,3,0
27311852,street_limited,living_street,1,0.092,13.00369,80.272196,2,0
22976924,street,trunk_link,1,0.186,13.05093,80.250412,11,0
31956948,street,unclassified,1,0.029,13.071824,80.200152,2,0
177257536,street,residential,1,0.231,13.039953,80.259196,3,0
112869312,street_limited,living_street,1,0.125,13.075117,80.220104,3,0
206653808,street,residential,1,0.289,12.978729,80.205958,6,0
23633592,main,secondary,1,1.448,13.024318,80.116405,32,0
23163964,street,residential,1,0.216,13.052638,80.233705,5,0
27343640,street_limited,living_street,1,0.237,12.992655,80.207919,4,0
32575508,street,residential,1,0.171,13.029316,80.207955,2,0
132062864,street,road,1,0.03,12.969691,80.256111,2,0
27916656,street,unclassified,1,0.153,12.979928,80.179079,2,0
163384128,service,service,1,0.051,13.014978,80.172173,2,0
27319898,street,residential,1,0.25,12.980521,80.210568,4,0
30037052,service,service,1,0.331,12.988988,80.233644,18,0
218226960,street_limited,living_street,1,0.098,13.046399,80.213189,2,0
208160288,street,residential,1,0.231,12.918557,80.080658,4,0
384290112,street,unclassified,1,0.126,12.92689,80.098982,2,0
207149456,main,tertiary,1,0.131,13.096895,80.203471,6,0
0,main,tertiary,1,0.363,12.947508,80.137564,4,0
34254428,street,residential,1,0.062,13.031133,80.200091,2,0
33622828,street_limited,living_street,1,0.194,13.083589,80.253256,3,0
23941148,street_limited,living_street,1,0.088,13.058277,80.26972,3,0
34231684,street,unclassified,1,0.426,13.046003,80.168882,5,0
27191864,street,residential,1,0.172,13.052851,80.234995,3,0
23135514,street,residential,1,0.197,13.029962,80.240114,2,0
214598752,street_limited,living_street,1,0.448,13.013985,80.232187,9,0
32837740,street,residential,1,0.079,13.032822,80.206325,2,0
27786584,main,primary,1,0.288,13.047351,80.201336,5,0
32686218,street,residential,1,0.211,13.014091,80.194936,2,0
23802582,main,tertiary,1,0.071,13.081989,80.233253,3,0
23892862,main,primary,1,0.287,13.09834,80.267388,5,0
30851300,street,unclassified,1,0.154,13.077747,80.222675,2,0
30609728,main,primary,1,0.204,12.981368,80.242385,5,0
23467784,street,unclassified,1,0.233,13.09729,80.276119,5,0
208832416,street,residential,1,0.252,12.95886,80.133346,7,0
27630370,street,residential,1,0.21,12.979122,80.242438,3,0
34139708,street,unclassified,1,0.084,13.050637,80.181663,2,0
217926512,street,unclassified,1,0.444,13.086458,80.237477,8,0
27442468,street,residential,1,0.158,13.026213,80.215259,4,0
28564562,street,unclassified,1,0.128,12.997574,80.251106,2,0
112716512,street_limited,living_street,1,0.098,13.07415,80.247019,5,0
211889968,street,residential,1,0.038,13.036949,80.253508,2,0
32427308,street,residential,1,0.266,13.016134,80.187056,2,0
22660324,street,residential,1,0.14,13.040238,80.253892,3,0
217767216,service,service,1,0.104,13.060202,80.254816,3,0
46843984,street,unclassified,1,0.357,13.094171,80.187589,6,0
28260800,street,unclassified,1,0.69,12.930919,80.132262,8,0
27320020,street,residential,1,0.443,12.971809,80.198391,2,0
24338798,street_limited,living_street,1,0.165,13.025546,80.262253,3,0
184913376,street_limited,living_street,1,0.565,13.060659,80.218701,10,0
30833728,street,unclassified,1,0.141,13.039219,80.177769,2,0
30281976,street,residential,1,0.123,12.970465,80.254672,4,0
28563254,street,residential,1,0.049,13.004511,80.262302,2,0
208365808,street,residential,1,0.099,12.922169,80.162314,2,0
23163996,street,residential,1,0.143,13.047255,80.24602,2,0
194581072,street,residential,1,0.117,12.919358,80.181872,4,0
206649504,street_limited,living_street,1,0.121,13.121851,80.253505,3,0
34599184,main,tertiary,1,0.127,12.929465,80.238483,2,0
179250528,street,residential,1,0.099,12.924837,80.189479,4,0
23929890,street,residential,1,0.214,13.044051,80.261419,2,0
27189836,street,residential,1,0.232,13.044773,80.228366,2,0
24375544,street_limited,living_street,1,0.094,13.057821,80.252488,2,0
24831598,street,unclassified,1,0.153,13.019879,80.230257,3,0
32938760,street,unclassified,1,0.274,12.945993,80.249193,2,0
33270242,main,tertiary,1,0.738,13.018991,80.258019,10,0
33560360,street_limited,living_street,1,0.305,13.059942,80.212877,6,0
214180592,street_limited,living_street,1,0.092,13.023818,80.219329,3,0
28152552,street,residential,1,0.101,13.060712,80.246775,2,0
32425834,street,residential,1,0.141,13.022295,80.200624,3,0
27189990,street_limited,living_street,1,0.139,13.039621,80.215342,2,0
103716688,main,primary,1,0.034,12.992633,80.193369,2,0
27201956,main,tertiary,1,0.186,13.036277,80.222643,6,0
218240160,street,residential,1,0.079,13.032153,80.205624,3,0
30622174,street,unclassified,1,0.101,13.034599,80.162045,2,0
23970108,main,tertiary,1,1.262,13.088436,80.217563,5,0
86250864,street,residential,1,0.15,12.970524,80.130653,3,0
28121560,street,unclassified,1,0.567,12.868004,80.203265,2,0
27344638,street,residential,1,0.152,12.992817,80.200771,5,0
214188208,street_limited,living_street,1,0.054,13.017605,80.219464,2,0
206825504,street,unclassified,1,0.363,13.107561,80.20079,10,0
23648652,street,unclassified,1,0.228,12.908127,80.107631,3,0
35458596,street,unclassified,1,0.151,12.950533,80.248986,2,0
27347536,street,unclassified,1,0.174,13.04399,80.192184,2,0
27274204,street,residential,1,0.13,12.983286,80.205911,2,0
98357296,street,residential,1,0.347,12.895923,80.175269,6,0
327358400,street,residential,1,0.076,13.02675,80.203834,2,0
66981752,street,residential,1,0.659,12.916668,80.09814,9,0
28529804,service,track,1,0.806,12.974967,80.174345,15,0
179312112,street,residential,1,0.214,12.941549,80.183685,6,0
28534230,street_limited,living_street,1,0.087,12.986863,80.173325,2,0
48741336,street,residential,1,0.188,13.098979,80.217212,3,0
112869320,street_limited,living_street,1,0.099,13.075225,80.221128,4,0
27345520,street,residential,1,0.182,12.990203,80.189566,6,0
30751724,street,unclassified,1,0.365,12.938429,80.130309,5,0
121014136,street,primary_link,1,0.032,12.967286,80.217484,2,0
181313744,street,unclassified,1,0.138,13.1115,80.166791,2,0
213005472,street,residential,1,0.182,13.100246,80.197091,6,0
235930608,major_rail,rail,1,0.086,13.088957,80.273449,2,0
31243248,main,tertiary,1,0.271,12.999383,80.097765,6,0
184469904,street_limited,living_street,1,0.052,12.962304,80.211125,2,0
18063960,street,unclassified,1,0.687,13.080102,80.24018,11,0
29047568,street,residential,1,0.331,12.99055,80.26706,6,0
26764010,street,residential,1,0.127,13.051252,80.225405,3,0
23632800,street,unclassified,1,0.237,13.057294,80.16234,3,0
335959808,street,unclassified,1,0.294,13.112728,80.168211,2,0
34598932,street,unclassified,1,0.202,12.929908,80.23701,4,0
194605328,street,residential,1,0.274,12.904827,80.199007,5,0
46764656,street,unclassified,1,0.11,13.040638,80.135982,2,0
179306416,street,residential,1,0.068,12.951069,80.197171,3,0
27370266,street,residential,1,0.189,12.976472,80.228658,2,0
23893952,main,primary,1,0.617,13.085279,80.289467,10,0
34256964,street,residential,1,0.038,13.030683,80.204802,2,0
27274150,street,residential,1,0.596,12.987597,80.200361,14,0
26969672,street,unclassified,1,0.3,13.079478,80.213368,4,0
112687976,street,unclassified,1,0.121,13.064732,80.251585,2,0
207267792,street,residential,1,0.137,13.084492,80.242722,2,0
23802578,main,primary,1,0.26,13.084575,80.244779,2,0
208934992,street,residential,1,0.186,12.97861,80.128846,2,0
33134960,street,unclassified,1,0.168,13.179555,80.299584,2,0
28275788,street_limited,living_street,1,0.157,13.090609,80.285082,3,0
214068976,street,residential,1,0.352,12.954335,80.153337,8,0
30597410,street,unclassified,1,0.077,12.9723,80.208814,4,0
25469760,main,tertiary,1,0.23,13.100553,80.107326,4,0
25467870,street,unclassified,1,0.551,13.082042,80.182008,5,0
26482336,main,tertiary,1,0.171,13.133436,80.251575,2,0
142413376,street,residential,1,0.207,12.926758,80.144467,5,0
295244512,street,residential,1,0.227,13.019353,80.156879,3,0
325034400,street,residential,1,0.244,12.93684,80.244242,5,0
23761516,street,residential,1,0.355,12.997958,80.269986,5,0
208160320,street,residential,1,0.315,12.915134,80.085077,7,0
189490304,street,unclassified,1,0.518,12.910894,80.231788,11,0
30597856,street,unclassified,1,0.068,12.959925,80.203013,2,0
26482336,main,tertiary,1,0.282,13.132117,80.250629,2,0
217950352,street,unclassified,1,0.634,13.11569,80.267708,9,0
23164032,street,residential,1,0.481,13.055973,80.233927,8,0
27343672,street,residential,1,0.133,12.979928,80.205044,3,0
102574472,main,tertiary,1,0.895,13.078136,80.117233,8,0
84099128,street,unclassified,1,0.028,12.960311,80.202916,2,0
213364192,street,residential,1,0.113,12.980657,80.197849,2,0
30623544,street,unclassified,1,0.13,13.040667,80.158148,2,0
295244512,street,residential,1,0.095,13.020062,80.149098,3,0
297339264,street,residential,1,0.17,12.926877,80.130637,2,0
209513216,main,secondary,1,0.615,13.034328,80.237757,6,0
102479304,main,primary,1,0.3,13.043341,80.278458,4,0
208934768,street,residential,1,0.105,12.98131,80.139792,2,0
157989472,street_limited,living_street,1,0.12,13.049459,80.250449,6,0
192305872,main,trunk,1,0.194,12.997701,80.192786,2,0
23110084,street,residential,1,0.723,13.009585,80.252406,7,0
34626520,main,secondary,1,0.871,13.103919,80.150536,5,0
34251716,street,unclassified,1,0.156,13.037125,80.188661,4,0
217651136,service,service,1,0.062,13.094324,80.292506,6,0
25116982,main,secondary,1,0.657,12.901071,80.224094,4,0
32938738,street,unclassified,1,0.133,12.949097,80.256559,3,0
48057028,street,unclassified,1,0.512,13.093614,80.24967,8,0
28563180,street,unclassified,1,0.365,13.00129,80.253788,3,0
32945540,street,unclassified,1,0.113,13.032833,80.174028,2,0
102550240,main,primary,1,0.282,13.036115,80.202897,4,0
102577056,main,tertiary,1,0.448,13.056554,80.12182,15,0
182052608,street,residential,1,0.062,12.978915,80.187746,2,0
32911228,street,unclassified,1,0.682,12.872165,80.247227,6,0
194581376,street,residential,1,0.16,12.916274,80.193646,3,0
103730448,street,unclassified,1,0.105,12.989952,80.196577,3,0
46821256,street,unclassified,1,0.182,12.947093,80.133345,2,0
25460404,street,unclassified,1,0.207,13.043682,80.193004,4,0
208814272,street,residential,1,0.152,12.912204,80.230905,4,0
23953258,street_limited,living_street,1,0.153,13.053328,80.263458,4,0
30268732,street,residential,1,0.068,12.975093,80.259357,2,0
30622252,motorway,motorway,1,1.231,13.04308,80.149501,9,0
34143416,street,unclassified,1,0.12,13.061919,80.183258,2,0
217757168,street_limited,living_street,1,0.113,13.065762,80.213712,3,0
33876000,street_limited,living_street,1,0.073,13.072436,80.217684,2,0
23163926,street,residential,1,0.315,13.036515,80.228826,6,0
208824096,street,residential,1,0.171,12.888885,80.23197,6,0
30596872,street,unclassified,1,0.479,12.973016,80.201706,8,0
211531344,street,residential,1,0.13,13.024691,80.258823,4,0
27355172,street,residential,1,0.042,12.972577,80.222185,2,0
384293824,street,unclassified,1,0.424,12.91958,80.099069,12,0
68523632,main,secondary,1,0.331,13.054774,80.197075,5,0
23046394,street_limited,living_street,1,0.196,13.072509,80.241963,4,0
30029246,street,unclassified,1,0.113,12.989115,80.222635,3,0
34690700,street,residential,1,0.081,13.079707,80.206753,2,0
132065408,street,unclassified,1,0.434,12.965861,80.24962,5,0
27344650,street_limited,living_street,1,0.233,13.000364,80.207136,4,0
208168432,street,residential,1,0.099,12.908696,80.091107,3,0
189488976,street,residential,1,0.034,12.908181,80.226172,2,0
179253488,main,secondary,1,1.427,12.978125,80.193948,33,0
30625172,street,unclassified,1,0.35,13.072088,80.180911,7,0
206673808,street,residential,1,0.089,12.98023,80.217963,2,0
29046752,street,unclassified,1,0.37,12.991597,80.259839,5,0
25466412,main,secondary,1,0.573,13.043414,80.21914,10,0
131961752,street,unclassified,1,0.059,12.969945,80.252995,2,0
27319434,street,residential,1,0.123,12.971527,80.211559,2,0
27617664,street_limited,living_street,1,0.211,13.070003,80.21012,5,0
206793344,main,secondary,1,0.056,13.003884,80.211924,4,0
127574696,street_limited,living_street,1,0.054,13.017571,80.222039,3,0
33629660,service,service,1,0.663,13.081272,80.282245,10,0
24338816,street,residential,1,0.091,13.024075,80.262287,2,0
30609760,street,unclassified,1,0.122,12.982389,80.240645,2,0
127574704,street_limited,living_street,1,0.05,13.017988,80.222119,2,0
363754112,service,service,1,0.548,13.115691,80.109827,8,0
27346880,street_limited,living_street,1,0.096,13.04352,80.214408,2,0
209317520,street,residential,1,0.102,12.982955,80.145792,2,0
24339608,street_limited,living_street,1,0.062,13.025689,80.265971,2,0
26491234,street,unclassified,1,0.293,13.125854,80.257945,3,0
207147904,street,residential,1,0.089,13.02317,80.239641,3,0
132194040,street,residential,1,0.115,12.969697,80.253735,5,0
47109380,street_limited,living_street,1,0.108,13.099346,80.292822,3,0
133865688,street,residential,1,0.207,13.040196,80.254711,3,0
23761516,street,residential,1,0.204,13.000435,80.270001,2,0
207144032,street_limited,living_street,1,0.056,13.119475,80.266035,2,0
32356468,street,residential,1,0.323,13.022789,80.201393,4,0
34254340,street,unclassified,1,0.209,13.027494,80.188482,3,0
211634896,street,residential,1,0.242,13.027152,80.235386,3,0
24375566,street,residential,1,0.097,13.060707,80.252387,2,0
34826376,street_limited,living_street,1,0.145,13.039249,80.267242,3,0
26528685,main,secondary,1,0.87,13.000686,80.213666,11,0
30622988,main,tertiary,1,0.068,13.036539,80.148908,3,0
102550216,main,primary,1,0.054,13.034552,80.156215,2,0
34551848,street,residential,1,0.076,13.083568,80.212535,2,0
208174976,street,residential,1,0.271,12.922788,80.091296,4,0
31608300,,taxiway,1,0.331,12.985728,80.159594,3,0
32724336,street,unclassified,1,0.303,12.980372,80.143676,2,0
27347530,street,residential,1,0.264,13.042606,80.201197,2,0
30281980,street,unclassified,1,0.132,12.970659,80.256929,2,0
189500784,main,secondary,1,0.459,13.038734,80.239769,11,0
30971672,service,service,1,0.144,13.063751,80.254139,5,0
103716704,main,secondary,1,0.047,12.995565,80.201163,2,0
163384560,street,residential,1,0.144,13.016325,80.172332,6,0
33070116,street_limited,living_street,1,0.22,13.14875,80.292763,5,0
184110336,street,primary_link,1,0.034,12.901079,80.228112,3,0
27370286,street,residential,1,0.364,12.976927,80.224837,7,0
27432884,street,residential,1,0.067,13.036075,80.213433,2,0
183979520,street,unclassified,1,0.273,12.964225,80.241775,2,0
27320018,street,unclassified,1,0.587,12.974691,80.198014,6,0
34028148,street_limited,living_street,1,0.245,13.035751,80.196672,2,0
32427280,street,unclassified,1,0.12,13.016227,80.18932,5,0
29046876,street,residential,1,0.196,12.988517,80.25653,4,0
218229776,street_limited,living_street,1,0.118,13.063133,80.210569,3,0
30833720,street,unclassified,1,0.111,13.040426,80.177895,2,0
26465000,street,residential,1,0.197,13.12892,80.264734,4,0
34028132,street,residential,1,0.19,13.037344,80.203943,2,0
157989488,street_limited,living_street,1,0.027,13.038663,80.247786,2,0
208935056,street,residential,1,0.264,12.975886,80.128951,8,0
23163953,street,unclassified,1,0.247,13.047575,80.231551,4,0
95641240,main,trunk,1,0.451,12.944355,80.134924,5,0
25466692,street,unclassified,1,0.287,13.042425,80.191072,2,0
28226256,street,unclassified,1,0.121,13.00455,80.182811,3,0
129509984,street,unclassified,1,0.164,12.90863,80.092791,2,0
209546176,street,primary_link,1,0.229,13.05238,80.241691,6,0
30282034,street_limited,living_street,1,0.035,12.975941,80.261207,2,0
30981164,street_limited,living_street,1,0.13,13.092841,80.261411,4,0
34143464,street,unclassified,1,0.33,13.069712,80.186066,10,0
217750128,street,residential,1,0.101,13.054464,80.221808,2,0
98357272,street,road,1,0.051,12.865429,80.073565,2,0
208832400,street,residential,1,0.174,12.959014,80.138431,3,0
32235724,main,secondary,1,0.582,13.042972,80.240566,8,0
130792416,street,unclassified,1,0.252,13.041745,80.209695,5,0
29047580,street,residential,1,0.275,12.989494,80.267562,5,0
24270352,street_limited,living_street,1,0.107,13.041278,80.272763,3,0
363759296,street_limited,living_street,1,0.15,13.116303,80.106785,4,0
183947392,street,residential,1,0.54,12.956432,80.25264,5,0
84661408,street,residential,1,0.077,12.968944,80.12955,2,0
232404416,street,residential,1,0.081,12.961926,80.185459,2,0
24270360,street_limited,living_street,1,0.257,13.039255,80.271397,6,0
34254320,street,unclassified,1,0.231,13.029421,80.186975,4,0
24338718,street_limited,living_street,1,0.233,13.027462,80.271403,2,0
219390032,street,residential,1,0.06,12.947059,80.203856,2,0
27506334,street_limited,living_street,1,0.03,13.050138,80.249146,2,0
26464922,street,residential,1,0.183,13.125426,80.255574,3,0
97699184,major_rail,rail,1,0.958,13.116148,80.275817,10,0
35014456,street,residential,1,0.03,13.019991,80.242788,3,0
212985472,street_limited,living_street,1,0.237,13.117644,80.26427,2,0
30681568,street_limited,living_street,1,0.181,13.00116,80.208803,8,0
384297952,street,unclassified,1,0.216,12.931816,80.098695,3,0
44034272,street_limited,living_street,1,0.098,12.943304,80.134588,2,0
29246288,main,secondary,1,0.648,13.173548,80.25675,7,2
98357648,street,residential,1,0.623,12.902507,80.173668,7,0
27454360,street,residential,1,0.23,13.062075,80.200487,7,0
34023084,street_limited,living_street,1,0.094,13.037595,80.199948,2,0
384430400,street,road,1,0.378,13.106507,80.150011,13,0
384862912,street,unclassified,1,0.412,12.774282,80.212551,8,-1
34231600,street,unclassified,1,0.13,13.055943,80.169974,2,0
46765832,street,unclassified,1,0.183,13.038378,80.121626,2,0
208378368,street,residential,1,0.231,12.93668,80.212687,2,0
208812512,street,residential,1,0.178,12.935144,80.231305,3,0
22976124,main,secondary,1,0.757,13.028518,80.249996,12,0
23164054,street,residential,1,0.136,13.045828,80.240313,2,0
23901328,street_limited,living_street,1,0.083,13.052902,80.277214,4,0
29883076,service,service,1,0.103,13.020816,80.222403,2,0
31264868,street,unclassified,1,0.746,13.10136,80.139905,4,0
47474024,street,residential,1,0.172,13.044918,80.273352,3,0
206819104,street_limited,living_street,1,0.194,13.023252,80.225913,14,0
29200560,main,tertiary,1,0.313,13.172774,80.303836,6,0
25504478,street,unclassified,1,0.124,12.980719,80.188942,4,0
27630132,street,unclassified,1,0.084,12.957183,80.189405,2,0
23500042,street_limited,living_street,1,0.437,13.088381,80.255464,4,0
27347344,street,unclassified,1,0.377,13.04396,80.201903,10,0
243415552,street,residential,1,0.368,13.003294,80.12917,5,0
384430464,street,road,1,0.142,13.108422,80.15047,6,0
306863392,street,residential,1,0.263,13.123639,80.143469,5,0
22688364,street,unclassified,1,0.503,13.013338,80.224285,5,0
208812496,street,residential,1,0.066,12.929954,80.229976,2,0
127464704,street,residential,1,0.102,13.031949,80.234704,2,0
23500036,street_limited,living_street,1,0.095,13.090006,80.254922,3,0
30282016,street,unclassified,1,0.415,12.975615,80.260903,5,0
27837864,street_limited,living_street,1,0.152,13.064587,80.215189,3,0
208814272,street,residential,1,0.261,12.910952,80.229875,5,0
27434888,street,residential,1,0.254,13.042194,80.195224,2,0
27347526,street,residential,1,0.264,13.039408,80.21143,5,0
24375548,service,service,1,0.101,13.057344,80.255482,2,0
28563186,street_limited,living_street,1,0.146,12.998863,80.249987,3,0
208934784,street,residential,1,0.064,12.974467,80.141931,2,0
26398812,street_limited,living_street,1,0.284,13.120173,80.28708,3,0
34690576,street,residential,1,0.414,13.085741,80.207704,2,0
27320146,street,residential,1,0.047,12.979796,80.216857,2,0
30833722,street,unclassified,1,0.157,13.041301,80.179849,2,0
217753824,street_limited,living_street,1,0.057,13.056714,80.212596,2,0
31264868,street,unclassified,1,0.396,13.101189,80.135775,5,0
122063544,street,residential,1,0.045,13.039354,80.170388,2,0
384502016,street,unclassified,1,0.173,12.942025,80.248068,6,0
24338812,street,residential,1,0.201,13.023837,80.261732,3,0
35014256,street,residential,1,0.041,13.021358,80.24541,2,0
98357328,street,road,1,0.237,12.860584,80.07783,2,0
295386592,street,residential,1,0.212,13.039476,80.133424,9,0
26886304,street,unclassified,1,0.346,13.043817,80.22384,2,0
112716528,street_limited,living_street,1,0.107,13.075979,80.257098,3,0
28078480,main,primary,1,0.557,13.029604,80.209029,12,0
34231740,street,unclassified,1,0.087,13.042307,80.174144,2,0
180150016,street_limited,living_street,1,0.223,12.930505,80.23946,4,0
34251733,street,unclassified,1,0.467,13.03389,80.185932,7,0
152650896,street,residential,1,0.105,13.093573,80.189887,2,0
369956384,service,service,1,0.314,12.968022,80.152859,7,0
136508384,street_limited,living_street,1,0.131,13.022972,80.212355,2,0
207139296,street,residential,1,0.233,13.027126,80.22304,2,0
48057036,street_limited,living_street,1,0.331,13.094076,80.2601,4,0
26465028,street,residential,1,0.097,13.126425,80.254745,3,0
25460532,main,secondary,1,0.997,13.013689,80.171582,17,0
207267760,street,residential,1,0.092,13.087784,80.244433,2,0
27189832,street,residential,1,0.039,13.047376,80.227119,2,0
27649956,street,residential,1,0.278,12.95638,80.173688,4,0
25689182,street,unclassified,1,0.745,12.981562,80.174349,8,0
208365920,street,residential,1,0.161,12.908631,80.148877,2,0
30029248,street,unclassified,1,0.154,12.988425,80.223001,4,0
188574992,street,unclassified,1,0.203,12.822914,80.043828,3,1
206825552,street_limited,living_street,1,0.255,13.108141,80.201272,3,0
132192376,motorway,motorway,1,1.23,12.977493,80.090009,5,0
214599104,street_limited,living_street,1,0.078,13.014737,80.231468,2,0
240340272,major_rail,rail,1,0.979,13.034284,80.226918,4,0
208810512,street,residential,1,0.062,12.892848,80.184046,2,0
211900048,street_limited,living_street,1,0.066,13.012494,80.24882,2,0
25392432,main,tertiary,1,0.31,13.110359,80.174034,2,0
27342808,street_limited,living_street,1,0.106,12.993712,80.212458,3,0
206662896,street_limited,living_street,1,0.086,12.987939,80.260322,2,0
29047216,street,residential,1,0.181,12.995037,80.265477,2,0
208361472,main,tertiary,1,0.099,13.02603,80.266356,5,0
180150016,street,unclassified,1,0.335,12.930487,80.240899,2,0
218229792,street,unclassified,1,0.133,13.061472,80.208747,4,0
198301136,street_limited,residential,1,0.181,12.939585,80.243529,3,0
218191056,street_limited,living_street,1,0.242,13.076097,80.221245,8,0
27505294,street_limited,living_street,1,0.171,13.037676,80.273007,4,0
125180576,main,trunk,1,1.27,13.119417,80.096004,9,0
30347100,street_limited,living_street,1,0.114,13.013646,80.248871,3,0
206653776,street,residential,1,0.103,12.977511,80.206494,2,0
47274816,main,primary,1,0.768,13.032377,80.267317,16,0
371971456,street,residential,1,0.092,12.938374,80.214545,2,0
23762168,street,residential,1,0.122,12.994223,80.263209,3,0
34254432,street,residential,1,0.111,13.028363,80.20621,2,0
30609144,street,unclassified,1,0.059,12.980078,80.230092,2,0
23030618,main,secondary,1,0.474,13.067142,80.259529,12,0
23954876,main,tertiary,1,0.265,13.048099,80.257288,4,0
208934896,street,residential,1,0.101,12.975413,80.142342,3,0
384448055,street_limited,unclassified,1,0.408,12.834559,80.220728,9,5
29046368,street,residential,1,0.194,12.994102,80.251736,2,0
30622142,street,unclassified,1,0.293,13.030207,80.160729,3,0
214172288,street_limited,living_street,1,0.038,13.018328,80.217665,2,0
32775968,main,tertiary,1,0.107,13.021873,80.206966,2,0
232405488,street,unclassified,1,0.076,13.009648,80.231669,2,0
86220808,street,residential,1,0.147,12.971789,80.129281,4,0
27442528,street_limited,living_street,1,0.281,13.035215,80.199466,4,0
27461048,street,unclassified,1,0.403,13.063287,80.208929,9,0
218212384,street,residential,1,0.14,13.122495,80.254673,2,0
211900048,street_limited,living_street,1,0.087,13.024684,80.242232,2,0
208824896,street,residential,1,0.075,12.839108,80.22742,2,5
384294560,street,unclassified,1,0.077,12.923204,80.097793,2,0
27360068,street,residential,1,0.133,12.983557,80.199994,3,0
30622092,street,unclassified,1,0.244,13.030173,80.153685,3,0
28564302,street,residential,1,0.185,12.998897,80.258716,2,0
30119312,main,secondary,1,1.284,12.952819,80.053491,5,-1
211768000,street_limited,living_street,1,0.07,13.054766,80.267584,2,0
32945372,street,unclassified,1,0.198,13.040271,80.182739,3,0
24831592,street,unclassified,1,0.12,13.018356,80.22999,3,0
206813888,street,residential,1,0.115,12.982553,80.266281,2,0
86226792,street,residential,1,0.081,12.970605,80.133083,3,0
27202372,main,tertiary,1,0.107,13.035137,80.224866,3,0
183947408,street,residential,1,0.287,12.959366,80.251782,7,0
163384128,service,service,1,0.184,13.014495,80.178641,3,0
34256964,street_limited,living_street,1,0.105,13.030602,80.205267,3,0
32584636,path,footway,1,0.159,13.028135,80.205058,3,0
24261522,street_limited,living_street,1,0.218,13.045473,80.27559,5,0
206825552,street_limited,living_street,1,0.216,13.106911,80.199557,4,0
384311360,street,unclassified,1,0.129,12.950258,80.200412,4,0
384370752,street,unclassified,1,0.269,12.927158,80.117239,3,0
384430432,street,road,1,0.136,13.107276,80.152998,3,0
184469904,street_limited,living_street,1,0.115,12.961414,80.213459,2,0
34231732,street,residential,1,0.254,13.042592,80.172412,3,0
157911936,main,trunk,1,0.201,13.048368,80.246104,4,0
34234912,street,unclassified,1,0.11,13.043143,80.178429,3,0
30740712,main,primary,1,0.896,13.178346,80.296384,8,0
32620632,street,unclassified,1,0.288,13.012648,80.202629,3,0
189500800,street,unclassified,1,0.496,13.044672,80.235685,8,0
28405760,street,residential,1,0.201,12.996624,80.254531,5,0
206825568,street,unclassified,1,0.291,13.105744,80.201689,6,0
23164072,street_limited,living_street,1,0.119,13.05227,80.236787,3,0
211531312,street_limited,living_street,1,0.045,13.037806,80.270038,2,0
33875976,street_limited,living_street,1,0.211,13.06312,80.219215,7,0
240461904,main,secondary,1,0.734,13.053243,80.270797,20,0
27202256,street,residential,1,0.128,13.034286,80.218881,3,0
34254352,street,unclassified,1,0.101,13.027746,80.190338,2,0
23161560,main,secondary,1,0.333,13.034802,80.231893,4,0
26550648,main,secondary,1,0.433,13.071407,80.215539,7,0
207149472,street,residential,1,0.152,13.094163,80.203306,4,0
32938792,street,unclassified,1,0.234,12.941281,80.25425,2,0
30609122,street,unclassified,1,0.088,12.977368,80.225372,2,0
27442476,street,residential,1,0.115,13.025809,80.210948,2,0
142413376,street,residential,1,0.133,12.92815,80.141239,4,0
32553684,street,residential,1,0.06,13.015307,80.189079,4,0
23161526,street,residential,1,0.105,13.039797,80.24034,2,0
112621616,street,unclassified,1,0.255,13.036692,80.270072,7,0
208361248,street,residential,1,0.179,12.918063,80.160214,5,0
295244512,street,residential,1,0.205,13.021292,80.150309,7,0
33875988,street_limited,living_street,1,0.11,13.069572,80.217556,2,0
27432760,street,residential,1,0.197,13.036956,80.219992,4,0
133593216,street,unclassified,1,0.592,12.949648,80.142822,18,0
27695496,street,residential,1,0.198,13.063444,80.223051,4,0
34157888,street,unclassified,1,0.041,13.061601,80.173678,2,0
207260560,street,residential,1,0.419,13.075074,80.206682,8,0
206535376,street,residential,1,0.12,12.959937,80.208951,3,0
183979584,street_limited,living_street,1,0.265,12.971456,80.237332,3,0
25593958,main,tertiary,1,0.198,13.019343,80.199645,6,0
23186282,street_limited,living_street,1,0.358,13.054851,80.237378,6,0
23030604,street_limited,living_street,1,0.153,13.072119,80.270251,3,0
0,street_limited,living_street,1,0.488,13.053022,80.279769,10,0
26748530,street_limited,living_street,1,0.102,13.069333,80.229896,4,0
318725696,street,residential,1,0.097,12.978782,80.218506,4,0
27442612,street,residential,1,0.109,12.961983,80.204679,3,0
23500012,street,unclassified,1,0.399,13.093048,80.266121,5,0
92643720,motorway,motorway,1,0.274,12.914278,80.102302,10,0
34135048,street,unclassified,1,0.117,13.051629,80.184922,4,0
165641248,street_limited,living_street,1,0.126,12.973423,80.192407,3,0
34618000,main,primary,1,0.905,13.07438,80.111763,5,0
206653792,street,residential,1,0.047,12.974046,80.193511,2,0
34160168,street,residential,1,0.168,13.015861,80.208609,3,0
27346872,street_limited,living_street,1,0.126,13.04061,80.214035,3,0
27189946,street_limited,living_street,1,0.138,13.039569,80.22525,2,0
24831576,street,residential,1,0.219,13.016055,80.227531,6,0
102574432,main,tertiary,1,0.105,13.066673,80.123878,2,0
184728800,street,residential,1,0.624,13.083939,80.177178,14,0
27368908,street,unclassified,1,0.551,12.956945,80.252155,3,0
23894472,street_limited,living_street,1,0.532,13.066131,80.281168,6,0
206836544,street,residential,1,0.504,13.027356,80.17991,19,0
23499288,main,primary,1,0.375,13.083832,80.254587,5,0
27320134,street,residential,1,0.181,12.981946,80.216177,4,0
26809138,main,secondary,1,0.672,13.167861,80.258128,5,2
384530080,street,residential,1,0.047,13.110444,80.186983,2,0
209562048,main,tertiary,1,0.651,13.070672,80.267966,11,0
23186322,main,secondary,1,0.211,13.028211,80.22529,2,0
207897632,street,residential,1,0.325,12.853227,80.063454,8,0
208812528,street,residential,1,0.139,12.927276,80.23347,6,0
181313760,street,residential,1,0.103,13.095669,80.19216,2,0
35007928,street_limited,living_street,1,0.026,13.028799,80.277042,2,0
33876104,street_limited,living_street,1,0.101,13.068941,80.210892,3,0
24375424,street_limited,living_street,1,0.364,13.059958,80.243687,7,0
27370352,street,residential,1,0.388,12.963607,80.193275,5,0
194606224,street,residential,1,0.453,12.921182,80.19399,9,0
208825552,street,residential,1,0.11,12.817219,80.241167,2,-1
297308480,street,residential,1,0.28,13.084007,80.214151,2,0
28563200,street_limited,living_street,1,0.237,13.009082,80.259608,8,0
34023088,street_limited,living_street,1,0.053,13.037913,80.19981,2,0
132063504,street,unclassified,1,0.073,12.968482,80.255125,4,0
206653792,street,residential,1,0.154,12.977058,80.202651,3,0
207258272,street,residential,1,0.081,13.083299,80.183018,2,0
102574512,main,primary,1,0.039,13.064325,80.112474,2,0
217904400,street_limited,living_street,1,0.056,13.115812,80.259634,3,0
27319408,street,residential,1,0.075,12.966247,80.211342,2,0
33875996,street_limited,living_street,1,0.076,13.07286,80.217716,2,0
34019460,street_limited,living_street,1,0.066,13.039283,80.20282,2,0
34248480,main,tertiary,1,0.281,13.05019,80.179474,6,0
34234896,street,unclassified,1,0.145,13.040285,80.166832,3,0
214599136,street_limited,living_street,1,0.181,13.03493,80.244687,5,0
30312544,street,unclassified,1,0.059,12.978815,80.25595,2,0
25466620,street,residential,1,0.582,13.058159,80.19199,8,0
210441984,main,tertiary,1,0.378,12.992041,80.185167,13,0
133602704,street,residential,1,0.467,12.981698,80.192287,6,0
112869304,street_limited,living_street,1,0.096,13.079847,80.217212,5,0
27347434,street,unclassified,1,0.157,13.029882,80.212309,4,0
211900048,street_limited,living_street,1,0.083,13.024589,80.24147,2,0
102657792,main,tertiary,1,0.413,13.014257,80.158042,5,0
34248920,main,tertiary,1,0.394,13.050748,80.186768,5,0
207272704,street_limited,living_street,1,0.056,13.086688,80.242418,2,0
34160164,street,unclassified,1,0.137,13.011389,80.202947,2,0
31243142,street,residential,1,0.047,13.054814,80.196301,3,0
217870912,street_limited,living_street,1,0.061,13.111953,80.275444,2,0
27643188,street,residential,1,0.119,13.030454,80.25481,2,0
95641248,main,trunk,1,1.421,12.968444,80.149748,12,0
217950368,street_limited,living_street,1,0.048,13.122878,80.267208,2,0
27172688,street_limited,living_street,1,0.161,13.03862,80.249913,3,0
217930032,street_limited,living_street,1,0.191,13.109875,80.199003,5,0
29246362,main,primary,1,1.308,13.163045,80.260358,11,2
26748496,street,residential,1,0.216,13.071625,80.226205,4,0
26394456,street_limited,living_street,1,0.179,13.112084,80.281202,6,0
255580048,street,residential,1,0.136,13.050569,80.169219,2,0
34251712,street,unclassified,1,0.155,13.039001,80.191974,2,0
30622132,street,unclassified,1,0.223,13.02896,80.159086,5,0
208168512,street,residential,1,0.153,12.896979,80.063474,2,0
26465000,street,residential,1,0.089,13.12862,80.265883,4,0
208169728,street,residential,1,0.165,12.908258,80.093614,3,0
206831696,street,unclassified,1,0.103,13.051854,80.190306,5,0
185282944,service,service,1,0.137,13.00773,80.238758,2,0
214599136,service,service,1,0.047,13.016869,80.223264,3,0
23901144,main,tertiary,1,0.612,13.065569,80.271735,15,0
27454288,street_limited,living_street,1,0.102,13.057784,80.203438,2,0
23163888,street,unclassified,1,0.271,13.028497,80.22126,4,0
48115216,street_limited,living_street,1,0.102,13.093041,80.250508,2,0
215244384,street,residential,1,0.094,13.133216,80.169126,2,0
206647504,street,residential,1,0.049,12.97009,80.200149,2,0
29046376,street,unclassified,1,0.025,12.991773,80.255069,2,0
27343696,street,residential,1,0.209,12.981158,80.20469,3,0
142297024,street,unclassified,1,0.101,12.928222,80.144723,4,0
102574552,main,tertiary,1,0.488,13.073878,80.116571,11,0
217952448,street_limited,living_street,1,0.087,13.120125,80.275932,3,0
30623584,street,unclassified,1,0.092,13.044182,80.161619,3,0
132064392,street,unclassified,1,0.129,12.971662,80.261947,3,0
23892268,minor_rail,rail,1,0.331,13.096068,80.273412,5,0
26518996,main,tertiary,1,0.865,13.106716,80.20236,10,0
112716536,street_limited,living_street,1,0.067,13.071596,80.243673,2,0
31336404,main,secondary,1,0.661,13.086389,80.234245,10,0
209513216,main,primary,1,0.499,13.04511,80.232688,11,0
206840944,street,residential,1,0.061,13.042717,80.178833,2,0
29046940,service,service,1,0.861,12.986687,80.265584,6,0
28894872,street_limited,pedestrian,1,1.026,13.072829,80.284488,14,0
183947344,street,residential,1,0.058,12.957322,80.250935,2,0
218208880,street_limited,living_street,1,0.343,13.131041,80.287152,3,0
27630340,street,residential,1,0.232,12.980044,80.240786,4,0
240472112,street,secondary_link,1,0.083,13.066355,80.260467,4,0
23962588,street,residential,1,0.316,13.045629,80.271371,3,0
206827232,service,service,1,0.03,13.015645,80.178425,2,0
30077680,street,unclassified,1,0.326,13.108668,80.184959,3,0
26396302,street_limited,living_street,1,0.268,13.117021,80.282825,3,0
353683584,main,secondary,1,0.202,13.073108,80.261534,6,0
207144080,street_limited,living_street,1,0.058,13.115397,80.266102,3,0
206827248,street,residential,1,0.064,13.014829,80.17648,2,0
206827264,street,residential,1,0.141,13.01837,80.178673,3,0
206831680,street,unclassified,1,0.155,13.071088,80.205879,3,0
384311360,street,unclassified,1,0.142,12.95038,80.199861,3,0
214172288,street_limited,living_street,1,0.071,13.022774,80.225325,3,0
33631856,street,unclassified,1,0.393,13.048365,80.125652,5,0
34139776,street,residential,1,0.085,13.052709,80.1778,3,0
207260592,street,residential,1,0.194,13.073954,80.205134,3,0
28295630,street_limited,living_street,1,0.188,13.073992,80.244806,3,0
23467840,street_limited,living_street,1,0.547,13.107791,80.290893,7,0
24483960,street,unclassified,1,0.761,13.065491,80.262833,12,0
122063600,street,unclassified,1,0.159,13.040529,80.176371,6,0
47497724,street_limited,living_street,1,0.063,13.055985,80.279957,2,0
102543664,major_rail,rail,1,1.351,13.180823,80.306121,3,0
217930016,street_limited,living_street,1,0.042,13.105075,80.203088,2,0
30312940,street,unclassified,1,0.075,12.979178,80.258585,3,0
86226776,street,residential,1,0.117,12.970146,80.130759,3,0
206829520,street,unclassified,1,0.608,13.019192,80.176732,10,0
23634420,street_limited,living_street,1,0.093,13.027753,80.217068,2,0
102657800,service,service,1,1.042,13.009996,80.175338,13,0
27454270,street,residential,1,0.101,13.056394,80.199271,2,0
27584824,main,primary,1,1.146,13.044031,80.271228,13,0
208824112,street,residential,1,0.178,12.886284,80.231409,6,0
30119312,main,secondary,1,0.645,12.952192,80.059728,6,-1
48049856,street_limited,living_street,1,0.069,13.090038,80.260312,2,0
177370736,street,unclassified,1,0.656,13.11298,80.122123,9,0
184730848,street,residential,1,0.158,13.074823,80.179152,3,0
30851300,street,residential,1,0.425,13.080906,80.220099,8,0
27360452,street,residential,1,0.151,12.97674,80.20972,6,0
378400832,street,residential,1,0.107,12.940362,80.231281,3,0
27454266,street,residential,1,0.154,13.055319,80.199289,2,0
30622118,street,unclassified,1,0.141,13.033157,80.16075,3,0
214599136,service,service,1,0.111,13.017158,80.223119,5,0
34690120,street,residential,1,0.11,13.027467,80.208968,4,0
132192384,main,tertiary,1,0.292,12.921485,80.07996,4,0
25460532,main,secondary,1,1.588,13.01194,80.139592,20,0
102484032,street_limited,construction,1,0.167,13.10835,80.286544,3,0
213364176,street,residential,1,0.085,12.975368,80.212197,2,0
48057008,street_limited,living_street,1,0.56,13.093216,80.254279,4,0
28278670,street,unclassified,1,0.143,12.994321,80.258645,2,0
34023084,street,residential,1,0.167,13.037094,80.200795,3,0
28278664,street,unclassified,1,0.267,12.984556,80.256164,4,0
33876148,street_limited,living_street,1,0.108,13.067185,80.232029,3,0
28564306,street,residential,1,0.194,12.999989,80.257712,3,0
217941168,street,unclassified,1,0.3,13.112607,80.267175,4,0
98357584,service,track,1,0.249,12.864265,80.199873,5,0
314877504,street,unclassified,1,1.311,12.934857,80.081558,4,0
31956936,street,residential,1,0.829,13.063583,80.207741,27,0
132062864,street,unclassified,1,0.04,12.969863,80.255965,2,0
26970220,street,residential,1,0.532,13.086261,80.203648,3,0
208359312,street,residential,1,0.19,12.921875,80.159516,3,0
350538240,main,secondary,1,0.071,13.04112,80.224669,2,0
217745312,street_limited,living_street,1,0.108,13.057011,80.227517,4,0
23135646,street,residential,1,0.202,13.030843,80.250268,2,0
33135056,street,unclassified,1,0.215,13.183514,80.30226,4,0
26419604,street,residential,1,0.13,13.133837,80.288479,3,0
43697264,service,service,1,0.068,12.947923,80.140913,7,0
27370268,street,residential,1,0.136,12.977827,80.227698,4,0
218208848,street,residential,1,0.062,13.134299,80.288194,2,0
268654048,street,residential,1,0.046,13.112536,80.180805,2,0
206644112,street,unclassified,1,0.22,12.987253,80.250505,6,0
208359360,street,residential,1,0.461,12.935902,80.160461,9,0
27347304,street,residential,1,0.266,13.033129,80.210878,4,0
24775484,street_limited,living_street,1,0.314,13.025273,80.241413,5,0
33266872,service,service,1,0.066,13.040527,80.253961,2,0
30077678,street,unclassified,1,0.328,13.109372,80.184987,2,0
30162692,main,secondary,1,1.28,12.827154,80.129337,8,-1
369983648,service,service,1,0.122,12.94208,80.237007,2,0
208169728,street,residential,1,0.122,12.910837,80.097855,3,0
27312332,street,residential,1,0.253,13.002723,80.265119,4,0
133602696,main,primary,1,0.261,13.013359,80.133455,7,0
30247404,street,unclassified,1,0.306,13.091413,80.252547,4,0
27880100,main,tertiary,1,0.312,13.101689,80.150624,3,0
206637728,street,residential,1,0.371,12.966737,80.213699,7,0
23803368,street,unclassified,1,0.185,13.094306,80.256232,5,0
46821256,street,unclassified,1,0.177,12.948651,80.132895,4,0
30923492,street,unclassified,1,0.328,13.085608,80.236118,3,0
34135036,street,unclassified,1,0.025,13.047427,80.187184,2,0
24375548,street,unclassified,1,0.185,13.05691,80.254323,2,0
302559040,street,residential,1,0.066,12.922839,80.143517,2,0
28747112,service,service,1,0.092,13.079252,80.284437,2,0
204242704,main,primary,1,0.023,12.991446,80.219651,3,0
208160240,street,residential,1,0.079,12.9205,80.082136,2,0
24270384,street_limited,living_street,1,0.072,13.036834,80.274168,2,0
125180576,main,trunk,1,1.268,13.118932,80.084656,8,0
23037580,main,primary,1,0.807,13.053422,80.225315,8,0
181313776,street,unclassified,1,0.317,13.106635,80.172725,2,0
24270488,street_limited,living_street,1,0.082,13.031254,80.271457,2,0
214599136,service,service,1,0.09,13.017011,80.222635,4,0
213364192,street,residential,1,0.134,12.980411,80.220517,3,0
206649504,street_limited,living_street,1,0.101,13.124707,80.254802,4,0
34629848,main,tertiary,1,0.22,13.123093,80.150794,2,0
32426106,street,residential,1,0.052,13.026594,80.209993,2,0
33631848,street,unclassified,1,0.077,13.047547,80.123455,2,0
24831564,street_limited,living_street,1,0.15,13.014303,80.231976,3,0
29046766,street_limited,living_street,1,0.089,12.990752,80.261155,2,0
27442476,street,residential,1,0.051,13.025616,80.211187,2,0
157915152,main,secondary,1,0.165,13.047547,80.244778,5,0
208812480,street,residential,1,0.042,12.933567,80.230678,2,0
355460512,service,service,1,0.047,12.725746,80.189566,2,-1
46781296,street,unclassified,1,0.279,12.984747,80.142933,6,0
102550208,street,unclassified,1,0.53,13.125094,80.252058,8,0
27312310,street,residential,1,0.087,12.997105,80.267274,2,0
386634016,street,residential,1,0.057,12.949981,80.193842,2,0
24163756,main,tertiary,1,0.431,12.926871,80.111956,6,0
27838212,street,unclassified,1,0.675,13.062544,80.218335,10,0
132509248,street,unclassified,1,0.193,12.972483,80.22436,2,0
23161686,main,primary,1,0.153,13.027257,80.232944,6,0
206658400,street,residential,1,0.097,12.976616,80.212376,3,0
208935024,street,residential,1,0.115,12.97703,80.137212,4,0
34248504,street,unclassified,1,0.214,13.05309,80.1931,6,0
30246124,street_limited,living_street,1,0.118,13.083852,80.265558,2,0
24375504,street,residential,1,0.195,13.054847,80.244842,2,0
29046876,street,residential,1,0.335,12.988136,80.258063,3,0
384380416,service,track,1,0.382,12.894479,80.216851,2,0
33135048,street,unclassified,1,0.09,13.182328,80.302817,3,0
122063568,street,residential,1,0.166,13.038209,80.171864,3,0
127647960,street_limited,living_street,1,0.151,13.017207,80.219175,7,0
102472720,street,trunk_link,1,0.071,12.98022,80.25246,5,0
211763568,street_limited,living_street,1,0.121,13.052333,80.276199,5,0
26464858,street,unclassified,1,0.558,13.134475,80.246099,10,0
208813664,street,residential,1,0.652,12.926537,80.238716,4,0
30596858,street,residential,1,0.234,12.968483,80.204478,4,0
340016362,street,residential,1,0.096,13.080595,80.187524,5,0
208170752,street,residential,1,0.135,12.925642,80.099109,2,0
25377616,main,tertiary,1,0.114,13.109182,80.199876,3,0
262230672,service,track,1,0.038,13.015449,80.171211,3,0
217860880,street,unclassified,1,0.781,13.118724,80.2872,9,0
30077696,main,secondary,1,0.085,13.109918,80.184676,2,0
325034368,street,residential,1,0.538,12.936998,80.242136,10,0
34137892,street,unclassified,1,0.112,13.044975,80.182484,2,0
32424964,street_limited,living_street,1,0.168,13.01861,80.204647,3,0
23499284,street,unclassified,1,0.246,13.080587,80.245809,2,0
383858400,,runway,1,0.233,13.004243,80.161304,2,0
23075440,main,secondary,1,0.344,13.079026,80.245087,8,0
23762128,street,unclassified,1,0.167,12.983949,80.254203,2,0
179309872,street,residential,1,0.139,12.939504,80.190676,2,0
132509264,street,residential,1,0.162,12.976571,80.224982,3,0
24262116,street,residential,1,0.163,13.019033,80.254729,4,0
23633596,street,unclassified,1,0.359,13.017034,80.1362,4,0
198549440,street,residential,1,0.119,12.955527,80.185896,3,0
30402652,street,residential,1,0.063,13.002052,80.261646,2,0
30833184,street,unclassified,1,0.131,13.04835,80.188792,2,0
34023084,street,residential,1,0.167,13.037288,80.199578,3,0
26607376,main,primary,1,0.057,13.031973,80.211239,3,0
206644416,street_limited,living_street,1,0.054,13.11906,80.255095,4,0
34020992,street,residential,1,0.1,13.040406,80.195965,2,0
27320196,street,residential,1,0.082,12.972036,80.216711,2,0
34135044,street,unclassified,1,0.113,13.047552,80.184898,2,0
48753856,street_limited,living_street,1,0.117,13.089942,80.23045,3,0
27347372,street,residential,1,0.26,13.052068,80.198163,3,0
27347304,street,residential,1,0.17,13.03371,80.210573,3,0
189504048,main,secondary,1,0.32,13.043222,80.245561,6,0
27370268,street,residential,1,0.128,12.97804,80.228285,2,0
102484440,main,tertiary,1,0.602,13.074589,80.185765,9,0
34254400,street_limited,living_street,1,0.159,13.032361,80.197574,3,0
198549568,street,residential,1,0.222,12.951012,80.195998,3,0
384430400,street,road,1,0.625,13.106463,80.154527,15,0
181313792,street,unclassified,1,0.199,13.107942,80.168048,2,0
27199376,street,unclassified,1,0.281,13.045231,80.216137,4,0
30622066,street,unclassified,1,0.209,13.034758,80.153803,2,0
26465024,street,unclassified,1,0.048,13.135362,80.258872,2,0
34159376,street,residential,1,0.249,13.085372,80.194325,3,0
27360672,street,residential,1,0.201,12.982364,80.186377,2,0
22660752,street,unclassified,1,0.049,13.041104,80.255126,3,0
59294080,motorway,motorway,1,0.266,13.060377,80.161854,14,0
142297040,street,residential,1,0.112,12.928138,80.144245,3,0
30623000,street,unclassified,1,0.302,13.025543,80.153202,3,0
208160288,street,residential,1,0.168,12.922126,80.080393,5,0
25393656,main,secondary,1,0.577,13.142788,80.192296,10,3
125180624,main,secondary,1,0.468,13.124565,80.259186,12,0
30077670,main,tertiary,1,0.511,13.109174,80.186589,5,0
131961784,street,unclassified,1,0.095,12.969739,80.253097,2,0
29046440,street,unclassified,1,0.183,12.984274,80.254224,2,0
30597388,main,tertiary,1,0.327,12.975809,80.198924,3,0
24375424,street_limited,living_street,1,0.061,13.059159,80.244242,2,0
164932560,major_rail,rail,1,0.425,12.973623,80.229711,2,0
26970224,street,residential,1,0.109,13.085595,80.20837,3,0
384297952,street,unclassified,1,0.267,12.930488,80.098494,4,0
132065320,street,unclassified,1,0.658,12.96884,80.252438,14,0
27189850,street,residential,1,0.212,13.050513,80.223145,4,0
30620300,main,tertiary,1,1.233,13.053344,80.161142,28,0
47800436,motorway,motorway,1,0.663,13.029967,80.147204,7,0
184466048,street_limited,living_street,1,0.119,12.949784,80.184368,4,0
47997896,main,secondary,1,0.375,13.092622,80.271103,7,0
26419604,street,residential,1,0.236,13.134282,80.287181,4,0
23929828,street_limited,living_street,1,0.152,13.040719,80.265119,5,0
27454228,street_limited,living_street,1,0.093,13.057638,80.20086,2,0
23186356,street,unclassified,1,0.221,13.054705,80.238349,3,0
41415988,street,residential,1,0.327,13.023362,80.169808,6,0
121883600,street,residential,1,0.208,13.045725,80.225983,3,0
30337594,street,unclassified,1,0.134,12.978709,80.255257,4,0
32527932,main,tertiary,1,0.111,13.014933,80.193496,2,0
34618652,service,service,1,0.589,12.869871,80.224429,4,0
27319896,street,residential,1,0.189,12.979198,80.210032,3,0
23135420,street,residential,1,0.148,13.031776,80.254068,2,0
207270064,street_limited,living_street,1,0.245,13.081157,80.231478,6,0
24270454,street,residential,1,0.184,13.029161,80.277234,5,0
27460548,street,residential,1,0.18,13.06103,80.205576,4,0
206807744,street,residential,1,0.092,12.974242,80.223431,3,0
23500008,main,trunk,1,0.322,13.094608,80.267322,6,0
27503760,street,residential,1,0.257,13.029803,80.251869,6,0
142302528,street,residential,1,0.186,12.930016,80.140697,4,0
46780552,street,unclassified,1,0.201,12.967571,80.141227,4,0
82881760,main,primary,1,1.292,12.955654,80.212788,12,0
30923610,street,unclassified,1,0.148,13.079973,80.244705,2,0
25466310,main,tertiary,1,0.078,13.036594,80.216353,3,0
133593216,main,primary,1,1.263,12.922819,80.1293,6,0
23887962,street_limited,living_street,1,0.114,13.090291,80.275935,4,0
218212384,street,residential,1,0.134,13.12278,80.2547,2,0
125206032,main,secondary,1,0.365,13.120892,80.276882,3,0
232405296,street,residential,1,0.17,12.996325,80.206168,2,0
194441888,main,trunk,1,0.556,12.888764,79.79267,4,-1
0,street,residential,1,0.633,13.083321,80.179279,2,0
262500160,main,tertiary,1,0.785,13.024556,80.216448,8,0
32424228,street,residential,1,0.166,13.025112,80.2011,2,0
22967248,street,residential,1,0.21,13.045502,80.255329,2,0
27342784,street,residential,1,0.148,12.993644,80.207532,2,0
102550240,main,primary,1,0.57,13.209787,80.085925,6,-1
184730864,street,residential,1,0.236,13.07493,80.179121,3,0
178751040,street,unclassified,1,0.935,13.019296,80.117489,15,0
290793280,street,residential,1,0.096,13.018971,80.152389,2,0
214366896,street_limited,living_street,1,0.162,13.02117,80.21471,4,0
26464998,street,residential,1,0.201,13.128097,80.264742,4,0
34251776,street,unclassified,1,0.129,13.031178,80.184396,2,0
208812528,street,residential,1,0.539,12.927091,80.230099,5,0
30318038,street,unclassified,1,0.075,12.983597,80.265954,2,0
208934928,street,residential,1,0.069,12.976212,80.134058,3,0
27480309,main,secondary,1,0.775,12.98635,80.222865,20,0
24270464,street_limited,living_street,1,0.152,13.029439,80.272381,5,0
23642050,street,residential,1,0.117,13.009176,80.201246,2,0
142296672,street,residential,1,0.039,12.92831,80.144442,2,0
208935024,street,residential,1,0.29,12.971305,80.14188,5,0
23941172,street_limited,living_street,1,0.064,13.057468,80.271883,2,0
325034400,street,residential,1,0.085,12.948126,80.242281,2,0
132064400,street,unclassified,1,0.117,12.968673,80.264846,4,0
209546160,street_limited,living_street,1,0.154,13.059528,80.241588,2,0
30622116,main,tertiary,1,0.027,13.034312,80.15992,3,0
34234904,street,unclassified,1,0.153,13.040781,80.16904,3,0
179310544,street,residential,1,0.053,12.937335,80.190293,2,0
215475872,street_limited,living_street,1,0.095,13.090398,80.271948,4,0
0,main,primary,1,0.294,13.026421,80.26469,4,0
133593216,main,primary,1,0.58,12.917373,80.191005,11,0
218212368,street,residential,1,0.154,13.121933,80.254605,2,0
30977316,street_limited,living_street,1,0.174,13.096837,80.254335,2,0
31242166,motorway,motorway,1,0.099,13.011462,80.12741,2,0
28406166,street,residential,1,0.193,13.003923,80.24934,2,0
208812512,street,residential,1,0.03,12.934774,80.233112,2,0
27370164,street,residential,1,0.238,12.98006,80.212331,3,0
217870896,street_limited,living_street,1,0.102,13.113683,80.278067,3,0
34234948,street,unclassified,1,0.188,13.042786,80.16491,3,0
207137952,street_limited,living_street,1,0.06,13.111736,80.275393,2,0
102550216,main,primary,1,0.511,13.024828,80.176734,6,0
208373040,street,residential,1,0.212,12.935845,80.16963,2,0
27189886,street,unclassified,1,0.14,13.046924,80.22142,4,0
207901680,street,residential,1,0.37,12.837812,80.056108,5,0
30337596,street,unclassified,1,0.258,12.978509,80.257402,6,0
132063504,street,unclassified,1,0.075,12.96779,80.254146,3,0
23953276,street_limited,living_street,1,0.19,13.051343,80.260134,4,0
47997904,main,secondary,1,0.068,13.093579,80.272864,2,0
23163892,street,residential,1,0.178,13.028574,80.22624,3,0
131961800,street,road,1,0.057,12.969848,80.256575,2,0
32938807,street,unclassified,1,0.28,12.938657,80.255574,2,0
29046770,street,residential,1,0.05,12.991295,80.258014,2,0
23467808,main,primary,1,0.228,13.10397,80.270941,7,0
194433312,street,unclassified,1,0.584,12.916169,80.188567,17,0
24262120,street,residential,1,0.342,13.016565,80.258709,7,0
33560384,street_limited,living_street,1,0.092,13.060344,80.219615,2,0
194606240,street,unclassified,1,0.211,12.918257,80.192425,5,0
131961792,street,unclassified,1,0.227,12.966435,80.25309,3,0
26527888,main,secondary,1,0.336,13.029203,80.224239,8,0
30622248,street,unclassified,1,0.145,13.037337,80.15505,3,0
335960160,street,residential,1,0.219,13.126712,80.252404,3,0
34254348,street,unclassified,1,0.301,13.024209,80.18837,3,0
34160400,street_limited,living_street,1,0.361,13.005584,80.205795,7,0
30604308,main,primary,1,0.376,12.974015,80.22022,7,0
385029632,street,unclassified,1,0.161,12.953423,80.198254,2,0
29267238,street,unclassified,1,0.334,13.054748,80.280713,6,0
30977340,street_limited,living_street,1,0.18,13.092372,80.258039,2,0
219516176,main,tertiary,1,0.551,13.096885,80.203027,4,0
23499998,street,unclassified,1,0.193,13.092676,80.254603,6,0
34135048,street,unclassified,1,0.207,13.050942,80.182219,4,0
41415976,street,residential,1,0.5,13.021351,80.168175,12,0
214356688,main,secondary,1,0.396,13.028274,80.225994,9,0
306017504,street,residential,1,0.087,13.035709,80.135625,2,0
25774690,street,residential,1,0.203,12.973807,80.193293,4,0
26419588,street,unclassified,1,0.303,13.13142,80.287194,4,0
30622244,street,unclassified,1,0.112,13.037474,80.156265,3,0
335960128,street_limited,living_street,1,0.052,13.125936,80.267128,2,0
208832384,street,residential,1,0.077,12.938143,80.141227,2,0
187760672,street_limited,living_street,1,0.077,13.062714,80.209069,2,0
32945504,street,unclassified,1,0.197,13.037012,80.180484,3,0
375214144,service,service,1,0.303,12.921425,80.123585,3,0
34621784,main,tertiary,1,0.289,13.134332,80.200097,3,3
384297984,street,unclassified,1,0.153,12.932434,80.09834,2,0
206819376,service,service,1,0.183,13.048496,80.220056,5,0
32455860,main,tertiary,1,0.064,13.024945,80.209262,2,0
184730864,street,residential,1,0.396,13.075133,80.177222,5,0
24730636,main,primary,1,0.499,12.767008,80.211779,2,-1
24338708,street,residential,1,0.427,13.024066,80.276105,8,0
26748532,street_limited,living_street,1,0.198,13.069582,80.231718,4,0
208824912,street,residential,1,0.152,12.84559,80.228861,2,5
132454880,street,unclassified,1,0.216,12.964009,80.251835,4,0
30597392,street,unclassified,1,0.157,12.976651,80.2005,4,0
35011148,street,residential,1,0.147,13.029066,80.262423,4,0
211408384,street,residential,1,0.1,13.114938,80.159009,2,0
162093264,street_limited,living_street,1,0.082,13.071908,80.206322,2,0
34618016,main,tertiary,1,0.081,13.084644,80.108386,2,0
214172272,street_limited,living_street,1,0.055,13.026566,80.225955,2,0
24270448,street,residential,1,0.102,13.033195,80.267183,2,0
24240034,street,residential,1,0.484,13.088002,80.217396,3,0
27430056,street,unclassified,1,0.361,13.006447,80.223628,6,0
184110816,main,primary,1,0.589,12.927532,80.231206,6,0
211435488,main,primary,1,0.54,13.084843,80.268571,12,0
26807400,main,tertiary,1,0.413,13.015814,80.17973,6,0
28563224,street,unclassified,1,0.099,13.006986,80.259488,3,0
371585440,street,residential,1,0.03,12.973698,80.141558,2,0
34231644,street,residential,1,0.172,13.050964,80.169059,2,0
24375480,street,residential,1,0.141,13.068309,80.236797,2,0
207270064,street_limited,living_street,1,0.046,13.082214,80.229235,2,0
46832428,street,residential,1,0.278,12.931821,80.131506,4,0
28066334,main,trunk,1,0.375,13.011907,80.220581,4,0
214148736,street,unclassified,1,0.466,13.031124,80.235588,6,0
183386544,main,primary,1,0.934,12.922538,80.138856,5,0
25593832,street_limited,living_street,1,0.352,13.031544,80.220002,5,0
237621840,main,secondary,1,0.53,13.085707,80.247185,5,0
23803366,street,unclassified,1,0.234,13.094073,80.254468,6,0
384503840,street,unclassified,1,0.033,12.941762,80.24831,2,0
31243200,main,primary,1,0.191,12.997428,80.095485,3,0
27347344,street,unclassified,1,0.548,13.0446,80.203538,11,0
132065336,street,road,1,0.059,12.972202,80.245801,2,0
27360282,street,residential,1,0.106,12.981776,80.200649,2,0
208378432,street,residential,1,0.123,12.936437,80.215583,3,0
180145728,main,tertiary,1,1.795,12.945806,80.106225,12,0
102547880,main,primary,1,0.67,13.088925,80.164403,2,0
27320018,street,unclassified,1,0.336,12.975043,80.200982,5,0
28564568,street,residential,1,0.199,12.994943,80.251484,2,0
122063600,street,unclassified,1,0.275,13.034369,80.169988,5,0
205878752,service,service,1,0.01,12.9866,80.240717,3,0
207150016,service,service,1,0.361,13.017826,80.259152,8,0
30605100,street,residential,1,0.125,12.977524,80.22178,2,0
325034368,street,residential,1,0.082,12.935412,80.24274,3,0
208934768,street,residential,1,0.077,12.989853,80.142254,2,0
32335304,street,residential,1,0.089,13.027481,80.201476,2,0
23930068,street,residential,1,0.269,13.036447,80.262675,5,0
32911276,street,unclassified,1,0.247,12.862689,80.24308,3,0
29197276,street,residential,1,0.157,13.017766,80.148628,3,0
34231744,street,unclassified,1,0.121,13.043606,80.174474,2,0
132509264,street,unclassified,1,0.138,12.971498,80.222501,4,0
30979548,street,unclassified,1,0.458,13.09341,80.261464,10,0
64384036,street,unclassified,1,0.259,12.816168,80.037657,4,1
378400842,street,residential,1,0.237,12.940336,80.234664,5,0
32937668,street,unclassified,1,0.504,12.966413,80.258895,8,0
208934912,street,residential,1,0.166,12.976763,80.131087,3,0
207149504,street,residential,1,0.093,13.095905,80.199353,2,0
206819104,service,service,1,0.131,12.976669,80.258217,7,0
30622204,street,unclassified,1,0.094,13.036916,80.162318,2,0
35458592,main,tertiary,1,0.224,12.951178,80.242548,3,0
206849376,street,residential,1,0.255,12.995521,80.204069,3,0
384626848,street,unclassified,1,0.067,12.920647,80.16043,2,0
34690584,street,residential,1,0.447,13.081023,80.206771,7,0
30622224,main,tertiary,1,0.394,13.04332,80.155405,4,0
30424374,main,tertiary,1,1.369,12.828613,80.117365,7,-1
22936552,main,primary,1,0.525,13.027985,80.231039,9,0
240936224,service,service,1,0.592,13.097957,80.294308,7,0
186797312,main,secondary,1,0.04,13.057075,80.242696,4,0
27584808,street_limited,living_street,1,0.119,13.046186,80.258469,3,0
32840478,street,residential,1,0.107,13.030717,80.204984,2,0
24338836,street_limited,living_street,1,0.228,13.019503,80.260797,8,0
27355064,street,residential,1,0.538,12.985436,80.220752,10,0
23698632,main,tertiary,1,0.165,13.036102,80.208137,2,0
182319248,street,unclassified,1,0.118,12.985912,80.187412,6,0
217750128,street_limited,living_street,1,0.262,13.053875,80.219399,5,0
32742032,street,residential,1,0.145,13.01766,80.206145,3,0
30622112,street,unclassified,1,0.093,13.033217,80.158296,4,0
32938744,street,unclassified,1,0.991,12.944346,80.24769,11,0
84100984,main,primary,1,0.103,12.99208,80.193472,5,0
34250208,main,tertiary,1,0.17,13.046579,80.187444,2,0
181313744,street,unclassified,1,0.114,13.111435,80.167573,2,0
27877904,street,unclassified,1,0.211,13.093924,80.203871,3,0
207142304,street,residential,1,0.267,13.125561,80.279266,4,0
34234904,street,unclassified,1,0.216,13.040325,80.167949,4,0
32425836,main,tertiary,1,0.285,13.018258,80.207434,2,0
217878656,street_limited,living_street,1,0.073,13.096773,80.259535,2,0
30681612,street_limited,living_street,1,0.089,13.000612,80.208343,2,0
27828326,street_limited,living_street,1,0.603,13.061355,80.218454,11,0
184728864,street_limited,living_street,1,0.254,13.081375,80.168692,3,0
27319444,street,residential,1,0.329,12.964825,80.213307,3,0
27108340,street,unclassified,1,0.697,13.10354,80.137134,8,0
208934816,street,residential,1,0.11,12.97028,80.133959,2,0
363759296,street,residential,1,0.197,13.116575,80.105517,2,0
34140900,street,unclassified,1,0.144,13.060222,80.175476,4,0
27319444,street,residential,1,0.128,12.967633,80.212434,2,0
206825552,street_limited,living_street,1,0.146,13.106772,80.20359,2,0
33135510,street,unclassified,1,0.485,13.183371,80.302478,9,0
26619312,street,unclassified,1,0.068,13.064066,80.227436,3,0
28642054,major_rail,rail,1,1.5,12.967815,80.152688,8,0
211864544,street_limited,living_street,1,0.175,13.060268,80.269224,4,0
28747112,service,service,1,0.259,13.080272,80.284419,5,0
22977180,main,secondary,1,0.069,13.035204,80.257045,2,0
179307152,street,residential,1,0.079,12.947716,80.200121,3,0
208187424,street,residential,1,0.185,12.913961,80.142679,4,0
383858400,,runway,1,0.23,13.003279,80.163149,2,0
325034400,street,residential,1,0.1,12.947428,80.244414,2,0
132064368,street_limited,living_street,1,0.306,12.967496,80.264235,10,0
27347428,street_limited,living_street,1,0.09,13.028325,80.217129,2,0
214172304,street_limited,living_street,1,0.094,13.018305,80.218292,3,0
30623572,street,unclassified,1,0.093,13.043649,80.162702,5,0
163384128,service,service,1,0.05,13.015259,80.173705,3,0
188574992,street,unclassified,1,0.178,12.823087,80.041857,2,1
108148360,street,residential,1,0.058,12.972346,80.219093,3,0
166562077,main,secondary,1,0.254,12.771059,80.212132,4,-1
26394488,street_limited,living_street,1,0.22,13.114426,80.277893,3,0
384283904,street,unclassified,1,0.073,12.926751,80.100831,2,0
27108340,main,tertiary,1,0.335,13.102258,80.132352,2,0
206637728,street,residential,1,0.423,12.968281,80.21381,3,0
23954904,street,residential,1,0.159,13.048402,80.258007,3,0
370440288,street,residential,1,0.115,12.972099,80.137828,2,0
306018272,street,residential,1,0.225,13.034617,80.131491,8,0
33876144,street_limited,living_street,1,0.11,13.067641,80.232175,3,0
29187636,service,track,1,0.322,13.085534,80.271716,19,0
98357584,service,track,1,0.78,12.869275,80.200694,13,0
211407968,street,residential,1,0.091,13.114965,80.159401,4,0
26482364,street,unclassified,1,0.135,13.143258,80.251396,2,0
217950368,street,unclassified,1,0.336,13.120953,80.267845,7,0
371971584,street,residential,1,0.137,12.939556,80.210215,3,0
384375040,street,unclassified,1,0.104,12.916807,80.127663,2,0
295244512,street,residential,1,0.117,13.021065,80.158266,3,0
26969664,street,residential,1,0.336,13.080538,80.213759,2,0
27354236,street,residential,1,0.078,12.982198,80.208243,2,0
178751024,street,unclassified,1,0.447,12.944526,80.078259,4,0
34231652,street,unclassified,1,0.102,13.050466,80.167784,3,0
28563180,street,unclassified,1,0.04,13.000232,80.251348,2,0
27483292,street,unclassified,1,0.337,12.995486,80.195263,2,0
323060032,street,unclassified,1,0.184,12.981524,80.229364,8,0
208934864,street,residential,1,0.114,12.984266,80.138035,3,0
34028156,street,unclassified,1,0.179,13.034879,80.195434,2,0
214599104,street_limited,living_street,1,0.042,13.01852,80.212226,2,0
32938758,street,unclassified,1,0.672,12.944187,80.251231,7,0
44034272,street_limited,living_street,1,0.098,12.943304,80.134588,2,0
384430464,street,road,1,0.1,13.107121,80.149007,4,0
27470668,street,residential,1,0.175,13.053807,80.201142,3,0
27481808,main,tertiary,1,0.315,13.03938,80.254011,5,0
27916654,street,unclassified,1,0.055,12.980291,80.178199,3,0
27630104,street,residential,1,0.12,12.955163,80.211014,4,0
335959840,street,unclassified,1,0.491,13.111187,80.17038,6,0
31613636,,taxiway,1,0.233,12.998766,80.174558,4,0
28564320,street,residential,1,0.189,12.997978,80.258601,2,0
307033888,motorway,motorway,1,1.31,12.934842,80.081649,4,0
220362272,main,tertiary,1,0.427,13.1207,80.095256,4,0
208832384,street,residential,1,0.074,12.957811,80.12843,2,0
34251716,street,unclassified,1,0.327,13.03562,80.188602,10,0
47474024,street,residential,1,0.225,13.045452,80.268848,3,0
206836592,street,residential,1,0.259,13.028765,80.175457,4,0
179251392,street,residential,1,0.11,12.921744,80.188719,4,0
27771480,street_limited,living_street,1,0.171,13.051163,80.21432,2,0
27453116,street,residential,1,0.267,13.05588,80.207495,6,0
48115200,main,primary,1,0.024,13.085877,80.250331,2,0
34606352,main,secondary,1,0.543,13.080671,80.106987,6,0
384202432,street,unclassified,1,1.287,13.053988,79.987489,6,-1
325034400,street,residential,1,0.347,12.942019,80.241878,9,0
206656480,street,residential,1,0.059,12.987548,80.253535,2,0
240933488,path,footway,1,0.157,13.022014,80.272268,4,0
27354252,street,residential,1,0.136,12.981095,80.209225,2,0
24240060,street,unclassified,1,0.144,13.092918,80.216408,2,0
29973082,service,service,1,0.262,12.994403,80.201256,6,0
28653964,street_limited,living_street,1,0.381,13.057173,80.224559,4,0
206398432,service,service,1,0.104,13.014907,80.16904,8,0
28571972,street,residential,1,0.112,12.972696,80.217682,2,0
26464824,street,unclassified,1,0.34,13.129201,80.26495,6,0
179259184,main,primary,1,0.248,12.944065,80.208212,5,0
25468008,main,tertiary,1,0.236,13.049653,80.134996,4,0
30623020,street,unclassified,1,0.087,13.029194,80.164673,2,0
178473248,street,unclassified,1,0.413,12.984631,80.13026,5,0
24262126,street,residential,1,0.17,13.021287,80.258713,2,0
26550580,main,secondary,1,1.041,13.094062,80.258976,17,0
189500784,street,residential,1,0.084,13.041624,80.23588,2,0
31961052,street,unclassified,1,0.527,13.052038,80.10795,6,0
102577064,main,tertiary,1,0.238,13.061813,80.124111,2,0
30077680,street,unclassified,1,0.234,13.109691,80.181422,2,0
369982944,street,residential,1,0.216,12.875438,80.207889,4,0
25851220,main,primary,1,0.635,13.292055,80.055138,5,-1
23632810,street,unclassified,1,0.193,13.055312,80.162092,2,0
23648652,street,unclassified,1,0.171,12.90908,80.107587,2,0
179254448,street,residential,1,0.081,12.948192,80.199738,5,0
27434052,street,residential,1,0.128,13.045058,80.214263,2,0
132454880,street,unclassified,1,0.242,12.963091,80.254458,5,0
30025540,service,service,1,0.149,12.995315,80.239604,2,0
30622128,street,unclassified,1,0.071,13.027237,80.160318,2,0
30078056,street,unclassified,1,0.341,13.12106,80.0979,3,0
34606368,street,unclassified,1,0.824,13.076809,80.106687,7,0
35475120,street_limited,living_street,1,0.068,13.020535,80.215418,2,0
384312064,street,unclassified,1,0.065,12.941845,80.20243,2,0
132065344,street,unclassified,1,0.205,12.973135,80.251337,2,0
206535376,street,residential,1,0.455,12.952622,80.209423,4,0
25380056,main,tertiary,1,0.841,13.093975,80.146627,12,0
30681560,street_limited,living_street,1,0.063,13.002218,80.211022,2,0
27567532,street,unclassified,1,0.185,13.053487,80.190515,6,0
27453140,street,unclassified,1,0.166,13.059624,80.210258,3,0
23929960,street,residential,1,0.117,13.042776,80.26576,2,0
268058144,street,residential,1,0.308,13.01729,80.167499,10,0
34231620,street,unclassified,1,0.332,13.050882,80.168425,11,0
232405728,street,residential,1,0.258,12.988383,80.221319,7,0
364391328,main,tertiary,1,0.576,12.987471,80.149064,4,0
23648630,street,unclassified,1,0.074,12.911154,80.102092,2,0
24483928,street_limited,living_street,1,0.142,13.071967,80.266568,4,0
32666210,street_limited,living_street,1,0.117,13.034616,80.251272,6,0
363759264,main,primary,1,0.945,13.114311,80.10667,6,0
27190004,street,residential,1,0.107,13.037691,80.222466,2,0
184913344,street,unclassified,1,0.17,13.055834,80.216953,3,0
206634208,street,residential,1,0.337,12.965786,80.213324,4,0
30606840,street_limited,living_street,1,0.071,12.989095,80.216046,2,0
206829536,street,unclassified,1,0.116,13.024802,80.175749,2,0
23047854,street,unclassified,1,0.387,13.032967,80.233039,7,0
23962640,street,residential,1,0.065,13.047498,80.265365,2,0
384986848,street,unclassified,1,0.123,12.986869,80.116161,4,0
27342780,street,residential,1,0.12,12.995227,80.207757,2,0
26808086,motorway,motorway,1,1.413,13.083982,80.06159,6,-1
23163960,street_limited,living_street,1,0.149,13.052981,80.232203,3,0
26526868,street,unclassified,1,0.415,13.040748,80.18395,13,0
208824912,street,residential,1,0.173,12.823436,80.231898,3,5
27454224,street,residential,1,0.111,13.059074,80.196255,2,0
179309840,street,residential,1,0.111,12.939489,80.189524,2,0
27319944,street,unclassified,1,0.226,13.002059,80.211395,5,0
197487568,street,residential,1,0.311,12.927979,80.204545,6,0
102657792,street,unclassified,1,0.505,12.996706,80.108657,9,0
32945496,street,unclassified,1,0.296,13.035187,80.181805,7,0
23813356,street_limited,living_street,1,0.07,13.041821,80.252492,4,0
384291008,street,unclassified,1,0.055,12.92638,80.094693,3,0
217760880,street_limited,living_street,1,0.097,13.069122,80.219739,2,0
34826488,street,residential,1,0.064,13.04277,80.26429,2,0
24375568,street,unclassified,1,0.287,13.062147,80.253423,4,0
208168384,street,residential,1,0.111,12.909383,80.089785,2,0
34606384,street,unclassified,1,0.92,13.075271,80.110261,8,0
28138960,main,trunk,1,0.054,13.078679,80.28169,2,0
28278668,street,unclassified,1,0.269,12.987267,80.253712,2,0
232404720,street,unclassified,1,0.283,12.987668,80.174542,7,0
27442526,street,unclassified,1,0.054,13.034804,80.195673,2,0
30977376,street_limited,living_street,1,0.099,13.086233,80.254874,2,0
218226960,street_limited,living_street,1,0.099,13.04235,80.213371,2,0
22976312,main,primary,1,0.468,13.065735,80.243346,9,0
27630324,street,residential,1,0.33,12.984016,80.241501,10,0
206809952,street,residential,1,0.08,12.980702,80.227726,2,0
26550054,main,tertiary,1,0.603,13.093077,80.196347,3,0
32911204,street,unclassified,1,0.522,12.884162,80.249981,3,0
27880100,main,tertiary,1,0.893,13.093093,80.158906,7,0
26527032,main,tertiary,1,0.261,13.037497,80.183986,4,0
27311864,street,residential,1,0.113,12.999452,80.268291,2,0
384311712,street,unclassified,1,0.161,12.946654,80.208365,2,0
363759296,street_limited,living_street,1,0.164,13.116614,80.107471,5,0
31011636,main,tertiary,1,1.045,13.231083,80.291821,4,-1
372671616,path,footway,1,0.004,13.031699,80.221092,2,0
33134952,street,unclassified,1,0.05,13.179582,80.30197,2,0
64384780,main,tertiary,1,0.788,12.735375,80.008443,5,-1
23163912,street_limited,living_street,1,0.446,13.032086,80.229106,9,0
30751002,main,trunk,1,0.438,12.944657,80.13502,4,0
32867732,path,cycleway,1,0.072,13.024466,80.199908,2,0
186797312,main,secondary,1,0.102,13.05781,80.242788,3,0
132070024,street,unclassified,1,0.196,12.967975,80.259522,3,0
34160856,street,unclassified,1,0.207,13.002598,80.202849,2,0
189488688,street,unclassified,1,0.526,12.906584,80.231103,10,0
184728816,main,tertiary,1,0.299,13.079684,80.172286,2,0
215269408,main,tertiary,1,0.951,13.130205,80.175003,23,0
127574696,street_limited,living_street,1,0.055,13.016575,80.222093,3,0
102658264,street,road,1,0.14,13.010308,80.121168,2,0
206836576,street,residential,1,0.176,13.029283,80.179021,4,0
183979600,street_limited,living_street,1,0.209,12.974553,80.236576,6,0
325034368,street,residential,1,0.05,12.947203,80.241746,2,0
34826312,street,unclassified,1,0.229,13.039858,80.265158,6,0
378400832,street,residential,1,0.125,12.940357,80.233495,3,0
98357488,street,residential,1,0.157,12.857502,80.069304,4,0
34019460,street_limited,living_street,1,0.066,13.039548,80.202857,2,0
97682944,service,service,1,0.115,13.072698,80.289828,2,0
102574576,main,tertiary,1,0.49,13.070208,80.127886,6,0
333378336,service,service,1,0.382,13.02697,80.237707,6,0
232405504,street,unclassified,1,0.157,13.009369,80.23126,2,0
27319974,street,residential,1,0.132,12.980186,80.213858,2,0
183947344,street,residential,1,0.047,12.956156,80.253228,2,0
383931200,street,unclassified,1,0.261,13.057385,80.221888,11,0
335960160,street_limited,living_street,1,0.243,13.117704,80.267455,3,0
34254384,street,unclassified,1,0.14,13.030525,80.195732,3,0
27347528,street,residential,1,0.076,13.03943,80.211365,2,0
27442392,street,unclassified,1,0.222,12.971029,80.261678,2,0
30625168,street,unclassified,1,0.229,13.073446,80.182187,3,0
183979600,street_limited,living_street,1,0.315,12.971741,80.233527,7,0
46780564,street,unclassified,1,0.197,12.970618,80.139747,6,0
28305008,street,residential,1,0.073,12.9762,80.189325,3,0
218212400,street,unclassified,1,0.416,13.129341,80.263694,7,0
27370088,street,residential,1,0.038,12.98315,80.21466,2,0
217763968,service,service,1,0.192,12.999653,80.263463,2,0
27370364,street,residential,1,0.311,12.964013,80.204294,6,0
23047856,street,residential,1,0.324,13.032405,80.235283,4,0
34234976,street,unclassified,1,0.054,13.039829,80.164547,2,0
24270450,main,tertiary,1,0.289,13.035778,80.27381,6,0
30077674,street,unclassified,1,0.207,13.108753,80.186406,3,0
208812496,street,residential,1,0.045,12.935369,80.231205,2,0
25468062,main,tertiary,1,0.625,13.045232,80.12465,13,0
27343688,street,residential,1,0.109,12.984425,80.205862,4,0
225251264,path,footway,1,0.067,13.011852,80.235238,2,0
268051712,street,unclassified,1,0.278,13.034323,80.154594,6,0
207270080,street,residential,1,0.134,13.083128,80.223395,3,0
31962596,street,unclassified,1,0.251,13.051211,80.117744,3,0
122063592,street,unclassified,1,0.186,13.034332,80.164504,4,0
183947344,street,residential,1,0.054,12.954718,80.253043,2,0
30396700,street,residential,1,0.202,12.996144,80.253642,2,0
30980492,street_limited,living_street,1,0.203,13.093193,80.265241,2,0
194581376,street,tertiary_link,1,0.309,12.913747,80.193668,8,0
34254352,street,unclassified,1,0.061,13.027108,80.189072,3,0
27347356,street_limited,living_street,1,0.057,13.044921,80.199594,2,0
34234900,street,unclassified,1,0.099,13.041235,80.167398,3,0
27442520,street,residential,1,0.288,13.029924,80.204612,5,0
46764820,street,unclassified,1,0.151,13.030886,80.137323,2,0
201773696,street,unclassified,1,0.261,12.9884,80.185226,10,0
25562013,street,unclassified,1,0.81,12.979609,80.191926,10,0
383770080,street,residential,1,0.397,13.09199,80.191342,3,0
27320102,street,residential,1,0.164,12.985951,80.194672,3,0
23888136,street,unclassified,1,0.305,13.099533,80.283641,6,0
28347580,minor_rail,rail,1,0.34,13.107468,80.225057,4,0
217763968,street_limited,living_street,1,0.12,13.004923,80.273742,3,0
30622996,street,unclassified,1,0.067,13.030285,80.155122,4,0
34690572,street,unclassified,1,0.619,13.087548,80.215545,7,0
27433080,street,unclassified,1,0.079,13.04205,80.20938,3,0
48057008,street_limited,living_street,1,0.097,13.095831,80.253229,4,0
207144016,street,residential,1,0.36,13.127146,80.27941,10,0
208934848,street,residential,1,0.157,12.987358,80.131071,3,0
26969976,street,unclassified,1,0.15,13.08953,80.201809,2,0
207139296,street,unclassified,1,0.152,13.027043,80.217066,3,0
34231696,street,unclassified,1,0.237,13.047757,80.166364,2,0
46780340,street,unclassified,1,0.166,12.957936,80.124468,2,0
23164008,street,unclassified,1,0.371,13.037928,80.244511,9,0
32775984,street,residential,1,0.578,13.015857,80.208531,4,0
28681456,street,unclassified,1,0.152,13.053315,80.221391,3,0
27312126,path,footway,1,0.128,12.996798,80.270736,2,0
34231740,street,unclassified,1,0.077,13.041923,80.174082,2,0
28121592,main,secondary,1,1.277,12.878133,80.217326,3,0
164608368,street_limited,living_street,1,0.132,13.004257,80.272202,3,0
35972824,main,tertiary,1,0.261,13.021679,80.208706,4,0
24256758,street_limited,living_street,1,0.138,13.100636,80.292065,5,0
211407968,street,unclassified,1,0.427,13.116075,80.158845,12,0
26465040,street,residential,1,0.082,13.127944,80.256205,2,0
307617568,street,residential,1,0.07,12.960385,80.200097,3,0
206637728,street,residential,1,0.139,12.967261,80.216046,8,0
202506080,street,unclassified,1,0.173,12.930776,80.233218,2,0
32551438,street_limited,living_street,1,0.144,12.994521,80.215587,2,0
209535264,main,primary,1,0.463,13.041167,80.232028,8,0
203214272,street,residential,1,0.169,12.943628,80.202345,3,0
384528288,street,unclassified,1,0.393,12.877438,80.104509,8,-1
206825520,street,unclassified,1,0.196,13.105233,80.202963,3,0
240340240,major_rail,rail,1,0.832,12.984991,80.175937,6,0
207891104,street,residential,1,0.319,12.861601,80.06304,4,0
213364208,street,residential,1,0.284,12.968261,80.200598,5,0
209546160,main,primary,1,0.644,13.053161,80.247179,8,0
27442462,street_limited,living_street,1,0.222,13.023418,80.214232,3,0
30317768,street,unclassified,1,0.084,12.989999,80.260614,2,0
297335424,street,residential,1,0.124,12.928449,80.128389,2,0
314877504,street,unclassified,1,1.312,12.944721,80.085223,3,0
25467790,main,tertiary,1,0.455,13.060036,80.149537,4,0
28493816,main,tertiary,1,0.401,13.040764,80.181517,10,0
26465008,street,residential,1,0.194,13.128183,80.264171,5,0
23163981,street,residential,1,0.244,13.04486,80.236738,2,0
25377128,major_rail,rail,1,0.123,13.098669,80.200573,2,0
46781312,street,unclassified,1,0.186,12.974217,80.145736,4,0
213364192,street,residential,1,0.105,12.967773,80.19804,2,0
384688160,street,unclassified,1,0.024,12.995435,80.15305,2,0
23839476,street,residential,1,0.105,13.038082,80.25274,2,0
215762560,street,residential,1,0.086,13.025811,80.215188,3,0
208812512,street,residential,1,0.191,12.928,80.233045,3,0
30833700,street,unclassified,1,0.208,13.042781,80.177741,5,0
27274220,street,unclassified,1,0.37,12.992969,80.212755,8,0
208936224,street,residential,1,0.618,12.944432,80.151272,9,0
27108336,street,unclassified,1,0.926,13.10206,80.140861,8,0
23634404,street_limited,living_street,1,0.156,13.021833,80.218508,3,0
194581376,street,residential,1,0.149,12.915425,80.188388,5,0
30597848,street,unclassified,1,0.094,12.95958,80.201822,4,0
27470656,street,residential,1,0.084,13.056847,80.206851,2,0
34019448,street_limited,living_street,1,0.142,13.041026,80.203802,3,0
34231712,street,unclassified,1,0.293,13.044386,80.171364,2,0
30852853,street,unclassified,1,0.132,13.081616,80.221749,2,0
24775496,street,residential,1,0.078,13.023057,80.239559,4,0
375214144,service,service,1,0.056,12.918387,80.123279,2,0
206836576,street,residential,1,0.192,13.029027,80.177415,3,0
86689056,major_rail,rail,1,1.236,13.111964,80.195344,3,0
24775608,street_limited,living_street,1,0.045,13.012037,80.246873,2,0
27319440,street,residential,1,0.118,12.969366,80.212888,3,0
207139312,street,residential,1,0.091,13.024203,80.212039,4,0
25390820,street,unclassified,1,0.421,13.111506,80.110413,3,0
34028152,street,unclassified,1,0.064,13.036789,80.196192,2,0
29201618,street,unclassified,1,0.305,13.179832,80.308921,2,0
23047852,street,residential,1,0.261,13.032294,80.231825,2,0
30280526,street,unclassified,1,0.258,12.985983,80.254099,5,0
102655680,street,road,1,0.297,12.985826,80.093702,6,0
184913328,street,unclassified,1,0.229,13.060574,80.214931,3,0
32938732,street,unclassified,1,0.402,12.945412,80.256969,5,0
208378464,street,residential,1,0.246,12.935033,80.21596,5,0
384986848,street,unclassified,1,0.107,12.987096,80.115116,2,0
30622068,street,unclassified,1,0.217,13.034024,80.154208,3,0
28295568,street_limited,living_street,1,0.265,13.073229,80.243902,7,0
24375580,service,service,1,0.288,13.063233,80.252768,12,0
46780340,street,unclassified,1,0.217,12.958468,80.12415,3,0
199148832,main,tertiary,1,0.381,12.952442,80.143616,5,0
24831588,street,residential,1,0.276,13.013227,80.23109,6,0
206836560,street,residential,1,0.096,13.028815,80.171652,3,0
31243154,street,residential,1,0.273,13.054272,80.196151,4,0
27346854,street,unclassified,1,0.517,13.03275,80.213993,11,0
207149488,street,residential,1,0.169,13.096668,80.18929,4,0
25454724,main,secondary,1,0.62,13.031671,80.186455,11,0
26969684,street,residential,1,0.199,13.083437,80.216282,2,0
211407968,street,residential,1,0.207,13.115698,80.15955,3,0
206849360,street_limited,living_street,1,0.047,12.998641,80.200713,2,0
30606818,street,unclassified,1,0.106,12.986596,80.210878,2,0
24339622,street,residential,1,0.166,13.018213,80.271097,2,0
24163752,main,tertiary,1,0.359,12.930544,80.114484,5,0
132509248,street,unclassified,1,0.033,12.977052,80.227682,2,0
30851608,main,primary,1,0.625,13.087041,80.218143,5,0
23929824,street_limited,living_street,1,0.123,13.040982,80.265738,2,0
181313824,street,unclassified,1,0.614,13.108431,80.16899,3,0
240920336,service,service,1,0.115,13.062599,80.274987,4,0
139348416,street,residential,1,0.159,12.982408,80.238859,3,0
46821260,street,unclassified,1,0.108,12.945292,80.132205,3,0
27454262,street,residential,1,0.312,13.054912,80.198515,3,0
102484688,street_limited,construction,1,2.011,13.064559,80.259136,16,0
176633552,main,trunk,1,0.931,13.172289,80.198325,2,-1
23941812,street_limited,living_street,1,0.182,13.054597,80.265899,2,0
35011760,street_limited,living_street,1,0.298,13.022424,80.253794,6,0
29046368,street,unclassified,1,0.129,12.991078,80.252127,2,0
23135650,street,residential,1,0.177,13.03423,80.25488,3,0
214162288,street_limited,living_street,1,0.089,13.030333,80.230172,4,0
35475076,street_limited,living_street,1,0.07,13.023062,80.216696,2,0
32724322,street,unclassified,1,0.471,12.974429,80.148488,10,0
47799217,street,unclassified,1,0.447,13.010147,80.157945,5,0
354200288,street,unclassified,1,0.203,13.169071,80.297424,3,0
59294080,motorway,motorway,1,0.404,13.062368,80.161034,4,0
25467790,main,tertiary,1,1.63,13.05137,80.147943,12,0
207139312,street,residential,1,0.152,13.026332,80.216315,4,0
23135492,street,residential,1,0.175,13.036039,80.253605,5,0
181313776,street,unclassified,1,0.32,13.112899,80.167302,2,0
26464920,street,residential,1,0.234,13.121932,80.254158,7,0
86689048,major_rail,rail,1,1.471,12.891999,80.085292,8,0
34254424,street,residential,1,0.076,13.029791,80.207698,2,0
207149472,street,unclassified,1,0.083,13.096727,80.20012,3,0
27346850,street,residential,1,0.081,13.03212,80.218173,2,0
133600824,service,service,1,0.716,13.159165,80.274063,6,2
4719093,street_limited,living_street,1,0.261,13.037349,80.249834,5,0
34144656,street,unclassified,1,0.135,13.060956,80.177589,2,0
208824096,street,residential,1,0.122,12.888898,80.230528,6,0
163384128,service,service,1,0.123,13.013809,80.172733,2,0
27190000,street_limited,living_street,1,0.192,13.032307,80.225139,4,0
208813632,street,residential,1,0.053,12.91728,80.233086,2,0
126856128,street_limited,living_street,1,0.086,13.058656,80.222477,3,0
32541192,street,unclassified,1,0.088,13.018439,80.19119,3,0
32542302,street,residential,1,0.066,13.014185,80.184541,2,0
30281972,street,unclassified,1,0.196,12.969846,80.254441,2,0
24831578,street,residential,1,0.322,13.014015,80.227914,2,0
208934768,street,residential,1,0.156,12.976049,80.130865,2,0
27454276,street,unclassified,1,0.186,13.058739,80.20513,2,0
25467730,street,unclassified,1,0.279,13.037948,80.169387,6,0
208187488,street,residential,1,0.399,12.920168,80.131195,4,0
363759264,main,primary,1,1.229,13.095197,80.108463,5,0
23698624,main,tertiary,1,0.47,13.038472,80.202111,2,0
208174944,street,residential,1,0.265,12.920949,80.097797,2,0
32945370,street,unclassified,1,0.069,13.041102,80.183701,2,0
27916660,street,unclassified,1,0.158,12.980741,80.177754,3,0
30833720,street,unclassified,1,0.225,13.040769,80.178529,7,0
125180576,main,trunk,1,1.276,13.124114,80.05247,6,-1
27189960,street_limited,living_street,1,0.146,13.035848,80.224634,5,0
32425308,street_limited,living_street,1,0.257,13.020954,80.201968,5,0
384502016,street,unclassified,1,0.057,12.941684,80.247635,3,0
208934976,street,residential,1,0.179,12.982,80.144173,4,0
27347956,street,residential,1,0.143,13.033455,80.215247,3,0
207137968,street_limited,living_street,1,0.062,13.111526,80.27537,3,0
34234896,street,unclassified,1,0.093,13.040829,80.167379,3,0
213357584,street,residential,1,0.277,12.961536,80.208925,4,0
31748508,street,unclassified,1,0.127,13.082656,80.18721,2,0
27369836,street,unclassified,1,0.218,12.97798,80.181976,3,0
27442482,street,residential,1,0.124,13.026642,80.21038,5,0
34621880,main,tertiary,1,0.581,13.132746,80.208873,3,3
206642432,street,residential,1,0.102,12.96886,80.206938,2,0
30604294,street,unclassified,1,0.051,12.974976,80.222139,3,0
180150016,street,unclassified,1,0.497,12.931468,80.240666,4,0
29046880,street,residential,1,0.165,12.988736,80.257285,2,0
32527932,main,tertiary,1,1.223,13.019916,80.193953,6,0
184733104,street,residential,1,0.127,13.08541,80.225501,2,0
206836512,street,residential,1,0.177,13.029253,80.181703,10,0
33876092,street_limited,living_street,1,0.086,13.071176,80.214016,2,0
23698626,main,tertiary,1,0.568,13.040551,80.202186,5,0
24375484,street,residential,1,0.194,13.070151,80.23613,2,0
34139772,street,unclassified,1,0.254,13.049727,80.179676,3,0
30597864,street,unclassified,1,0.253,12.959778,80.204559,3,0
131961784,street,unclassified,1,0.102,12.972102,80.253645,2,0
24338708,street,residential,1,0.427,13.024066,80.276105,8,0
214366896,street_limited,living_street,1,0.067,13.020651,80.215024,2,0
249673648,street,road,1,0.065,13.016663,80.148724,5,0
177085616,street,unclassified,1,0.113,13.024024,80.240147,2,0
178751008,street,unclassified,1,0.544,13.035518,80.105521,6,0
206647520,street,residential,1,0.465,12.96869,80.194543,5,0
23135472,street,residential,1,0.205,13.024597,80.255875,2,0
211531248,street_limited,living_street,1,0.077,13.03897,80.271143,2,0
28275904,street_limited,living_street,1,0.133,13.088979,80.276136,3,0
369656800,service,service,1,0.167,13.043807,80.278544,4,0
32583520,street,residential,1,0.135,13.029116,80.200534,3,0
217685952,street_limited,living_street,1,0.055,13.08437,80.251492,2,0
132065352,street_limited,living_street,1,0.183,12.976693,80.244337,2,0
206674832,street_limited,living_street,1,0.203,13.116991,80.265331,3,0
32424228,street,residential,1,0.222,13.025862,80.200861,4,0
34139748,street,unclassified,1,0.103,13.054649,80.181778,3,0
30833176,street,unclassified,1,0.229,13.044819,80.188144,4,0
208168464,street,residential,1,0.134,12.901349,80.067972,3,0
27483296,street,unclassified,1,0.177,12.99624,80.196492,9,0
370543904,street,residential,1,0.155,12.974071,80.14214,4,0
28206828,main,tertiary,1,0.41,13.005199,80.209223,4,0
30622124,street,residential,1,0.082,13.031597,80.161025,2,0
27442632,street,residential,1,0.899,12.963516,80.203188,10,0
30609146,street,residential,1,0.405,12.981227,80.225354,7,0
31959760,main,secondary,1,0.322,13.026808,80.261728,5,0
207144928,street,unclassified,1,0.122,13.111021,80.22844,2,0
157915152,main,secondary,1,0.165,13.047547,80.244778,5,0
297308672,street,residential,1,0.132,13.084167,80.210763,2,0
208832400,street,residential,1,0.11,12.954795,80.127525,3,0
31855972,street,unclassified,1,0.684,12.91229,80.193085,9,0
23970122,street,residential,1,0.129,13.086434,80.221598,2,0
48049872,street_limited,living_street,1,0.406,13.092294,80.261883,9,0
23500040,street_limited,living_street,1,0.061,13.090279,80.256044,3,0
307617568,street,residential,1,0.035,12.960699,80.201669,2,0
218208864,street,residential,1,0.125,13.134478,80.287199,3,0
240869120,street_limited,living_street,1,0.349,13.091236,80.260362,4,0
98357296,street,road,1,0.4,12.812733,80.203705,7,-1
183947328,street,residential,1,0.127,12.954853,80.251758,2,0
27342832,street_limited,living_street,1,0.332,12.991808,80.212479,4,0
27432316,street,residential,1,0.277,13.040185,80.207604,4,0
25504440,street,unclassified,1,0.153,12.994353,80.202911,3,0
22660756,street,residential,1,0.185,13.03961,80.25686,2,0
30623536,street,unclassified,1,0.066,13.036271,80.162625,2,0
206634192,street,residential,1,0.168,12.9647,80.21512,2,0
46832548,street,unclassified,1,0.22,12.930748,80.12888,2,0
23163960,street,residential,1,0.108,13.051764,80.233394,3,0
34141552,street,unclassified,1,0.212,13.062633,80.1807,4,0
23941152,street_limited,living_street,1,0.176,13.054066,80.271174,5,0
208355408,street,residential,1,0.248,12.924647,80.150492,4,0
340016361,street,residential,1,0.097,13.080312,80.185024,3,0
47415244,street_limited,living_street,1,0.239,13.095898,80.277761,11,0
23030594,street_limited,living_street,1,0.122,13.076157,80.268791,2,0
34133672,street,residential,1,0.137,13.053683,80.193023,2,0
30977348,street_limited,living_street,1,0.349,13.095317,80.254931,5,0
206649440,street_limited,living_street,1,0.121,13.123248,80.256102,3,0
34141532,street,unclassified,1,0.062,13.066985,80.178182,3,0
27442472,street,residential,1,0.228,13.026231,80.215736,4,0
28151246,main,tertiary,1,0.387,13.051939,80.25459,4,0
33876016,street,residential,1,0.135,13.071419,80.210749,2,0
23467796,street_limited,living_street,1,0.435,13.098906,80.278124,10,0
30623536,street,unclassified,1,0.192,13.039173,80.163264,3,0
217745280,street_limited,living_street,1,0.059,13.061987,80.227772,2,0
25469822,main,tertiary,1,0.708,13.108812,80.100182,6,0
46780336,street,unclassified,1,0.265,12.960807,80.125839,3,0
33560264,street_limited,living_street,1,0.257,13.060945,80.212773,2,0
2000003137536,main,trunk,1,1.247,13.105212,80.162704,6,0
34135056,street,unclassified,1,0.192,13.049883,80.182845,3,0
206819120,street,residential,1,0.106,13.016756,80.228971,2,0
30610638,street,unclassified,1,0.396,12.987657,80.20146,8,0
206827264,service,service,1,0.102,13.015902,80.17795,2,0
27319908,street,residential,1,0.297,12.980999,80.216503,3,0
27442740,street,unclassified,1,0.402,12.971765,80.165557,7,0
27370294,street,residential,1,0.024,12.974898,80.224311,2,0
48057420,street_limited,living_street,1,0.119,13.094572,80.25734,4,0
208359344,street,residential,1,0.32,12.927634,80.142432,6,0
179251264,street,residential,1,0.157,12.920987,80.186303,4,0
26464780,street,unclassified,1,0.682,13.125086,80.2624,5,0
27320116,street,residential,1,0.216,12.969608,80.205583,6,0
214172304,street_limited,living_street,1,0.099,13.018539,80.221112,4,0
27643174,street_limited,living_street,1,0.181,13.031528,80.261093,4,0
23803996,main,trunk,1,0.877,13.097291,80.258765,21,0
86829256,major_rail,rail,1,1.658,13.041248,80.272342,30,0
207258112,street,residential,1,0.341,13.091491,80.187653,6,0
27320196,street,residential,1,0.085,12.971506,80.216649,2,0
23110074,street,residential,1,0.177,13.008505,80.249446,2,0
207142320,street,residential,1,0.187,13.124793,80.278598,6,0
34618032,main,secondary,1,0.209,13.080033,80.113833,4,0
207135952,street_limited,living_street,1,0.103,13.095142,80.263049,2,0
34139712,street,unclassified,1,0.103,13.049605,80.180474,2,0
26809114,main,tertiary,1,1.919,13.172437,80.251601,15,2
24270922,street,residential,1,0.112,13.031069,80.264758,3,0
32510598,service,service,1,0.222,13.012861,80.220194,3,0
29046366,street,unclassified,1,0.38,12.992331,80.252328,6,0
27343706,street,residential,1,0.351,12.986505,80.21302,6,0
384294560,street,unclassified,1,0.049,12.918854,80.104047,2,0
27312536,main,secondary,1,0.512,12.998002,80.267387,10,0
28138954,main,trunk,1,0.491,13.070373,80.273519,11,0
206825504,street_limited,living_street,1,0.108,13.107332,80.200162,3,0
207144080,street_limited,living_street,1,0.215,13.118253,80.266815,3,0
32482066,street,residential,1,0.131,13.016098,80.199037,5,0
30625172,street,unclassified,1,0.331,13.070235,80.18009,4,0
26621176,street,unclassified,1,0.534,13.055598,80.224113,8,0
98357520,street,residential,1,0.117,12.862151,80.069635,3,0
27360538,street,residential,1,0.432,12.987859,80.190765,5,0
23648632,street,residential,1,0.059,12.909835,80.101267,2,0
30281988,street,unclassified,1,0.044,12.974132,80.256548,2,0
198549760,street,primary_link,1,0.393,12.965621,80.21696,7,0
22923328,street,residential,1,0.103,13.022242,80.258797,2,0
23660200,street_limited,living_street,1,0.121,13.099663,80.288378,4,0
46763012,street,residential,1,0.396,12.937466,80.151416,4,0
30597852,street,residential,1,0.112,12.959979,80.202196,3,0
30303188,main,secondary,1,0.624,13.050596,80.240511,11,0
214148736,street,unclassified,1,0.466,13.031124,80.235588,6,0
30622226,main,tertiary,1,0.673,13.040047,80.156729,9,0
214068928,street,residential,1,0.135,12.944236,80.151502,2,0
179389072,street,unclassified,1,0.314,12.949873,80.198966,11,0
207260576,street_limited,living_street,1,0.073,13.075549,80.205014,3,0
31264856,street,unclassified,1,0.178,13.105984,80.136905,2,0
30609132,street,unclassified,1,0.101,12.977556,80.229768,2,0
27442448,street_limited,living_street,1,0.162,13.02035,80.213596,6,0
0,street,residential,1,0.038,13.030865,80.182943,2,0
48742048,street,residential,1,0.125,13.095776,80.216387,2,0
26399056,street_limited,living_street,1,0.302,13.11235,80.293243,3,0
184744480,street,residential,1,0.197,13.036433,80.219819,2,0
208934912,street,residential,1,0.107,12.988453,80.129511,3,0
34028140,street_limited,living_street,1,0.012,13.036552,80.199488,2,0
354200288,street,unclassified,1,0.292,13.166343,80.295237,2,0
28571976,street,residential,1,0.046,12.973002,80.215047,2,0
32425898,street,residential,1,0.304,13.028889,80.206082,4,0
31264872,street,unclassified,1,0.745,13.101835,80.139591,5,0
27347544,street,unclassified,1,0.131,13.04791,80.190416,4,0
207135952,street_limited,living_street,1,0.076,13.112948,80.266012,4,0
32582436,service,service,1,0.059,13.030843,80.202622,2,0
32541196,street,unclassified,1,0.056,13.018315,80.190723,3,0
25451862,main,tertiary,1,1.28,13.192144,80.261032,6,-1
375214144,service,track,1,0.893,12.914164,80.118978,5,0
30120306,main,primary,1,0.337,12.893443,80.080199,5,0
27347390,street,residential,1,0.109,13.051768,80.200898,2,0
133305288,main,tertiary,1,1.048,13.147247,80.242649,16,0
219516160,street,residential,1,0.08,13.09393,80.199734,2,0
0,street,residential,1,0.052,13.080032,80.222277,2,0
129614128,street,unclassified,1,0.326,12.973156,80.253369,7,0
30833712,street,unclassified,1,0.177,13.03956,80.17333,3,0
384312064,street,unclassified,1,0.126,12.941819,80.201804,4,0
232401840,street,residential,1,0.138,13.06885,80.25116,6,0
213067872,street,residential,1,0.183,13.119122,80.158838,3,0
24240064,street,unclassified,1,0.225,13.093477,80.215998,3,0
23164076,street,unclassified,1,0.191,13.051319,80.24457,4,0
27319420,street,residential,1,0.09,12.968871,80.21141,2,0
24262122,street,residential,1,0.169,13.017812,80.257318,4,0
217978816,minor_rail,rail,1,0.171,13.09742,80.272079,4,0
219520640,street,residential,1,0.407,13.092445,80.192682,5,0
23135520,street,residential,1,0.309,13.028254,80.243755,5,0
46765868,street,unclassified,1,0.304,13.038473,80.129063,5,0
189488976,street,unclassified,1,2.255,12.901472,80.222281,3,0
24831564,street,residential,1,0.437,13.012365,80.228658,4,0
30119484,street,unclassified,1,0.118,12.929975,80.116012,2,0
46763988,street,unclassified,1,0.224,12.945299,80.144472,2,0
34159272,street,unclassified,1,0.163,13.086682,80.183604,3,0
34256960,street,residential,1,0.036,13.030282,80.204724,2,0
32335304,street,residential,1,0.244,13.027132,80.201179,2,0
26748560,main,secondary,1,0.354,13.06524,80.234167,5,0
24775592,street_limited,living_street,1,0.095,13.015824,80.243944,3,0
27319442,street,residential,1,0.329,12.965354,80.212998,2,0
183947344,street,residential,1,0.045,12.960443,80.254562,2,0
134417600,main,primary,1,0.114,12.996872,80.193304,17,0
206836608,street,residential,1,0.087,13.033403,80.175678,8,0
102574576,street,road,1,0.612,13.06787,80.118914,13,0
27191866,street,residential,1,0.271,13.051987,80.235741,4,0
23137336,street,residential,1,0.244,13.025122,80.256758,5,0
203214368,street,residential,1,0.186,12.939174,80.203606,5,0
217945168,street_limited,living_street,1,0.099,13.119103,80.266386,2,0
384291008,street,unclassified,1,0.153,12.926148,80.094518,4,0
306732032,street,unclassified,1,0.222,12.99817,80.095618,2,0
207149488,street,residential,1,0.153,13.094011,80.205953,3,0
32938674,street,unclassified,1,0.104,12.960899,80.257583,2,0
30604288,street,unclassified,1,0.268,12.973297,80.221003,3,0
23929824,street_limited,living_street,1,0.244,13.040782,80.266898,4,0
208825552,street,unclassified,1,0.321,12.819983,80.231945,7,5
208168432,street,residential,1,0.055,12.909765,80.090825,2,0
184733104,street,residential,1,0.205,13.084668,80.225634,2,0
46763968,street,unclassified,1,0.29,12.945513,80.147263,2,0
214413840,main,primary,1,0.138,13.007463,80.203078,2,0
132083264,main,primary,1,0.743,12.954623,80.255188,9,0
25450916,main,secondary,1,1.59,13.096649,80.075513,11,-1
27434062,street_limited,living_street,1,0.065,13.045973,80.211265,3,0
32837744,street,residential,1,0.126,13.03316,80.205563,2,0
46764840,street,unclassified,1,0.111,13.034135,80.133915,4,0
84084464,street,unclassified,1,0.096,13.026222,80.19989,2,0
306018272,street,residential,1,0.094,13.034433,80.132077,4,0
211634896,street_limited,living_street,1,0.272,13.032368,80.240626,4,0
26464996,street,residential,1,0.397,13.128585,80.263623,6,0
35464328,street,residential,1,0.11,13.067673,80.237279,2,0
185282944,service,service,1,0.125,13.008107,80.239451,3,0
29046744,street_limited,living_street,1,0.086,12.994624,80.257158,3,0
384375008,street,unclassified,1,0.093,12.923261,80.134034,2,0
32426906,street,unclassified,1,0.055,13.015337,80.192481,2,0
208361184,street,residential,1,0.176,12.914531,80.15815,2,0
34134712,street,unclassified,1,0.178,13.050175,80.191027,4,0
28681578,main,tertiary,1,0.86,13.033532,80.21724,12,0
217926512,street,residential,1,0.322,13.095868,80.217795,3,0
32911210,street,unclassified,1,0.161,12.884619,80.246236,2,0
35460668,street,unclassified,1,0.286,12.823443,80.047292,3,1
30977374,street_limited,living_street,1,0.2,13.086431,80.254437,2,0
23901180,street_limited,living_street,1,0.223,13.064374,80.274881,4,0
207260560,street,unclassified,1,0.431,13.074493,80.204322,7,0
48057020,street_limited,living_street,1,0.417,13.08762,80.253316,7,0
0,street,residential,1,0.297,12.841627,80.067356,3,0
29503188,street,residential,1,0.365,12.982551,80.223577,4,0
30604292,street,residential,1,0.173,12.97435,80.222858,3,0
33069068,street,unclassified,1,0.1,13.224501,80.326126,5,-1
30014198,street,unclassified,1,0.055,12.995887,80.211322,2,0
27202020,main,secondary,1,0.187,13.035878,80.219931,3,0
325034400,street,residential,1,0.34,12.947708,80.242559,5,0
207148672,street_limited,living_street,1,0.1,13.125341,80.258696,2,0
288268192,street,residential,1,0.059,12.9701,80.213536,3,0
28278656,main,secondary,1,0.267,13.005647,80.257278,6,0
27370274,street,residential,1,0.184,12.976074,80.227036,4,0
218229776,street,residential,1,0.158,13.058362,80.201718,3,0
383770816,street,residential,1,0.134,13.089591,80.19187,3,0
0,street,unclassified,1,0.221,13.031584,80.158799,3,0
23648639,street,unclassified,1,0.047,12.90816,80.103041,3,0
32616468,path,footway,1,0.2,13.027215,80.201954,6,0
27344964,street_limited,living_street,1,0.203,13.003069,80.210781,4,0
194434592,street,unclassified,1,0.331,12.913485,80.190399,4,0
102548400,main,trunk,1,0.083,13.04499,80.068272,3,-1
30622224,main,tertiary,1,0.93,13.041044,80.159493,14,0
48753872,street,residential,1,0.228,13.092033,80.225268,2,0
184720016,main,tertiary,1,0.49,13.081314,80.238024,8,0
30623648,street,unclassified,1,0.248,13.048548,80.159325,3,0
0,street,unclassified,1,0.306,12.956042,80.1927,5,0
23164016,street,residential,1,0.078,13.045464,80.23232,2,0
30598644,street,residential,1,0.203,12.973184,80.218137,3,0
84084464,street,unclassified,1,0.771,13.022723,80.199277,2,0
27344672,street,residential,1,0.308,12.971756,80.213848,5,0
188574992,street,unclassified,1,0.196,12.824369,80.042025,2,1
26568812,street,residential,1,0.217,13.00158,80.266442,7,0
349521472,main,secondary,1,1.401,13.116439,80.027406,15,-1
30598644,street,residential,1,0.315,12.972752,80.215053,4,0
25467850,street,unclassified,1,0.434,13.082903,80.183819,2,0
211900048,street_limited,living_street,1,0.034,13.012868,80.248676,2,0
27618508,street,unclassified,1,0.535,13.066976,80.212475,9,0
129499760,street,unclassified,1,0.073,12.904343,80.085152,2,0
349516704,street,residential,1,0.122,13.113035,80.041753,2,-1
217753808,street_limited,living_street,1,0.148,13.055442,80.215543,2,0
384311360,street,unclassified,1,0.178,12.950775,80.199898,4,0
24775496,street,residential,1,0.12,13.022601,80.239232,2,0
27768976,main,primary,1,0.086,13.079222,80.254667,4,0
26748486,street_limited,living_street,1,0.16,13.073343,80.228886,5,0
219390032,street,residential,1,0.076,12.946089,80.205216,2,0
211864576,street_limited,living_street,1,0.068,13.060593,80.275366,2,0
34231680,street,unclassified,1,0.086,13.047324,80.16308,2,0
188582608,path,footway,1,0.447,12.82184,80.043564,4,1
48049876,street_limited,living_street,1,0.223,13.092053,80.262526,4,0
85732792,main,secondary,1,0.027,13.109654,80.259721,2,0
206831680,street,unclassified,1,0.168,13.051169,80.190587,5,0
23499296,street,unclassified,1,0.285,13.086884,80.261393,4,0
27432326,street_limited,living_street,1,0.133,13.02806,80.217512,6,0
218221696,street_limited,living_street,1,0.052,13.031233,80.207172,2,0
384290624,street,unclassified,1,0.081,12.925363,80.099439,2,0
34256956,street,unclassified,1,0.081,13.030245,80.198898,2,0
132509264,street,unclassified,1,0.201,12.971757,80.221723,4,0
35011304,street,residential,1,0.074,13.028137,80.261291,2,0
206225072,street_limited,living_street,1,0.07,13.079784,80.229499,3,0
32720706,street,residential,1,0.066,13.014037,80.184515,2,0
27354140,street,residential,1,0.044,12.983315,80.209626,2,0
30281990,street,unclassified,1,0.119,12.975355,80.255407,4,0
383841152,street,unclassified,1,1.26,12.990814,80.0888,5,0
27189928,street_limited,living_street,1,0.086,13.042838,80.226889,2,0
211435488,main,secondary,1,0.728,13.066908,80.274014,14,0
28260752,main,tertiary,1,0.367,12.931017,80.134874,6,0
207147920,street,residential,1,0.139,13.013925,80.241634,7,0
98357304,street,residential,1,0.112,12.862372,80.073048,3,0
0,street,residential,1,0.164,12.983576,80.143933,2,0
0,street,unclassified,1,0.197,13.054303,80.208539,2,0
30833176,street,unclassified,1,0.138,13.044863,80.188803,3,0
33876116,street_limited,living_street,1,0.109,13.063551,80.225568,3,0
217798336,street,unclassified,1,0.207,13.039004,80.224645,4,0
30312524,street,road,1,0.079,12.969837,80.256606,2,0
26464708,street,unclassified,1,0.753,13.126426,80.26189,6,0
206829536,street,residential,1,0.058,13.018973,80.173669,3,0
213005456,street,residential,1,0.079,13.099863,80.197453,2,0
30598648,street,residential,1,0.069,12.973868,80.217179,2,0
364019456,street,unclassified,1,0.075,12.955118,80.199084,2,0
30609128,street,unclassified,1,0.175,12.977738,80.228859,3,0
127574696,street,residential,1,0.284,13.019844,80.23058,7,0
207146752,street,residential,1,0.11,13.07094,80.253906,3,0
23030600,street_limited,living_street,1,0.109,13.070474,80.271221,4,0
59294080,street_limited,construction,1,0.852,13.074096,80.192646,11,0
32254456,street,unclassified,1,0.127,12.928135,80.114788,2,0
24775492,street,residential,1,0.232,13.021663,80.241513,2,0
32945714,street,unclassified,1,0.467,13.040717,80.190658,4,0
26807398,main,secondary,1,0.235,13.016761,80.176625,6,0
31242650,street,residential,1,0.105,13.055345,80.196137,2,0
138307584,street,residential,1,0.399,13.105787,80.185707,4,0
34140896,street,unclassified,1,0.142,13.058408,80.174905,3,0
194605136,street,residential,1,0.229,12.898809,80.194446,5,0
31241126,street,unclassified,1,0.498,12.960102,80.123563,6,0
102574528,main,tertiary,1,0.977,13.088123,80.142692,10,0
32551440,street_limited,living_street,1,0.144,12.994285,80.215459,3,0
23135518,street,residential,1,0.188,13.029785,80.240611,2,0
34758180,street_limited,living_street,1,0.123,13.049123,80.255023,5,0
208808704,street,residential,1,0.236,12.934072,80.205045,5,0
28226260,street,unclassified,1,0.3,12.998562,80.188704,4,0
179306480,street,residential,1,0.142,12.950323,80.198491,3,0
206836528,street,residential,1,0.047,13.030072,80.173353,2,0
28233736,street,unclassified,1,0.256,13.005269,80.243253,5,0
28563190,street,unclassified,1,0.186,12.99705,80.250976,2,0
102543667,major_rail,rail,1,1.349,13.159076,80.296179,7,0
102591568,major_rail,rail,1,1.348,13.148336,80.291417,5,0
23163980,street,residential,1,0.091,13.047497,80.238519,3,0
207258112,street,residential,1,0.397,13.093217,80.191631,9,0
24338724,street,residential,1,0.132,13.027613,80.275504,3,0
28224394,street,unclassified,1,0.291,13.100131,80.191564,4,0
371337600,main,secondary,1,0.353,12.984898,80.122181,10,0
25454674,main,secondary,1,0.646,13.023473,80.183397,9,0
384297984,street,unclassified,1,0.349,12.932568,80.09814,9,0
208812496,street,residential,1,0.08,12.932627,80.234121,2,0
295244512,street,residential,1,0.192,13.020466,80.14628,5,0
208935072,street,residential,1,0.236,12.970889,80.140529,5,0
160455952,service,service,1,0.149,13.014545,80.175129,3,0
84525240,street,residential,1,0.206,12.970003,80.129014,5,0
30247204,main,primary,1,0.145,13.086738,80.257546,4,0
30369876,street,unclassified,1,0.129,13.070583,80.205906,2,0
27189812,street,residential,1,0.188,13.051072,80.229714,2,0
184728816,street,residential,1,0.18,13.085456,80.176287,2,0
48891296,main,tertiary,1,0.809,12.829808,79.709186,11,-1
29200644,main,tertiary,1,0.369,13.176339,80.300473,8,0
214366896,street,unclassified,1,0.122,13.024395,80.222864,5,0
25454942,main,secondary,1,0.336,13.045363,80.192973,8,0
102553776,main,primary,1,0.932,13.178094,80.295966,6,0
179259792,main,primary,1,0.307,12.917794,80.194852,6,0
102574528,main,tertiary,1,0.14,13.089837,80.14572,2,0
26604356,main,tertiary,1,1.107,12.915034,80.153737,11,0
84099760,street,residential,1,0.072,12.961582,80.193333,2,0
28405732,street_limited,living_street,1,0.083,13.005303,80.252695,2,0
194429360,street,residential,1,0.219,12.915236,80.174526,5,0
64398264,street,residential,1,0.294,12.842505,80.059709,5,0
217950368,street_limited,living_street,1,0.043,13.12192,80.267661,2,0
208170800,street,residential,1,0.409,12.924517,80.097535,7,0
32802770,street,unclassified,1,0.232,13.023122,80.205443,4,0
32109454,street,unclassified,1,0.086,13.051647,80.24746,2,0
23030564,street_limited,living_street,1,0.375,13.076999,80.270709,6,0
208187424,street,residential,1,0.252,12.929176,80.147089,4,0
26322120,street,unclassified,1,0.185,13.112235,80.277874,5,0
34254352,street,unclassified,1,0.139,13.026574,80.1899,2,0
23161557,street,residential,1,0.076,13.038691,80.242696,2,0
208359312,street,residential,1,0.228,12.927421,80.140843,3,0
27442392,street,unclassified,1,0.204,12.973405,80.262963,4,0
27346864,street,residential,1,0.139,13.038017,80.214412,3,0
34157868,street,unclassified,1,0.174,13.062931,80.168851,3,0
384529824,street,residential,1,0.276,13.111117,80.186943,4,0
27346848,street_limited,living_street,1,0.116,13.032977,80.217254,7,0
27453136,street,residential,1,0.325,13.059662,80.207685,3,0
34160856,street_limited,living_street,1,0.035,13.002304,80.203771,2,0
206819136,street_limited,living_street,1,0.272,13.029992,80.223967,10,0
384430432,street,road,1,0.142,13.107724,80.154777,2,0
157989552,street,residential,1,0.044,13.046287,80.239486,4,0
24775548,street,residential,1,0.363,13.01424,80.246265,7,0
103454496,main,secondary,1,1.353,13.277444,80.32725,9,-1
297308416,street,residential,1,0.2,13.082954,80.216267,2,0
102547864,main,tertiary,1,0.662,13.092617,80.190803,6,0
179309648,street,residential,1,0.388,12.939008,80.18986,12,0
206840960,street,residential,1,0.152,13.034124,80.174678,4,0
24260576,street_limited,living_street,1,0.304,13.051206,80.276297,6,0
102479304,main,tertiary,1,0.314,13.069138,80.278478,4,0
335960160,street_limited,living_street,1,0.169,13.11683,80.266123,5,0
27344670,street,residential,1,0.379,12.969098,80.216946,13,0
33134920,street,unclassified,1,0.159,13.174748,80.305309,2,0
210441984,main,trunk,1,0.057,12.993806,80.185259,2,0
217870912,street_limited,living_street,1,0.049,13.113257,80.279088,2,0
28124076,street,residential,1,0.244,12.946743,80.196347,2,0
207264560,street,residential,1,0.104,13.071977,80.207965,4,0
28564312,street_limited,living_street,1,0.184,12.99951,80.258781,2,0
214356672,main,primary,1,0.069,13.051789,80.234026,3,0
28261500,main,tertiary,1,0.915,12.93321,80.147991,17,0
30119488,street,unclassified,1,0.461,12.924985,80.114726,5,0
30313136,service,service,1,0.057,13.048251,80.263256,2,0
208826864,street,residential,1,0.167,12.776117,80.251877,5,-1
39395160,service,service,1,0.039,13.063648,80.254311,2,0
25562380,street,residential,1,0.321,12.984324,80.184341,3,0
25619828,major_rail,rail,1,0.072,12.976879,80.233141,3,0
179253488,main,secondary,1,0.681,12.969405,80.190076,15,0
26188696,main,secondary,1,0.226,12.694667,80.067691,2,-1
378400832,street,residential,1,0.177,12.938651,80.231213,3,0
384430400,street,road,1,0.107,13.108037,80.149357,2,0
208168464,street,residential,1,0.25,12.907214,80.089721,5,0
208934736,street,residential,1,0.346,12.98667,80.130482,8,0
27460552,street,unclassified,1,0.18,13.05981,80.206333,6,0
32545042,main,primary,1,0.315,13.010689,80.22298,4,0
208936192,street,residential,1,0.143,12.944898,80.14949,3,0
207149472,street,residential,1,0.226,13.094152,80.202375,5,0
27442632,street,residential,1,0.263,12.963519,80.20692,3,0
29885398,street,unclassified,1,0.302,13.017979,80.22198,8,0
376635744,path,footway,1,0.448,13.004076,80.237462,11,0
41415984,street,residential,1,0.132,13.027728,80.168947,2,0
27360596,street,residential,1,0.136,12.982622,80.187079,2,0
24262140,street,residential,1,0.11,13.02255,80.25681,2,0
24270916,street_limited,living_street,1,0.13,13.029924,80.264782,2,0
132509240,street,residential,1,0.38,12.970152,80.221034,3,0
23161554,street,residential,1,0.069,13.033708,80.23918,2,0
189500800,street,residential,1,0.271,13.043686,80.234183,2,0
34626520,main,secondary,1,1.091,13.097801,80.141121,5,0
206634192,street,residential,1,0.073,12.964256,80.21539,2,0
30247644,street,residential,1,0.317,13.09495,80.257666,5,0
30622172,street,unclassified,1,0.086,13.035159,80.163685,2,0
23164006,street,residential,1,0.149,13.042789,80.245487,3,0
34023084,street,residential,1,0.171,13.037723,80.200957,3,0
27630110,street,residential,1,0.316,12.954738,80.190869,3,0
157989488,street,secondary_link,1,0.031,13.045184,80.24004,3,0
151332448,street,residential,1,0.179,12.973271,80.224326,2,0
32541600,street_limited,living_street,1,0.153,13.022381,80.189423,2,0
23761520,street,unclassified,1,0.253,13.0034,80.265219,4,0
214599088,service,service,1,0.026,13.010192,80.222409,2,0
34023080,street_limited,living_street,1,0.063,13.038233,80.197513,2,0
214172320,street_limited,living_street,1,0.041,13.028021,80.227316,2,0
27630172,street,residential,1,0.278,12.950991,80.18484,5,0
112922872,street,residential,1,0.068,13.047274,80.24344,2,0
30279588,main,tertiary,1,0.534,12.969654,80.259836,12,0
30622992,street,unclassified,1,0.157,13.026054,80.152546,2,0
95641240,main,trunk,1,0.43,12.930818,80.122107,4,0
29046976,street,residential,1,0.343,12.990954,80.267307,5,0
23075556,street,trunk_link,1,0.324,13.050887,80.250532,17,0
214202912,street_limited,living_street,1,0.055,13.034095,80.225694,2,0
32424228,street,residential,1,0.058,13.025985,80.20011,2,0
25467940,street,unclassified,1,0.459,13.060832,80.192241,7,0
27320356,street,residential,1,0.168,12.981614,80.202402,3,0
24338822,street,residential,1,0.062,13.023931,80.259342,2,0
215244352,main,tertiary,1,0.619,13.130295,80.169751,12,0
26464996,street,residential,1,0.073,13.128192,80.262492,2,0
102565512,street,unclassified,1,0.224,13.168763,80.293089,3,0
23761520,street,residential,1,0.165,12.999494,80.265816,4,0
28295288,main,primary,1,0.299,13.043248,80.278282,6,0
24375572,street,residential,1,0.114,13.061493,80.251248,3,0
181313824,street,unclassified,1,0.592,13.107999,80.171113,4,0
206674800,street_limited,living_street,1,0.099,13.116758,80.26276,2,0
30851300,street,unclassified,1,0.442,13.081038,80.221067,11,0
47415312,street_limited,living_street,1,0.145,13.108227,80.279859,5,0
211645264,street,residential,1,0.118,13.040945,80.27008,3,0
23929840,street_limited,living_street,1,0.13,13.040233,80.265593,3,0
204781440,service,service,1,0.227,12.986596,80.240105,5,0
30596864,street,unclassified,1,0.14,12.966805,80.202979,2,0
206836512,street,residential,1,0.335,13.027584,80.180781,8,0
31242988,street,unclassified,1,0.153,13.05421,80.194191,3,0
180149968,street,unclassified,1,0.218,12.930396,80.241387,2,0
27370270,street,residential,1,0.132,12.977647,80.228278,2,0
46765860,street,unclassified,1,0.174,13.036179,80.128044,4,0
22926956,main,tertiary,1,0.356,12.986211,80.242649,5,0
34618084,main,tertiary,1,0.107,13.0742,80.113405,4,0
25454760,main,secondary,1,1.272,13.051568,80.166226,17,0
353683584,street,residential,1,0.131,13.067121,80.257209,3,0
208813632,street,residential,1,0.235,12.915985,80.230725,2,0
31987110,street,unclassified,1,0.297,12.820912,80.223331,2,5
46765832,street,unclassified,1,0.377,13.036388,80.125586,5,0
33077448,street,unclassified,1,0.129,13.167779,80.303658,3,0
34626584,main,secondary,1,1.177,13.087804,80.128562,5,0
208378464,street,residential,1,0.23,12.936851,80.215883,5,0
384530464,street,residential,1,0.289,13.11041,80.185358,9,0
26188838,main,secondary,1,1.288,12.773445,80.108391,6,-1
34251780,street,unclassified,1,0.114,13.030963,80.184883,2,0
208378464,street,residential,1,0.278,12.92786,80.197145,4,0
28260892,street,unclassified,1,0.685,12.925195,80.128243,11,0
27311840,street,unclassified,1,0.222,12.994598,80.267675,7,0
132459616,service,service,1,0.051,12.97141,80.263774,2,0
151247568,street,residential,1,0.073,12.978026,80.226565,2,0
187760688,street_limited,living_street,1,0.162,13.067969,80.213709,2,0
207135920,street,residential,1,0.08,13.02484,80.182057,3,0
384308512,street,unclassified,1,0.134,12.960803,80.209376,3,0
25689604,main,tertiary,1,0.583,12.975006,80.194461,7,0
32427574,street,unclassified,1,0.109,13.022853,80.185395,2,0
219391456,street,residential,1,0.292,12.943176,80.209157,5,0
30742160,street,unclassified,1,0.139,13.078222,80.197963,2,0
28261698,street,residential,1,0.56,12.928442,80.140072,8,0
384309184,street,unclassified,1,0.067,12.956161,80.189987,2,0
286850144,street,residential,1,0.357,13.170223,80.296143,7,0
203215024,street,residential,1,0.073,12.927252,80.201359,2,0
27189966,street_limited,living_street,1,0.119,13.035871,80.223375,2,0
24375528,street,unclassified,1,0.516,13.056337,80.252145,12,0
194433312,street,unclassified,1,0.438,12.917699,80.189064,2,0
158959680,main,tertiary,1,0.52,12.939082,80.179951,11,0
46764632,street,unclassified,1,0.209,13.044939,80.135723,5,0
25380056,main,tertiary,1,0.34,13.086198,80.145206,4,0
26465004,street,residential,1,0.077,13.129441,80.265368,2,0
23164040,street,unclassified,1,0.263,13.048071,80.236045,4,0
27340508,street,residential,1,0.096,12.984846,80.198508,2,0
27470648,street,unclassified,1,0.132,13.052014,80.210762,2,0
30604308,street,residential,1,0.148,12.984903,80.216875,3,0
27347348,street_limited,living_street,1,0.064,13.044767,80.202946,2,0
325034400,street,residential,1,0.119,12.947019,80.244498,2,0
27470676,street,residential,1,0.19,13.054023,80.20335,3,0
35460672,street,unclassified,1,0.168,12.823099,80.04952,2,1
27442576,street,residential,1,0.333,12.960137,80.19856,3,0
211531344,street_limited,living_street,1,0.099,13.01861,80.25157,4,0
206819104,street,unclassified,1,0.078,13.022495,80.231686,2,0
362759776,main,secondary,1,0.173,13.093483,80.27355,5,0
32254040,main,tertiary,1,1.079,12.928032,80.098079,10,0
32720712,street,residential,1,0.067,13.013706,80.184444,2,0
208812512,street,residential,1,0.243,12.930459,80.235628,5,0
124482888,street,road,1,0.212,13.063174,80.113585,2,0
132454872,street,unclassified,1,0.137,12.965043,80.253452,3,0
27343776,street,residential,1,0.163,12.978285,80.188729,3,0
32427318,street,residential,1,0.209,13.016105,80.189037,4,0
34254424,street_limited,living_street,1,0.07,13.02844,80.205209,2,0
325034400,street,residential,1,0.191,12.934463,80.241618,8,0
138307568,street,residential,1,1.207,13.103451,80.182919,20,0
214202928,street_limited,living_street,1,0.085,13.035464,80.223568,3,0
27633924,street_limited,living_street,1,0.124,13.025608,80.232738,3,0
32938782,street,unclassified,1,0.141,12.940311,80.250859,2,0
47800436,motorway,motorway,1,0.371,13.026844,80.144138,2,0
30622184,street,unclassified,1,0.161,13.033854,80.162277,3,0
232404240,street,residential,1,0.253,12.962901,80.18669,5,0
28406170,street,residential,1,0.049,13.003252,80.251218,2,0
198305824,street,residential,1,0.408,12.93871,80.243331,11,0
27319418,street,residential,1,0.243,12.968507,80.210268,2,0
27483144,major_rail,rail,1,0.253,13.00748,80.211681,6,0
27189984,street,residential,1,0.085,13.037996,80.22032,2,0
23468554,street_limited,living_street,1,0.232,13.095187,80.276499,5,0
186797296,main,tertiary,1,0.071,13.074494,80.252299,3,0
34234920,street,unclassified,1,0.201,13.043342,80.179962,4,0
232404736,street,residential,1,0.102,12.955127,80.200064,3,0
215762528,main,secondary,1,0.211,13.031877,80.221503,7,0
215762544,street_limited,living_street,1,0.068,13.027833,80.211073,2,0
192882384,street,unclassified,1,0.706,12.938117,80.208028,11,0
369982944,street,residential,1,0.233,12.891927,80.201052,2,0
28275524,street,residential,1,0.136,13.016898,80.271149,2,0
179253584,main,secondary,1,0.036,12.950434,80.185703,2,0
122063528,street,unclassified,1,0.104,13.034477,80.172725,2,0
194581376,street,residential,1,0.105,12.911208,80.186703,3,0
198549568,street,residential,1,0.343,12.951332,80.195302,4,0
219558912,street_limited,living_street,1,0.137,13.072302,80.204866,4,0
32455820,main,tertiary,1,0.156,13.024502,80.207949,2,0
25459372,street,unclassified,1,0.389,13.046213,80.227937,5,0
26464968,main,secondary,1,0.397,13.129159,80.268295,4,0
35015521,street,residential,1,0.162,13.011807,80.2471,4,0
34140564,street,unclassified,1,0.053,13.05516,80.180737,2,0
23163968,street,residential,1,0.176,13.044937,80.230744,2,0
26527208,main,secondary,1,0.202,13.053765,80.199684,5,0
133600816,service,service,1,0.763,13.172965,80.279079,3,0
27320020,street,unclassified,1,0.161,12.97523,80.200695,3,0
26465038,street,residential,1,0.053,13.128133,80.257398,2,0
219391440,street,residential,1,0.295,12.941412,80.213565,5,0
206812352,street,unclassified,1,0.103,13.048714,80.226393,2,0
32142572,main,primary,1,0.205,13.067222,80.243118,3,0
30281220,street_limited,living_street,1,0.049,12.978794,80.26334,2,0
34143432,street,unclassified,1,0.364,13.064659,80.183784,4,0
34251772,street,unclassified,1,0.062,13.032659,80.188144,2,0
25466696,street,unclassified,1,0.212,13.03711,80.18966,5,0
27877878,street,residential,1,0.423,13.095072,80.195585,2,0
240340224,major_rail,rail,1,0.892,13.063014,80.232479,4,0
98357296,main,trunk,1,0.173,12.865921,80.075129,2,0
206825536,street_limited,living_street,1,0.107,13.106796,80.202654,2,0
371718784,street,unclassified,1,0.128,12.968961,80.147666,2,0
206658384,street,residential,1,0.046,12.977362,80.210071,2,0
367465312,main,secondary,1,1.424,12.96875,80.10423,13,0
27320014,street,residential,1,0.386,12.977086,80.19869,5,0
31242498,main,tertiary,1,0.263,12.994605,80.113861,3,0
219516128,street,unclassified,1,0.678,13.092815,80.203035,8,0
33875952,street_limited,living_street,1,0.184,13.067258,80.215175,5,0
163384128,service,service,1,0.258,13.014936,80.177359,7,0
103730456,street,unclassified,1,0.182,12.989486,80.197418,2,0
208934944,street,residential,1,0.164,12.98715,80.132169,4,0
23941148,street_limited,living_street,1,0.548,13.055813,80.269755,9,0
27442468,street,residential,1,0.189,13.025472,80.21526,7,0
24270344,street,residential,1,0.176,13.040474,80.26909,3,0
29115468,main,tertiary,1,0.158,13.075488,80.252203,2,0
23842572,street,residential,1,0.053,13.043039,80.255481,2,0
132190832,street,unclassified,1,0.054,12.972027,80.244603,2,0
217930336,street,unclassified,1,0.567,13.109479,80.202647,15,0
32724292,street,unclassified,1,0.141,12.968934,80.145134,4,0
34023092,street_limited,living_street,1,0.19,13.037296,80.203073,2,0
48759112,minor_rail,rail,1,0.545,12.963153,80.221054,3,0
208832384,street,residential,1,0.089,12.946646,80.135905,2,0
208832400,street,residential,1,0.149,12.958821,80.133902,3,0
23135492,street,residential,1,0.116,13.036369,80.252983,3,0
30623644,street,unclassified,1,0.132,13.049118,80.165344,3,0
23499298,street,secondary_link,1,0.043,13.088329,80.263156,3,0
24338812,street,residential,1,0.201,13.023347,80.261537,2,0
30625168,street,unclassified,1,0.676,13.074824,80.18745,7,0
307651264,street,unclassified,1,0.808,13.019231,80.138375,4,0
46843940,street,unclassified,1,0.234,13.093425,80.179491,2,0
27320108,street,residential,1,0.344,12.967636,80.20754,3,0
27343604,street,unclassified,1,0.116,12.996249,80.210846,2,0
0,street_limited,living_street,1,0.365,13.112317,80.2796,6,0
28493148,street,unclassified,1,0.215,13.028422,80.190098,4,0
32553700,street,unclassified,1,0.031,13.010675,80.186432,2,0
27108510,street_limited,living_street,1,0.138,13.038501,80.24899,4,0
23306338,street_limited,living_street,1,0.075,13.079137,80.216412,4,0
27370092,street,residential,1,0.042,12.983878,80.214734,2,0
24240030,street,unclassified,1,0.794,13.090453,80.214574,2,0
27346912,street_limited,pedestrian,1,0.276,13.051398,80.213531,4,0
27347432,street_limited,living_street,1,0.402,13.029876,80.21268,6,0
155486368,street,trunk_link,1,0.222,12.889965,80.084654,5,0
34019464,service,service,1,0.067,13.040691,80.203172,2,0
33876116,street,residential,1,0.061,13.063576,80.2253,2,0
208824096,street,residential,1,0.236,12.890423,80.230463,4,0
33875992,street,unclassified,1,0.102,13.071601,80.217735,2,0
384310112,street,unclassified,1,0.312,12.952424,80.205603,3,0
132509248,street,unclassified,1,0.055,12.972255,80.223212,2,0
306863392,street,residential,1,0.378,13.124144,80.14685,6,0
211747248,street,residential,1,0.25,13.026608,80.259746,5,0
27442536,street_limited,living_street,1,0.264,13.035618,80.197419,3,0
279278880,street,residential,1,0.269,12.791772,80.037116,2,4
27171470,street,residential,1,0.241,13.026843,80.248659,5,0
334277280,street,residential,1,0.076,13.093516,80.188255,3,0
34028128,main,primary,1,0.611,13.035464,80.207988,4,0
23500034,street_limited,living_street,1,0.151,13.089602,80.257992,2,0
206828304,street_limited,living_street,1,0.234,13.057856,80.213123,12,0
217798336,street_limited,living_street,1,0.088,13.045471,80.221017,2,0
102469936,main,secondary,1,0.045,12.981803,80.253467,2,0
27432452,street,residential,1,0.318,13.038482,80.210322,3,0
28405724,street,unclassified,1,0.074,13.003701,80.255021,3,0
217870896,street_limited,living_street,1,0.074,13.112734,80.278379,2,0
48749336,street,residential,1,0.073,13.094794,80.21381,2,0
23929860,street,residential,1,0.176,13.039721,80.260223,3,0
194472624,street,residential,1,0.529,12.906429,80.193416,12,0
27319952,street,unclassified,1,0.22,12.996759,80.207893,3,0
23066180,main,secondary,1,0.205,13.07148,80.254337,5,0
23642040,street_limited,living_street,1,0.242,13.009622,80.197056,2,0
179306416,street,residential,1,0.241,12.950719,80.196784,6,0
208934848,street,residential,1,0.075,12.982475,80.134465,3,0
102559072,main,secondary,1,0.804,12.953847,80.186523,7,0
215526720,street,residential,1,0.091,13.049088,80.224615,3,0
23901170,street_limited,living_street,1,0.069,13.065006,80.270767,3,0
160454544,street,residential,1,0.031,13.005692,80.196381,2,0
208174976,street,residential,1,0.227,12.923271,80.0919,4,0
384986848,street,unclassified,1,0.69,12.987948,80.114835,9,0
34139704,street,unclassified,1,0.494,13.049822,80.180919,5,0
33876076,street_limited,living_street,1,0.15,13.071423,80.216438,5,0
206674848,street,residential,1,0.088,13.122429,80.263407,3,0
34016632,street_limited,living_street,1,0.053,13.042383,80.198834,2,0
335960128,street,residential,1,0.154,13.127821,80.253814,2,0
25470226,main,tertiary,1,0.842,13.111275,80.105858,3,0
23888064,street_limited,living_street,1,0.182,13.098868,80.2841,5,0
208160272,street,residential,1,0.24,12.915263,80.089108,3,0
211639472,street,residential,1,0.103,13.021336,80.261826,3,0
34254340,street,unclassified,1,0.473,13.028208,80.185484,3,0
23941156,street_limited,living_street,1,0.137,13.052384,80.26879,2,0
102658256,main,tertiary,1,0.62,13.007044,80.120812,10,0
158081456,,taxiway,1,0.322,12.993368,80.169575,2,0
27347396,street,residential,1,0.103,13.050441,80.203453,2,0
213364192,street,residential,1,0.042,12.983795,80.211511,2,0
194608064,street,residential,1,0.34,12.933557,80.183058,5,0
27442660,street,unclassified,1,0.222,12.956812,80.201197,8,0
32391060,path,footway,1,0.013,13.04596,80.269982,2,0
208366000,street,residential,1,0.325,12.9211,80.162717,4,0
30622228,street,unclassified,1,0.254,13.040213,80.155426,5,0
102574568,main,tertiary,1,0.25,13.073,80.126953,4,0
26464992,street,residential,1,0.197,13.128628,80.262203,5,0
32690302,street,unclassified,1,0.38,13.045027,80.246761,6,0
23161555,street,residential,1,0.341,13.033854,80.239617,6,0
26883740,street,residential,1,0.21,13.040033,80.219299,4,0
30029292,service,service,1,0.164,12.990269,80.233887,3,0
208832384,street,residential,1,0.217,12.959473,80.13879,3,0
23648628,street,unclassified,1,0.239,12.913232,80.104524,5,0
208935040,street,residential,1,0.094,12.983585,80.123064,2,0
24338708,street,residential,1,0.342,13.02459,80.277376,8,0
208187488,street,residential,1,0.326,12.931886,80.143885,6,0
27442654,street,unclassified,1,0.379,12.958972,80.206019,4,0
30921136,street,unclassified,1,0.189,13.046224,80.186163,3,0
28121588,street,unclassified,1,0.186,12.880757,80.200815,2,0
27355156,street,residential,1,0.328,12.974865,80.223488,7,0
30622148,street,unclassified,1,0.088,13.034727,80.157143,2,0
34638512,street,residential,1,0.532,12.967234,80.209101,13,0
23954912,street,residential,1,0.133,13.048529,80.258544,2,0
217920736,street,residential,1,0.122,13.110859,80.229075,2,0
208935056,street,residential,1,0.267,12.975284,80.1367,7,0
30077684,street,unclassified,1,0.096,13.109289,80.181945,4,0
28858856,service,service,1,0.222,13.088087,80.288941,5,0
23761532,street,residential,1,0.3,12.997771,80.260709,5,0
46764652,street,unclassified,1,0.558,13.045196,80.138492,5,0
322015296,street,residential,1,0.136,13.140847,80.241043,4,0
213005472,street_limited,living_street,1,0.139,13.105272,80.201566,4,0
28571976,street,residential,1,0.087,12.972556,80.216787,2,0
30604290,street,unclassified,1,0.159,12.975988,80.223001,3,0
46882276,street,unclassified,1,0.157,12.956372,80.141005,2,0
27342740,street_limited,living_street,1,0.511,12.990055,80.208785,5,0
217941184,main,tertiary,1,0.314,13.124509,80.254302,10,0
205878752,service,service,1,0.122,12.991686,80.243397,4,0
31748508,street,unclassified,1,0.127,13.082656,80.18721,2,0
27311840,street,unclassified,1,0.092,12.993654,80.267526,3,0
306867136,street,residential,1,0.094,12.956552,80.135916,2,0
375214112,service,track,1,0.307,12.917959,80.118971,3,0
207144016,street_limited,living_street,1,0.155,13.120708,80.267148,2,0
218191040,street,residential,1,0.04,13.086826,80.227694,2,0
32945364,street,unclassified,1,0.067,13.040163,80.181383,2,0
274766560,street,residential,1,0.19,13.032373,80.182493,4,0
31727800,street,residential,1,0.261,13.086691,80.186366,6,0
132510816,service,service,1,0.23,12.982282,80.244479,2,0
46821256,street,unclassified,1,0.066,12.944219,80.134373,4,0
34159832,street,unclassified,1,0.083,13.005491,80.203633,2,0
384476288,street,residential,1,0.106,12.963216,80.155985,2,0
206824304,street_limited,living_street,1,0.141,13.031961,80.223098,5,0
27504212,street,residential,1,0.163,13.041044,80.260362,2,0
34016624,street_limited,living_street,1,0.05,13.042326,80.195867,2,0
24775488,street_limited,living_street,1,0.053,13.024301,80.240926,2,0
25368622,main,primary,1,1.012,13.297968,80.152042,2,-1
30852850,street,residential,1,0.067,13.085432,80.233327,2,0
288773664,street,residential,1,0.23,13.01739,80.151829,5,0
32543792,main,secondary,1,0.471,13.013946,80.21418,6,0
34251764,street,unclassified,1,0.193,13.03362,80.190394,7,0
240514416,street,unclassified,1,0.323,13.04927,80.224764,7,0
208187504,street,residential,1,0.477,12.920223,80.130022,6,0
214068960,street,residential,1,0.186,12.943516,80.1514,4,0
34016616,street_limited,living_street,1,0.071,13.042511,80.196749,4,0
30623538,street,unclassified,1,0.344,13.040039,80.164772,5,0
268060848,street,residential,1,0.056,13.015814,80.170576,2,0
189500800,street,unclassified,1,0.338,13.035234,80.240354,3,0
240340224,major_rail,rail,1,0.041,13.07994,80.2751,2,0
33135036,street,unclassified,1,0.098,13.180599,80.301172,3,0
26969662,street,residential,1,0.404,13.081034,80.214086,2,0
179392704,street,residential,1,0.1,12.941165,80.18985,4,0
31956958,street,unclassified,1,0.038,13.070447,80.19737,2,0
27344684,street,residential,1,0.095,12.984383,80.195431,2,0
206649440,street_limited,living_street,1,0.041,13.125234,80.253884,2,0
24338712,street,residential,1,0.344,13.027033,80.270906,2,0
0,street,residential,1,0.274,13.091126,80.181811,3,0
165273136,street,residential,1,0.034,12.970971,80.22253,2,0
34234904,street,unclassified,1,0.153,13.040781,80.16904,3,0
34690568,street,residential,1,0.08,13.083143,80.209082,2,0
102543664,major_rail,rail,1,1.35,13.203168,80.316328,5,-1
46875508,street,residential,1,0.05,12.951025,80.132412,3,0
24270356,street_limited,living_street,1,0.132,13.040195,80.270723,4,0
218191040,street_limited,living_street,1,0.081,13.081557,80.218644,2,0
26464942,street,residential,1,0.297,13.130614,80.25618,4,0
27320194,street,residential,1,0.746,12.971578,80.21445,7,0
27432452,street,residential,1,0.141,13.038308,80.211503,4,0
207142304,street,residential,1,0.19,13.125301,80.278802,4,0
29197068,street,residential,1,0.204,13.021313,80.147809,5,0
25460532,main,secondary,1,0.25,13.016227,80.175025,8,0
30402612,street,residential,1,0.058,13.005823,80.260662,3,0
84658040,main,secondary,1,0.951,13.203107,80.318729,12,-1
34629748,street,unclassified,1,0.248,13.121021,80.153954,3,0
151332448,street,residential,1,0.179,12.973654,80.224299,2,0
217904416,street_limited,living_street,1,0.103,13.117419,80.258335,4,0
208187504,street,residential,1,0.408,12.921521,80.132323,7,0
32506192,main,tertiary,1,0.251,13.02978,80.2105,6,0
274563264,street,primary_link,1,0.025,13.072253,80.202146,3,0
27274004,street,residential,1,0.428,12.98913,80.204233,9,0
26322116,street,unclassified,1,0.291,13.11111,80.275443,5,0
27320020,street,unclassified,1,0.324,12.975026,80.199157,4,0
25466420,main,secondary,1,0.307,13.041296,80.223443,3,0
132459624,street,unclassified,1,0.163,12.964486,80.261932,3,0
31256576,major_rail,rail,1,1.261,13.118572,80.073568,3,0
208168448,street,residential,1,0.189,12.903482,80.083792,3,0
33071158,street_limited,living_street,1,0.099,13.153707,80.295068,2,0
206825520,street,residential,1,0.121,13.110155,80.201358,2,0
181313744,street_limited,living_street,1,0.285,13.110455,80.166725,9,0
30606832,street_limited,living_street,1,0.137,12.993562,80.216001,7,0
208935040,street,residential,1,0.246,12.992573,80.138811,5,0
27454372,street,unclassified,1,0.106,13.061111,80.208105,2,0
188036064,main,primary,1,0.24,13.039162,80.264605,7,0
208378480,street,residential,1,0.179,12.932402,80.211359,4,0
185574832,service,service,1,0.104,13.013866,80.234565,2,0
26394488,street_limited,living_street,1,0.284,13.116378,80.278327,4,0
179251280,street,residential,1,0.209,12.919909,80.187864,5,0
46764628,street,unclassified,1,0.088,13.045081,80.134991,2,0
28049856,street,unclassified,1,0.417,13.07053,80.12689,8,0
27352120,street,residential,1,0.285,12.967481,80.190735,6,0
126679760,street,residential,1,0.068,12.980346,80.201149,2,0
46503472,street,unclassified,1,0.139,12.949667,80.142699,2,0
312881280,main,tertiary,1,0.054,12.993795,80.20002,2,0
23641250,street_limited,living_street,1,0.143,13.004103,80.203489,4,0
210175232,street,residential,1,0.106,12.960572,80.204388,3,0
384290656,street,unclassified,1,0.106,12.923779,80.095607,4,0
28655154,street_limited,living_street,1,0.139,13.056998,80.226508,3,0
30597400,street,unclassified,1,0.191,12.975355,80.20217,6,0
32426026,street,unclassified,1,0.174,13.02819,80.208331,7,0
47497696,street_limited,living_street,1,0.2,13.054173,80.271731,4,0
23306348,main,secondary,1,0.598,13.087293,80.223609,9,0
24831612,street,residential,1,0.195,13.026393,80.229818,5,0
24338734,street,residential,1,0.145,13.026388,80.277641,3,0
232405024,street,residential,1,0.473,12.958596,80.247193,7,0
29267263,street_limited,living_street,1,0.113,13.047064,80.277638,4,0
23467788,street_limited,living_street,1,0.272,13.103153,80.278063,5,0
217760880,street,residential,1,0.095,13.069703,80.219803,2,0
26748508,street,residential,1,0.206,13.071748,80.227923,3,0
151332576,street,residential,1,0.154,12.972866,80.22587,4,0
218240176,street_limited,living_street,1,0.149,13.021822,80.202613,2,0
184728848,street,residential,1,0.123,13.083201,80.177842,2,0
34143856,street,unclassified,1,0.107,13.060229,80.193344,2,0
34231736,street,unclassified,1,0.062,13.041723,80.171881,2,0
23641248,street_limited,living_street,1,0.082,13.003998,80.20639,2,0
208808640,street,residential,1,0.364,12.925688,80.209026,12,0
27370300,street,residential,1,0.231,12.976011,80.224273,5,0
31961084,street,unclassified,1,0.064,13.049173,80.100114,3,0
206665264,street,residential,1,0.142,13.039988,80.233262,2,0
208832368,street,residential,1,0.087,12.959463,80.132965,2,0
31961048,street,unclassified,1,0.198,13.052418,80.104995,4,0
207272720,street,residential,1,0.065,13.08907,80.227443,3,0
27695510,street,residential,1,0.441,13.070081,80.217586,5,0
184469840,street,residential,1,0.098,12.963154,80.214112,2,0
24240050,street,unclassified,1,0.311,13.091832,80.215067,2,0
27320116,street,residential,1,0.315,12.988286,80.191515,3,0
27347526,street,residential,1,0.073,13.039915,80.211177,2,0
322067232,street,residential,1,0.095,13.012334,80.179101,2,0
158079120,major_rail,rail,1,0.52,12.952378,80.141545,5,0
181313744,street_limited,living_street,1,0.22,13.110281,80.167473,6,0
27319432,street,residential,1,0.328,12.970818,80.209697,3,0
34159260,street,unclassified,1,0.119,13.068457,80.178361,3,0
33876144,street_limited,living_street,1,0.053,13.067539,80.231313,2,0
23047840,street,residential,1,0.071,13.035232,80.233288,2,0
48749328,street,residential,1,0.256,13.094853,80.215305,2,0
34144352,street,unclassified,1,0.07,13.074409,80.196113,2,0
157915152,street,residential,1,0.117,13.046777,80.244463,2,0
240340240,major_rail,rail,1,0.44,12.956311,80.144302,2,0
27355076,street,residential,1,0.258,12.98466,80.219938,5,0
206651568,street,unclassified,1,0.183,13.044522,80.190387,2,0
240340323,major_rail,rail,1,1.471,13.071463,80.236246,23,0
30036362,street,unclassified,1,0.145,12.986028,80.23812,4,0
27171332,street,residential,1,0.123,13.028118,80.244519,2,0
30343692,street,residential,1,0.205,12.99321,80.26867,4,0
23467788,street_limited,living_street,1,0.258,13.103397,80.277633,2,0
26807400,street,unclassified,1,0.144,13.033864,80.145149,3,0
35007960,street,residential,1,0.117,13.026585,80.277056,4,0
207144080,street,residential,1,0.156,13.12706,80.279147,6,0
208254592,street,unclassified,1,0.099,13.016234,80.189283,3,0
26807400,main,tertiary,1,0.117,13.016384,80.177859,4,0
28405730,street,unclassified,1,0.182,13.005602,80.253851,2,0
218229776,street_limited,living_street,1,0.062,13.061636,80.207928,2,0
217978832,major_rail,rail,1,0.683,13.087273,80.274666,7,0
30622088,street,unclassified,1,0.432,13.028559,80.154486,11,0
132509264,street,unclassified,1,0.371,12.97321,80.223725,7,0
24270340,street,residential,1,0.13,13.038831,80.268249,2,0
69610248,street_limited,construction,1,0.699,13.068306,80.229759,10,0
24775484,street_limited,living_street,1,0.149,13.024619,80.241083,5,0
151247552,street,unclassified,1,0.125,12.978408,80.228132,3,0
26465036,street,residential,1,0.115,13.12789,80.258518,2,0
207258128,street,residential,1,0.178,13.088917,80.188404,2,0
213067872,street,residential,1,0.455,13.118388,80.162761,8,0
24339628,service,service,1,0.314,13.021493,80.272497,3,0
28858916,service,service,1,0.349,13.08684,80.287475,4,0
24339612,street,residential,1,0.209,13.025296,80.264115,4,0
214379312,street_limited,living_street,1,0.089,13.025461,80.21297,2,0
25394840,main,primary,1,0.403,13.196205,80.180371,4,-1
206632256,street,residential,1,0.154,12.965521,80.197196,3,0
32254468,street,unclassified,1,0.103,12.92784,80.111636,3,0
26394452,street,unclassified,1,0.348,13.113958,80.280312,4,0
133602696,main,primary,1,0.317,13.014538,80.135021,4,0
27479812,street,residential,1,0.046,13.056428,80.202545,2,0
217930016,street_limited,living_street,1,0.055,13.107811,80.198694,2,0
384430400,street,road,1,0.617,13.106093,80.148343,16,0
27347538,street,unclassified,1,0.358,13.044562,80.192193,4,0
213005456,street_limited,living_street,1,0.068,13.105936,80.203384,2,0
46763036,street,unclassified,1,0.198,12.957494,80.146327,4,0
158081456,,taxiway,1,0.546,12.996132,80.172148,2,0
25116884,main,primary,1,1.259,12.870693,80.243322,21,0
31243010,street,residential,1,0.061,13.054577,80.196803,2,0
46765840,street,unclassified,1,0.131,13.038189,80.124491,2,0
30833180,street,unclassified,1,0.454,13.048726,80.188451,7,0
30604288,street,unclassified,1,0.085,12.97432,80.220724,2,0
30280964,street,unclassified,1,0.145,12.981872,80.256958,4,0
335340224,main,tertiary,1,0.076,12.984119,80.222242,4,0
27189842,street,residential,1,0.27,13.048059,80.223163,3,0
260562080,main,tertiary,1,0.185,13.052985,80.169865,5,0
155213952,main,secondary,1,0.444,13.131921,80.248639,5,0
371970944,street,residential,1,0.213,12.951771,80.21023,2,0
307033888,motorway,motorway,1,1.311,12.944713,80.0853,3,0
132192384,street,unclassified,1,0.192,12.969791,80.208374,2,0
155213952,main,tertiary,1,0.087,13.143463,80.235394,2,0
178751008,street,unclassified,1,0.722,13.014601,80.109228,7,0
30402630,street,residential,1,0.068,13.006111,80.260641,2,0
211900033,street,residential,1,0.213,13.019908,80.244947,7,0
24484024,street_limited,living_street,1,0.17,13.071375,80.264,6,0
312881280,main,tertiary,1,0.218,12.994641,80.200449,6,0
28405728,street,residential,1,0.521,13.00502,80.250771,2,0
34256988,street,unclassified,1,0.136,13.030349,80.197096,3,0
30625160,street,unclassified,1,0.343,13.075781,80.182711,3,0
208824176,street,residential,1,0.657,12.861984,80.227744,11,0
327357440,street,residential,1,0.112,13.026753,80.204274,3,0
28854808,main,secondary,1,0.434,13.072595,80.260209,9,0
240340320,major_rail,rail,1,0.17,13.066766,80.233135,3,0
28275136,main,tertiary,1,0.051,13.018508,80.260965,4,0
28226256,service,service,1,0.262,13.005254,80.181399,3,0
23135444,street,residential,1,0.104,13.032587,80.259513,4,0
27346876,street,unclassified,1,0.157,13.041221,80.215168,2,0
30622248,street,unclassified,1,0.133,13.038074,80.154558,3,0
178115184,street,residential,1,0.137,12.946721,80.194558,5,0
208812496,street,residential,1,0.069,12.930127,80.229397,2,0
206840944,street,residential,1,0.092,13.04065,80.169942,2,0
23135464,street,residential,1,0.279,13.024524,80.254637,2,0
28534340,street,residential,1,0.175,12.995097,80.205866,2,0
118268016,street,unclassified,1,0.362,12.921798,80.198237,3,0
268051712,main,primary,1,1.041,13.028212,80.170884,5,0
160274848,street_limited,living_street,1,0.334,13.031958,80.223832,6,0
384461472,street,unclassified,1,0.493,12.76443,80.208859,7,-1
85852704,service,service,1,0.197,12.959604,80.213883,4,0
206632256,street,residential,1,0.435,12.96684,80.198355,10,0
48738684,street_limited,living_street,1,0.127,13.096647,80.22426,2,0
208378400,street,residential,1,0.176,12.935413,80.212814,2,0
