severity_score,population_exposed,buildings_affected,demand_food,demand_water,demand_medical,demand_shelter
43.708610696262625,57234,143,37524.27936884842,50032.3724917979,31.251656647827776,12.50066265913111
95.56428757689245,20591,3148,29516.463682436894,39355.284909915856,1504.1818864602874,601.672754584115
75.87945476302646,1441,3929,1640.1344147028167,2186.8458862704224,1490.6518888196547,596.2607555278619
63.8792635777333,44723,82,42853.084574804496,57137.44609973933,26.190498066870653,10.476199226748262
24.041677639819287,90427,4504,32610.251759039078,43480.33567871877,541.4185804487304,216.56743217949216
24.03950683025824,438,4235,157.93955987479663,210.58607983306217,509.0365571307182,203.6146228522873
15.227525095137953,71531,2988,16338.601463704694,21784.80195160626,227.49922492136102,90.99968996854442
87.95585311974416,12354,4371,16299.09914161979,21732.13218882639,1922.2751699320088,768.9100679728035
64.1003510568888,51960,1995,49959.81361373913,66613.08481831884,639.4010017924658,255.7604007169863
73.7265320016441,11444,802,12655.896483402226,16874.5286445363,295.64339332659284,118.25735733063715
11.85260448662222,1850,4269,328.9097745037666,438.5463660050221,252.99384276695127,101.19753710678052
97.29188669457949,54856,104,80055.65604776778,106740.87473035704,50.59178108118133,20.236712432472533
84.91983767203796,68057,1143,86690.8408866883,115587.78784891774,485.3168722956969,194.12674891827876
29.110519961044854,58153,4927,25392.96100941962,33857.28134589283,717.13765924034,286.855063696136
26.364247048639054,70955,247,28060.127240042762,37413.50298672368,32.559845105069236,13.023938042027694
26.506405886809045,15996,2956,6359.947028480962,8479.92937130795,391.76467900703767,156.70587160281508
37.381801866358394,55861,2540,31322.772510849696,41763.696681132926,474.7488837027516,189.89955348110064
57.228078846901404,62652,1970,53781.803938741,71709.07191832134,563.6965766419788,225.47863065679155
48.87505167779042,77554,1058,56856.836367290365,75809.11515638715,258.5490233755113,103.41960935020452
36.21062261782377,90700,2539,49264.552071549246,65686.06942873233,459.6938541332728,183.87754165330912
65.06676052501416,28035,2974,27362.199469781575,36482.932626375434,967.5427290069605,387.0170916027842
22.554447458683764,37741,973,12768.41102307276,17024.54803076368,109.72738688649652,43.89095475459861
36.29301836816963,29811,546,16228.967558602575,21638.6234114701,99.0799401451031,39.63197605804124
42.97256589643225,70442,4233,45406.102303147214,60541.46973752962,909.5143571979886,363.80574287919546
51.046298579533236,12282,3689,9404.259587307408,12539.012783076543,941.5489772994905,376.6195909197962
80.66583652537122,87933,4197,106397.83504778199,141863.78006370933,1692.772579484915,677.1090317939661
27.970640394252378,56376,3734,23653.09234299558,31537.45645732744,522.2118561606919,208.88474246427677
56.28109945722505,19641,552,16581.256116590357,22108.341488787144,155.33583450194112,62.13433380077645
63.31731119758382,94557,855,89806.42492364898,119741.89989819865,270.6815053696708,108.27260214786833
14.180537144799796,82410,3613,17529.27099154427,23372.361322059023,256.1714035208083,102.46856140832334
64.67903667112945,44913,3046,43573.94361015656,58098.59148020874,985.0617285013016,394.0246914005206
25.347171131856236,37298,2504,14180.981833139605,18907.975777519474,317.34658257084004,126.93863302833603
15.854643368675156,8920,4495,2121.351282728736,2828.468376971648,356.33310971097416,142.53324388438966
95.39969835279999,24170,2729,34587.16063780763,46116.21418374351,1301.7288840239557,520.6915536095823
96.90688297671034,69868,1894,101560.35149725198,135413.80199633597,917.7081817894469,367.0832727157788
82.7557613304815,11222,4148,13930.277304759951,18573.70307301327,1716.3544899941865,686.5417959976746
37.41523922560336,80659,4359,45268.13671046912,60357.51561395883,815.4651389220252,326.1860555688101
18.79049026057455,73643,3211,20756.821113892373,27675.761485189832,301.68132113352436,120.67252845340975
71.58097238609412,83541,2720,89699.19021160033,119598.92028213378,973.50122445088,389.400489780352
49.61372443656412,41886,1963,31171.80692624887,41562.40923499849,486.9587053448769,194.78348213795076
20.983441136030095,95034,4747,29912.105173822263,39882.806898429684,498.04197536367434,199.21679014546976
54.56592191001432,99904,3860,81770.30793747105,109027.0772499614,1053.1222928632762,421.24891714531054
13.094966900369656,6837,699,1342.95433046741,1790.6057739565467,45.766909316791946,18.306763726716778
91.83883618709038,36162,1960,49816.13991296344,66421.51988395124,900.0205946334858,360.00823785339435
33.290198344001524,54337,466,27133.342611270164,36177.79014836022,77.56616214152355,31.026464856609422
69.62700559185838,51671,2140,53965.45508905372,71953.94011873829,745.0089598328847,298.0035839331539
38.053996848046985,25610,3986,14618.44288917725,19491.257185569666,758.4161571815764,303.36646287263056
56.80612190600297,19526,4254,16637.945045049208,22183.92672673228,1208.266212940683,483.30648517627327
59.203925140895166,37365,1189,33182.31994334322,44243.093257790955,351.96733496262175,140.7869339850487
26.636900997297435,17950,4295,7171.985593522335,9562.64745802978,572.0274489169624,228.81097956678497
97.26261649881027,66250,3575,96654.7251456927,128872.96686092361,1738.5692699162337,695.4277079664935
79.76195410250031,87412,892,104582.27898011636,139443.03864015514,355.73831529715136,142.29532611886054
94.55490474077702,89713,409,127242.06253513994,169656.08338018658,193.36478019488902,77.34591207795562
90.5344615384884,75010,618,101864.84940003022,135819.7992000403,279.75148615392914,111.90059446157166
63.810998092997664,52475,1648,50227.231873950775,66969.64249860104,525.8026242863008,210.3210497145203
92.96868115208052,35535,2158,49554.63127108772,66072.84169478362,1003.1320696309489,401.2528278523796
17.964325184672756,96543,1392,26014.94769455793,34686.59692607724,125.03170328532238,50.012681314128955
27.638457617723066,57232,1413,23727.063095662896,31636.08412755053,195.26570306921346,78.10628122768539
14.070456001948425,79045,829,16682.987920110198,22243.983893480265,58.322040128076225,23.32881605123049
39.27972976869379,82150,3302,48402.447007472925,64536.5960099639,648.5083384811345,259.4033353924538
44.98095607205338,95502,829,64436.569001898635,85915.42533586484,186.44606291866126,74.5784251674645
34.42141285965063,3083,429,1591.8182376945433,2122.4243169260576,73.8339305839506,29.533572233580244
84.58637582367363,97341,4229,123505.83613578323,164674.4481810443,1788.5789167915789,715.4315667166316
42.10779940242303,20762,4527,13113.631967896605,17484.84262386214,953.1100394738454,381.2440157895382
35.28410587186427,23610,3312,12495.866094520732,16661.15479269431,584.3047932380723,233.72191729522893
58.84264748424236,78287,1518,69099.21515398323,92132.28687197763,446.6156944053995,178.6462777621598
22.683180247728636,41098,777,13983.500127317271,18644.666836423028,88.12415526242575,35.2496621049703
82.19772826786357,56946,2054,70212.47750912639,93616.63667883517,844.1706693109588,337.66826772438355
16.709557931179376,94171,2149,23603.33669905639,31471.115598741857,179.54419997052239,71.81767998820895
98.81982429404655,6740,3039,9990.684236128105,13320.912314837475,1501.5672301480374,600.626892059215
79.50202923669917,44647,1559,53242.90648996362,70990.54198661816,619.71831790007,247.887327160028
27.884411338075516,54720,1774,22887.524826292385,30516.699768389844,247.33472856872982,98.93389142749193
10.496990541124216,15417,2655,2427.4815475876803,3236.6420634502406,139.34754943342395,55.739019773369584
83.39152856093507,7664,3726,9586.690123365095,12782.253497820127,1553.5841770902202,621.4336708360881
73.61716094628554,27445,4615,30306.344732562102,40408.459643416136,1698.7159888355388,679.4863955342156
75.61064512368885,94323,4491,106977.34320002556,142636.45760003407,1697.8370362524333,679.1348145009733
79.41433120173512,79373,2303,94550.30565712982,126067.07420950643,914.4560237879799,365.782409515192
16.664018656068134,74959,4847,18736.772616603168,24982.363488804225,403.8524921298112,161.5409968519245
42.261915568984534,80865,2718,51262.64703728901,68350.19604971868,574.3394325824997,229.7357730329999
20.428215357261674,74138,910,22717.60545234999,30290.14060313332,92.94837987554062,37.17935195021625
87.67930832880342,52493,3094,69038.24898155816,92050.99864207755,1356.3988998465888,542.5595599386355
66.09683141448022,66181,2019,65615.31599762573,87487.0879968343,667.2475131291778,266.89900525167116
39.78082223673843,29530,251,17620.915209763287,23494.553613017717,49.924931907106725,19.96997276284269
15.720251525742128,75632,2395,17834.31095092393,23779.081267898575,188.250012020762,75.3000048083048
37.9884089544096,27888,4278,15891.311233808625,21188.4149784115,812.5720675348214,325.02882701392855
39.266498982407235,95605,681,56311.104528195654,75081.47270426087,133.70242903509663,53.48097161403865
75.66455605042577,48643,173,55208.26499941291,73611.01999921721,65.44984098361829,26.179936393447317
67.38017242196918,14019,474,14169.039557753787,18892.052743671717,159.69100864006694,63.87640345602678
89.84914683186939,69446,3052,93594.95776329002,124793.27701772003,1371.0979806543269,548.4391922617308
52.49934326457544,96222,4602,75773.87711405967,101031.83615207956,1208.0098885178809,483.20395540715236
20.763482134447152,40074,4805,12481.136745837528,16641.515661116704,498.84265828009285,199.53706331203716
74.19203085006956,16471,2452,18330.254101972438,24440.338802629914,909.5942982218528,363.83771928874114
78.47065437552077,45184,4808,53184.270709552955,70912.3609460706,1886.4345311875193,754.5738124750078
60.51494778125466,29729,2365,26985.733238833796,35980.9776517784,715.5892575133363,286.2357030053345
79.38704619591049,51284,4288,61069.279156666096,81425.70554222146,1702.0582704403207,680.8233081761283
54.44160367279517,62016,4734,50643.75740058097,67525.0098674413,1288.6327589350617,515.4531035740247
57.045954644379464,74072,2567,63382.61928627713,84510.1590483695,732.1848278606103,292.8739311442441
48.47869165226947,62287,555,45293.884004173626,60391.845338898165,134.52836933504778,53.811347734019115
12.287721406968567,13084,4729,2411.588203331651,3215.450937775535,290.5431726677718,116.21726906710872
19.7102284293974,33139,3845,9797.658898827005,13063.545198436008,378.929141555165,151.571656622066
12.828626711806082,85531,603,16458.67906931229,21944.90542574972,38.678309536095334,15.471323814438135
67.27693701374024,83791,4849,84558.02743977463,112744.03658636616,1631.129337898132,652.4517351592528
38.2920382968694,58706,3814,33719.586003840224,44959.4480051203,730.2291703212995,292.0916681285198
55.77136220482325,10716,1469,8964.688760803288,11952.91834773772,409.64065539442674,163.85626215777071
91.68098265334837,50172,3503,68997.27392525692,91996.36523367588,1605.7924111733967,642.3169644693587
32.43630062339874,24674,2611,12004.99922372611,16006.665631634813,423.4559046384706,169.38236185538824
46.93446307320668,3530,2454,2485.1798197262933,3313.5730929683914,575.8858619082459,230.3543447632984
77.99960246887439,12776,2682,14947.843817135086,19930.458422846783,1045.9746691076055,418.3898676430422
30.59183489424602,10916,4210,5009.107045583843,6678.80939411179,643.9581245238786,257.58324980955143
16.92819188459137,32833,26,8337.049862201826,11116.066482935768,2.2006649449968783,0.8802659779987514
36.077630762239124,85780,3201,46421.08750177309,61894.783335697444,577.4224803496372,230.9689921398549
24.5099158528604,2150,402,790.4447862547479,1053.9263816729972,49.2649308642494,19.705972345699763
93.67278871083158,34033,434,47819.49027293597,63759.32036391462,203.2699515025045,81.30798060100182
82.73083416079753,25051,581,31087.351898432084,41449.80253124278,240.33307323711682,96.13322929484673
67.00633808593811,32513,3641,32678.656052821585,43571.541403762116,1219.8503848545033,487.9401539418013
88.43145311689459,34901,1130,46295.192178491074,61726.92290465476,499.6377101104544,199.85508404418178
82.33048692092031,55719,251,68810.58601120138,91747.44801493517,103.32476108575499,41.329904434301994
26.791305299743225,33013,3907,13266.920427906345,17689.22723720846,523.3681490304839,209.34725961219357
90.330309864098,40700,4105,55146.654172031835,73528.87222937577,1854.0296099606114,741.6118439842446
58.540801772408564,57875,2289,50820.7335386722,67760.97805156292,669.999476285216,267.99979051408644
82.66961396476563,90916,798,112739.85934830949,150319.81246441265,329.8517597194149,131.94070388776595
90.64821699311439,90193,724,122637.51952889947,163516.6927051993,328.1465455150741,131.25861820602964
38.62031274746775,35500,4864,20565.31653802658,27420.422050702102,939.2460060184156,375.6984024073663
19.90467320749091,4594,2859,1371.6310307281985,1828.8413743042647,284.53730350108253,113.81492140043302
30.51416462877475,80788,785,36977.674980441814,49303.56664058909,119.76809616794088,47.907238467176356
48.43970097636307,89531,4036,65052.82302172143,86737.09736229524,977.5131657030067,391.0052662812027
83.62132893302439,74791,2257,93811.84218344741,125082.45624459654,943.6666970091802,377.4666788036721
87.46575249307091,97519,88,127943.59076057674,170591.45434743565,38.4849310969512,15.39397243878048
10.625691747807164,43101,3936,6869.669100333548,9159.55880044473,209.11361359684497,83.645445438738
55.967257231980916,67464,865,56636.625628475405,75515.5008379672,242.05838752831747,96.823355011327
47.56699028339011,45128,2158,32199.04706263243,42932.06275017658,513.2478251577793,205.29913006311173
29.98970294236572,97759,1041,43976.45054914096,58635.26739885461,156.0964038150136,62.43856152600544
20.787883060031454,37673,4950,11747.128777808473,15662.838370411298,514.5001057357784,205.8000422943114
40.385365426326516,906,3281,548.8371161437773,731.7828215250364,662.5219198188864,265.0087679275546
94.86187335212672,56738,3586,80734.09455379448,107645.45940505932,1700.873389203632,680.3493556814528
39.088263881867974,29857,4192,17505.874420813983,23341.165894418642,819.2900109639527,327.7160043855811
56.691155956902946,34736,3466,29538.359899784715,39384.47986637962,982.4577327331281,392.9830930932512
73.27170630056601,80197,3516,88142.56545279738,117523.42060372984,1288.1165967639504,515.2466387055802
42.726664214136456,48380,417,31006.74022019883,41342.32029359844,89.08509488647451,35.63403795458981
97.46038744488646,24362,2721,35614.94938398486,47486.59917864648,1325.9485711876803,530.3794284750721
96.62025654479001,80535,3098,116719.68541251996,155626.24721669327,1496.6477738787971,598.6591095515189
32.66040662428277,62311,1678,30526.53895748526,40702.05194331368,274.02081157773245,109.60832463109298
54.75236553031469,54942,157,45123.06700449825,60164.089339330996,42.98060694129703,17.192242776518814
37.07904788350927,57079,4337,31746.524612142384,42328.699482856515,804.0591533538985,321.62366134155945
35.63564449397208,81570,3907,43601.99282059954,58135.99042746605,696.1423151897445,278.4569260758978
13.319825261907951,38297,1960,7651.640220829331,10202.186961105775,130.5342875666979,52.21371502667917
64.86079005819072,41944,375,40807.81467301127,54410.41956401503,121.6139813591076,48.64559254364304
55.24111209059753,64854,1684,53739.10625285419,71652.14167047225,465.13016380283125,186.0520655211325
14.633087612499041,34257,4541,7519.285235120695,10025.713646827593,332.2442542417907,132.8977016967163
35.07818178129503,77229,4504,40635.79351181451,54181.05801575268,789.9606537147641,315.9842614859057
91.74392973699884,40142,2556,55241.77241253911,73655.69655005215,1172.4874220388451,468.9949688155381
31.560570160027517,61765,572,29240.079239011495,38986.77231868199,90.2632306576787,36.10529226307148
23.04053848821008,82956,3572,28670.263662419326,38227.0182165591,411.504017399432,164.6016069597728
54.05074842498067,27476,2499,22276.475455871532,29701.967274495375,675.3641015701335,270.1456406280534
98.70854086995406,55654,782,82402.87700364635,109870.50267152848,385.9503948015204,154.38015792060818
31.784974436035036,14299,2047,6817.400241912976,9089.8669892173,325.31921335281856,130.12768534112743
70.49219926652907,81512,3433,86189.40219919976,114919.20293226634,1209.9986004099715,483.9994401639886
78.54576537958458,51048,2577,60144.0634664555,80192.08462194067,1012.0621869159472,404.8248747663789
31.38737895931597,73881,1583,34783.964173398344,46378.618897864464,248.4311044629859,99.37244178519437
75.53947137506736,72850,3704,82545.75734510487,110061.00979347316,1398.9910098662476,559.5964039464991
43.10048194473279,66362,3301,42903.512742245366,57204.68365632715,711.3734544978148,284.5493817991259
66.90752475342215,46700,1256,46868.72108977222,62491.62811969629,420.17925545149114,168.07170218059647
67.01767396848052,76998,3729,77403.40290337594,103204.53720450126,1249.5445311423193,499.81781245692775
58.21972156672826,62583,3849,54653.47252215832,72871.2966962111,1120.4385415516854,448.1754166206742
18.12607930489675,18397,369,5001.982214582782,6669.309619443709,33.4426163175345,13.377046527013801
85.17722460303142,30548,2386,39029.90785760106,52039.877143468075,1016.1642895141648,406.4657158056659
38.870205847456226,26272,3019,15317.970720365549,20423.9609604874,586.7457572673517,234.69830290694068
26.786665935986882,42974,3003,17266.952728996504,23022.603638662004,402.201789028843,160.8807156115372
13.669762739928753,7757,972,1590.54524360441,2120.7269914725466,66.43504691605374,26.574018766421496
63.18036488694176,84486,3642,80067.84461757242,106757.12615676323,1150.5144445912094,460.2057778364838
70.98079256580542,25525,1837,27176.77095363275,36235.694604843666,651.9585797169227,260.7834318867691
11.492904603507053,26785,1623,4617.561747074046,6156.748996098729,93.26492085745974,37.305968342983896
56.088375246935286,24678,1650,20762.233865158036,27682.97848687738,462.7290957872161,185.09163831488647
30.384619767814417,28931,2226,13185.861517539583,17581.148690052778,338.1808180157745,135.2723272063098
68.06555113685049,8006,4322,8173.992036024376,10898.6560480325,1470.8965600673391,588.3586240269357
25.69297861044923,61513,387,23706.782898968453,31609.04386529127,49.71591361121926,19.886365444487705
72.18439642922193,54128,4224,58607.95514881387,78143.9401984185,1524.5344525851672,609.8137810340669
44.806181167048365,7387,4295,4964.748904214794,6619.665205619725,962.2127405623636,384.88509622494547
94.30569898630611,33760,379,47756.405966665414,63675.20795555389,178.70929957905008,71.48371983162004
22.376884973139394,75858,2206,25461.98610438612,33949.31480584816,246.81704125372752,98.72681650149102
40.695971594523265,60604,3757,36995.079937717324,49326.77325028976,764.4738264031196,305.78953056124783
20.212616911653015,59820,661,18136.78115482625,24182.374873101668,66.80269889301321,26.721079557205286
93.22242564507064,34801,779,48663.50452311155,64884.67269748206,363.10134788755016,145.24053915502006
88.9605418042883,83400,2431,111289.63779716464,148386.18372955287,1081.3153856311242,432.5261542524497
33.21474649436401,17774,790,8855.383562862387,11807.178083816516,131.19824865273782,52.47929946109513
69.39856414307611,83660,1726,87088.25814314622,116117.67752419495,598.9096085547469,239.56384342189878
83.54999801810942,23974,3993,30045.414787292328,40060.5530497231,1668.0757104315544,667.2302841726219
59.96807304395161,43742,1321,39346.85176632796,52462.46902177062,396.08912245530036,158.43564898212014
57.66855205204058,97920,3369,84703.5692540372,112938.09233871626,971.4267593166236,388.57070372664947
31.76670618104065,65260,532,31096.428680620687,41461.90490749425,84.49943844156813,33.79977537662725
18.379249102530927,17702,531,4880.242014195037,6506.98935226005,48.79690636721961,19.518762546887846
90.74941821579941,88901,4888,121015.71043204176,161354.28057605567,2217.9157811941373,887.166312477655
91.03762514469975,26031,2330,35547.006302125184,47396.00840283358,1060.588332935752,424.2353331743009
66.97913115459411,94477,945,94919.81061138882,126559.74748185177,316.4763947054572,126.59055788218289
40.51268119438306,29292,2240,17800.46186318803,23733.949150917375,453.7420293770903,181.49681175083614
41.428861715139476,46642,4050,28984.874521763035,38646.49936235071,838.9344497315744,335.5737798926298
75.33601109832155,42620,4593,48162.31189515697,64216.415860209294,1730.0914948729544,692.0365979491818
90.73992339573194,64872,4951,88297.20465791883,117729.60621055844,2246.266803661344,898.5067214645377
89.83777818386056,58862,3707,79320.469491876,105760.62598916801,1665.1432186378554,666.0572874551422
80.18879912718614,50206,2847,60389.38273469261,80519.17697959015,1141.4875555754948,456.5950222301979
67.78284815388591,81221,4093,82580.86064860152,110107.81419813535,1387.1759874692752,554.8703949877101
17.572596849554394,25659,2471,6763.428938440743,9017.905251254324,217.10943407624455,86.84377363049782
24.54658426851524,33842,3253,12460.58257222639,16614.110096301854,399.2501931274004,159.70007725096016
90.86987696743714,69769,3369,95098.50669211682,126798.00892282242,1530.7030775164785,612.2812310065914
64.57861536936309,80299,695,77783.9735331673,103711.96471088973,224.41068840853674,89.7642753634147
10.827734645496669,21854,2170,3549.439694140263,4732.586258853684,117.48092090363886,46.99236836145555
19.132438857942887,4072,3998,1168.6093654431515,1558.1458205908689,382.45745277027834,152.98298110811135
69.71515921972502,70931,4076,74174.48937921473,98899.31917228631,1420.794944897996,568.3179779591984
10.455542546159682,41973,1577,6582.757309349405,8777.009745799207,82.4419529764691,32.97678119058764
24.472724627574877,94761,48,34785.89787650434,46381.19716867246,5.87345391061797,2.3493815642471882
59.38604104299275,10003,2554,8910.578528295848,11880.77137106113,758.3597441190175,303.343897647607
72.27056779234239,3120,4885,3382.2625726816236,4509.683430242165,1765.2086183279628,706.0834473311852
68.67651335523405,41855,1266,43116.831997249814,57489.10932966642,434.7223295386315,173.88893181545262
30.18423785145038,86056,3000,38963.02158816621,51950.69545088828,452.7635677717557,181.1054271087023
74.09612992127823,87088,2206,96793.25643876419,129057.67525168558,817.2803130316989,326.9121252126796
31.352417874712007,45748,3478,21514.656193984873,28686.208258646497,545.2185468412418,218.08741873649674
39.285972834334096,9616,2718,5666.60872162435,7555.478295499134,533.8963708186004,213.55854832744018
77.18422646062217,2496,311,2889.7774386856945,3853.036584914259,120.02147214626748,48.008588858507
68.46696091424931,84182,656,86455.28555525003,115273.7140736667,224.57163179873774,89.8286527194951
86.43010694447601,19229,4768,24929.467896529935,33239.29052870658,2060.493749556308,824.1974998225232
69.18516030703091,1691,1769,1754.8815911878391,2339.8421215837857,611.9427429156884,244.77709716627538
61.147774300192445,11403,4361,10459.021055176418,13945.36140690189,1333.3272186156964,533.3308874462786
18.430729104528325,30661,607,8476.568776109145,11302.09170147886,55.93726283224347,22.37490513289739
43.09442227534902,71819,671,46424.97470089937,61899.96626786583,144.58178673379595,57.83271469351838
33.86821309135529,92208,4340,46843.80289091533,62458.40385455377,734.9402240824097,293.9760896329639
31.95906790411752,99716,1378,47802.456226904746,63736.60830253966,220.19797785936973,88.07919114374789
97.57094992772011,86331,2591,126350.96517315006,168467.95356420008,1264.031656313614,505.61266252544556
45.378795220008435,7414,3878,5046.575816417138,6728.767755222851,879.8948393159635,351.9579357263854
90.2841899659402,19723,3547,26710.126180473577,35613.50157396477,1601.1901090459494,640.4760436183798
66.80247633975367,67775,4875,67913.06750890208,90550.7566785361,1628.3103607814958,651.3241443125984
81.53301731874836,96926,4318,118540.03854955506,158053.3847327401,1760.2978439117774,704.119137564711
55.23733837946729,65182,4568,54007.20285375655,72009.60380500874,1261.620808587033,504.6483234348132
61.92134961637232,83724,292,77764.54612921734,103686.06150562313,90.40517043990359,36.16206817596144
54.32659244369775,33230,3688,27079.090003561145,36105.45333808153,1001.7823646617866,400.71294586471464
27.571868901824004,51856,1496,21446.502506594785,28595.336675459712,206.23757938564356,82.49503175425743
75.02069037353547,97724,4092,109969.8291909507,146626.4389212676,1534.9233250425357,613.9693300170143
35.26951261967702,26392,4193,13962.494655877741,18616.65954117032,739.4253320715288,295.77013282861157
12.188436978830845,86306,470,15779.028628424625,21038.7048378995,28.642826900252487,11.457130760100995
68.09250663164511,69374,2335,70857.74332595622,94476.99110127497,794.9800149244567,317.99200596978267
25.939961146634403,2569,3764,999.5964027855568,1332.7952037140758,488.1900687796595,195.27602751186382
94.64127259176229,54047,2478,76726.15289650465,102301.53719533954,1172.6053674119348,469.04214696477396
95.85357193023286,22634,1734,32543.246206033356,43390.99494137781,831.0504686351189,332.4201874540476
92.33779511984037,63720,1386,88256.46457554342,117675.28610072455,639.9009201804937,255.9603680721975
43.31428302299,48974,2753,31819.10545151868,42425.47393535824,596.2211058114573,238.48844232458293
11.391095487598069,49808,524,8510.515260694268,11347.353680925691,29.84467017750694,11.937868071002777
93.54867063289528,74653,712,104755.33363136297,139673.77817515063,333.0332674531072,133.21330698124288
48.53657334855829,68444,1663,49830.55839403086,66440.74452537448,403.58160739326223,161.4326429573049
96.99893371393026,49238,2076,71640.50247309747,95520.66996412996,1006.8489319505961,402.73957278023846
96.72579793803276,54402,32,78931.15289137287,105241.53718849715,15.47612767008524,6.190451068034097
86.7708509920624,47738,2470,62134.003269886125,82845.3376931815,1071.6200097519707,428.6480039007883
36.50040028626271,78349,1314,42896.54793042596,57195.397240567945,239.80762988074602,95.92305195229841
44.658795574173276,2819,3310,1888.397170853917,2517.8628944718894,739.1030667525678,295.6412267010271
86.60230043651713,22990,371,29864.80330553293,39819.737740710574,160.64726730973925,64.25890692389571
38.522980464064986,77336,3737,44688.19825753395,59584.2643433786,719.8018899710543,287.9207559884217
25.254347201748324,36609,1294,13868.045950632066,18490.727934176088,163.39562639531164,65.35825055812465
60.11211362125152,42634,524,38442.29778192656,51256.397042568744,157.493737687679,62.9974950750716
94.25392967447029,92341,458,130552.5318010539,174070.0424014052,215.84149895453695,86.33659958181478
72.64268170074757,18887,1865,20580.03493923029,27440.046585640386,677.393006859471,270.9572027437884
61.30550530804285,48945,4979,45008.96935953236,60011.95914604315,1526.2005546437267,610.4802218574907
18.74588443936917,58032,3572,16317.917486782077,21757.223315709434,334.8014960871334,133.92059843485336
65.35065040292528,92224,2530,90403.47574139072,120537.96765518762,826.6857275970048,330.6742910388019
99.10484650938369,91759,3091,136406.42416281806,181875.23221709076,1531.665402802525,612.6661611210101
22.60756137128716,33162,1438,11245.679252919374,14994.239003892497,162.54836625955468,65.01934650382188
56.64966871273631,75813,3977,64421.72001178017,85895.62668237356,1126.4786623527616,450.5914649411047
88.96357647351599,87363,932,116581.87397183664,155442.49862911552,414.57026636658446,165.8281065466338
76.6691755978784,95856,3147,110238.00744165346,146984.00992220463,1206.3894780326166,482.55579121304663
72.73141668957412,60561,2169,66070.30989205948,88093.74652274596,788.7722139984313,315.50888559937255
73.22356755883983,75518,2557,82945.46062362699,110593.94749816932,936.1633112397673,374.46532449590694
42.35420360977797,66772,2989,42421.12325148142,56561.49766864189,632.9835729481317,253.1934291792527
36.4232659838044,34932,2291,19085.06291019383,25446.750546925105,417.2285118444794,166.89140473779176
82.84250399306623,32066,2659,39846.41599562493,53128.55466083324,1101.3910905878156,440.5564362351263
82.91020552112627,72645,323,90345.17820123327,120460.23760164436,133.8999819166189,53.55999276664757
88.03650867220934,13087,2623,17282.006834898053,23042.675779864072,1154.5988112360255,461.8395244944102
92.19164973008242,37411,3093,51734.727120781696,68979.63616104226,1425.7438630757244,570.2975452302898
56.020815897484404,31675,2266,26616.890153292275,35489.186871056365,634.7158441184982,253.8863376473993
55.136466521847964,63952,1047,52891.309605078306,70521.74614010441,288.63940224187405,115.45576089674962
81.84656610700976,1107,3499,1359.062230206897,1812.0829736091962,1431.9056740421358,572.7622696168544
68.49675376999886,71081,2644,73032.26632087934,97376.35509450578,905.527084839385,362.210833935754
73.17701895319331,76342,3993,83797.19971387024,111729.59961849367,1460.9791834005043,584.3916733602017
81.6213402492491,47617,1788,58298.45037972741,77731.26717296988,729.694781828287,291.8779127313148
90.10048076358096,29357,3905,39676.19720664669,52901.59627552892,1759.2118869089181,703.6847547635673
40.41956411663823,87372,1134,52973.07233998373,70630.7631199783,229.17892854133876,91.67157141653551
43.802465737594964,42307,707,27797.263769406454,37063.0183592086,154.8417163823982,61.93668655295929
18.45837458567821,13381,2189,3704.872654964402,4939.830206619203,202.026909840248,80.8107639360992
62.045212689655656,61346,1414,57093.38426489424,76124.51235319232,438.6596537158655,175.46386148634622
13.234804641706788,1535,1053,304.7313768752988,406.3085025003984,69.68124643858624,27.8724985754345
51.90382163192142,98975,1939,77057.71119029135,102743.61492038846,503.2075507214782,201.28302028859127
58.838017123681894,91457,1023,80717.22798120863,107622.97064161151,300.9564575876329,120.38258303505316
35.7887126915456,26760,236,14365.589274386404,19154.119032515206,42.230680976023805,16.892272390409524
63.174993451210966,5184,1838,4912.487490766165,6549.983321021554,580.5781898166288,232.2312759266515
12.745022494514448,82297,4927,15733.15674346583,20977.542324621107,313.9736291523634,125.58945166094537
13.361336987429297,13607,2033,2727.115685819257,3636.154247759009,135.8179904772188,54.32719619088753
84.03405045936924,72695,4976,91632.8294721577,122177.10596287693,2090.7671754291064,836.3068701716426
42.41715772701366,83907,2462,53386.44680100803,71181.92906801071,522.1552116195381,208.86208464781527
21.435446138669633,45639,2095,14674.38489484115,19565.84652645487,224.5362983025644,89.81451932102577
57.001893404932396,7591,4293,6490.520592552627,8654.027456736836,1223.5456419368738,489.4182567747496
79.29941977887498,50292,1090,59821.89629278771,79762.52839038361,432.1818377948686,172.87273511794746
29.423892474715885,80495,2330,35527.143371283826,47369.5244950451,342.78834733044005,137.11533893217603
66.06014282371002,63988,3200,63405.846285053354,84541.12838007114,1056.9622851793604,422.7849140717442
17.68127184943912,73709,2640,19549.033001254622,26065.377335006164,233.3927884125964,93.35711536503857
14.651354905174692,9177,2573,2016.8322594718225,2689.1096792957633,188.48968085507244,75.39587234202898
57.82191684113332,21053,3302,18259.8722288457,24346.4963051276,954.6398470471112,381.8559388188445
58.657160944909585,77019,4631,67765.73818223987,90354.31757631982,1358.2065616793814,543.2826246717526
67.3686911348386,67989,3596,68704.94912349813,91606.59883133083,1211.289066604398,484.5156266417592
75.34822003503955,23921,4441,27036.071571872715,36048.09542916362,1673.1072258780532,669.2428903512214
97.82668715162812,37667,2957,55272.56737410565,73696.75649880753,1446.3675695368217,578.5470278147287
56.46703134710758,24960,3969,21141.256536357076,28188.3420484761,1120.58823708335,448.23529483334
39.06608256471213,21295,2823,12478.683423233175,16638.2445643109,551.4177554009118,220.56710216036473
81.56675752918333,77575,2593,94913.11822989595,126550.82430652794,1057.513011365862,423.0052045463448
34.374902613586684,90974,171,46908.33585552652,62544.4478073687,29.390541734616615,11.756216693846646
49.507427863507246,87366,603,64878.98914084762,86505.31885446349,149.26489500847435,59.705958003389746
17.061074320803936,21527,3269,5509.106203559195,7345.474938078927,278.86325977354034,111.54530390941613
12.281566907391177,27183,4165,5007.747498654216,6676.9966648722875,255.76363084642125,102.3054523385685
96.63835732101326,87146,2972,126324.69430645532,168432.92574194042,1436.045989790257,574.4183959161028
85.23821084609853,57472,3898,73482.15680620461,97976.20907493948,1661.2927293904604,664.5170917561842
72.63767854843282,44164,3400,48119.5565311948,64159.40870825974,1234.840535323358,493.93621412934317
46.80576499728429,7913,4511,5555.610276352659,7407.480368470212,1055.7040295137472,422.28161180549887
25.596488806376122,31698,673,12170.362532767655,16227.150043690206,86.13218483345565,34.452873933382264
24.079333840397744,93206,1142,33665.07584892168,44886.76779856224,137.4929962286711,54.997198491468446
32.52186083481358,27182,551,13260.13831817854,17680.184424238054,89.59772659991141,35.83909063996457
59.43039982355084,29341,2984,26156.210418342078,34874.947224456104,886.7015653673785,354.68062614695145
74.31363304300561,96314,877,107361.64879356063,143148.86505808085,325.8652808935796,130.34611235743185
69.41776390459582,44669,2076,46512.331437815854,62016.44191708781,720.5563893297046,288.22255573188187
35.19405072513486,11845,441,6253.102962588335,8337.470616784447,77.60288184892237,31.041152739568947
95.93787525968747,26129,4845,37601.41113990561,50135.21485320748,2324.0950281659293,929.6380112663718
76.41072250261917,13125,4288,15043.360992703148,20057.81465693753,1638.245890456155,655.298356182462
59.891864726026064,14388,1216,12925.862245170945,17234.48299356126,364.1425375342385,145.6570150136954
65.05486716109169,89286,2538,87127.33304017849,116169.77738690465,825.5462642742535,330.21850570970145
47.764005618501095,6640,1179,4757.294959602708,6343.059946136945,281.56881312106395,112.62752524842558
32.29578905510417,97868,840,47410.86424867403,63214.485664898704,135.64231403143754,54.25692561257502
42.03754107861354,82058,1661,51742.74818743305,68990.3309165774,349.1217786578855,139.6487114631542
78.20614994179321,68978,1146,80917.55716027519,107890.07621370025,448.1212391664751,179.24849566659006
11.295413976678027,41946,2820,7106.961519986048,9475.948693314731,159.2653370711602,63.70613482846408
20.446537645622463,76032,485,23318.86725407951,31091.823005439346,49.58285379063447,19.83314151625379
14.140237781957747,17582,2820,3729.204910235717,4972.2732136476225,199.37735272560425,79.75094109024171
13.665592208707313,23511,1336,4819.376076283765,6425.834768378353,91.28615595416485,36.51446238166594
86.99145256099065,51075,1029,66646.32659328898,88861.76879105196,447.5710234262969,179.02840937051877
73.32920734420213,60645,1846,66705.74669083707,88940.99558778276,676.8285837869856,270.7314335147943
52.67564461785927,78897,4266,62339.25500122865,83119.00666830486,1123.5714996989384,449.42859987957536
18.805074458590134,52407,2458,14782.76305727,19710.350743026665,231.11436509607276,92.4457460384291
54.24542876051491,3193,4303,2598.084810484862,3464.1130806464826,1167.0903997824785,466.83615991299143
52.61245937025091,77358,1293,61049.919479458054,81399.8926392774,340.1395498286721,136.05581993146885
25.58816829190137,22142,669,8498.598334789202,11331.464446385602,85.59242293641009,34.23696917456404
49.04664843141757,53030,2020,39014.15649477111,52018.87532636148,495.37114915731746,198.148459662927
45.86542609576361,44513,408,30624.115677010883,40832.15423601451,93.56546923535777,37.42618769414311
65.42650882469948,93723,1743,91979.53029865964,122639.37373154619,570.192024407256,228.0768097629024
67.15842857808795,97983,2135,98705.76461050188,131607.68614733583,716.9162250710889,286.76649002843556
14.077360879484006,33856,2181,7149.046949037157,9532.06259871621,153.51362039077307,61.405448156309234
43.71513531638241,53368,84,34994.84012347044,46659.786831293924,18.360356832880612,7.344142733152245
66.32739241428128,39314,4707,39113.926580625804,52151.902107501075,1561.0151804701097,624.4060721880439
55.28226327220789,81971,3481,67973.13604029229,90630.84805372305,962.1877922527783,384.87511690111137
87.08408570694901,28702,846,37492.311419412756,49989.74855921701,368.3656825403943,147.3462730161577
69.28242684570506,53431,509,55527.44023189301,74036.58697585734,176.32377632231936,70.52951052892774
24.664098437328672,49001,147,18128.482312913133,24171.309750550845,18.128112351436574,7.2512449405746295
16.351187266038686,63516,2107,15578.430155845697,20771.240207794264,172.25975784771757,68.90390313908703
67.8177350385684,32296,3706,32853.623562084074,43804.8314161121,1256.6626302646725,502.66505210586905
12.386017948745963,5726,1895,1063.8350816177908,1418.4467754903876,117.357520064368,46.943008025747204
62.7198023146117,7524,2767,7078.556889227075,9438.075852302767,867.7284650226528,347.0913860090611
94.62072172824618,12957,3930,18390.01037149329,24520.013828657717,1859.2971819600375,743.718872784015
61.792676008829105,20082,1910,18613.80779413959,24818.41039218612,590.1200558843179,236.0480223537272
44.935293358586975,77061,2620,51941.37962259106,69255.17283012142,588.6523429974894,235.4609371989958
67.89593965981179,2080,3996,2118.353317386128,2824.4710898481703,1356.5608744030396,542.6243497612159
51.2427601442365,48390,1459,37194.55745069406,49592.743267592086,373.81593525220524,149.5263741008821
59.105511038434145,26531,556,23521.924700410444,31362.566267213926,164.3133206868469,65.72532827473877
94.73183278988726,85076,4686,120891.08109648674,161188.10812864898,2219.5668422670583,887.8267369068234
44.74923740206968,82811,2013,55585.93647754189,74114.58197005585,450.40107445183133,180.16042978073256
96.50715074415228,26485,2106,38339.8783118831,51119.837749177466,1016.2202973359235,406.4881189343694
91.48155777604573,38258,713,52498.52156093936,69998.02874791915,326.131753471603,130.4527013886412
27.62120213103668,23119,2413,9578.618581011553,12771.491441348739,333.2498037109575,133.29992148438302
16.24251707876489,18739,1635,4565.527913084629,6087.370550779506,132.78257711890296,53.11303084756119
19.070020123968398,85630,3341,24494.48734823121,32659.31646430828,318.5646861708921,127.42587446835685
11.639964308639476,21663,4743,3782.348202270855,5043.13093636114,276.04175357938516,110.41670143175406
18.499866468033556,39441,2988,10944.798500485671,14593.06466731423,276.3880050324213,110.55520201296852
71.47060960747211,5876,4746,6299.419530802592,8399.226041070122,1695.9975659853133,678.3990263941254
16.40697836142061,36544,2849,8993.649258596322,11991.532344795096,233.7174067584366,93.48696270337464
38.70780672643852,69016,3394,40071.86983547821,53429.159780637616,656.8714801476617,262.7485920590647
86.03877798725091,8811,2669,11371.315092685018,15161.753456913357,1148.1874922398636,459.27499689594543
12.094474216224327,74418,1871,13500.69873334473,18000.93164445964,113.14380629277858,45.25752251711143
83.30216343300422,83070,2866,103798.66074569491,138398.21432759322,1193.7200019949505,477.48800079798025
35.36692972960599,85653,695,45439.25448194913,60585.672642598845,122.90008081038083,49.16003232415233
20.634834485949064,30807,4293,9535.460190129492,12713.946920172655,442.92672224089665,177.17068889635868
72.70634488277355,39210,1629,42762.23674280327,57016.31565707102,592.1931790701906,236.87727162807624
66.60485621018955,61888,4653,61830.62011704317,82440.82682272422,1549.56197973006,619.8247918920241
88.97248121743476,82979,1441,110742.71278412278,147656.95037883037,641.0467271716175,256.418690868647
76.15639394234972,38927,885,44468.09920490771,59290.79893987695,336.9920431948975,134.796817277959
82.31328373463637,5755,4723,7105.694218392484,9474.258957856646,1943.828195393438,777.5312781573753
35.38311153141758,44959,2471,23861.83967011505,31815.786226820062,437.15834297066425,174.86333718826572
25.969558940175055,53725,1375,20928.21831091357,27904.291081218093,178.5407177137035,71.4162870854814
77.55532764767725,52198,1253,60723.494888301844,80964.65985106913,485.88412771269793,194.35365108507918
82.61512653405376,15351,172,19023.37211136389,25364.496148485185,71.04900881928623,28.419603527714493
99.1454627800606,626,1984,930.9758955047689,1241.3011940063586,983.5229907782011,393.4091963112805
47.135590922028385,68860,3301,48686.35186336312,64915.13581781749,777.9729281680785,311.1891712672314
43.481627721350485,47937,279,31265.68182117567,41687.57576156756,60.656870671283926,24.262748268513572
79.87716646677971,11636,641,13941.76063511173,18589.014180148974,256.00631852602896,102.4025274104116
40.672318622771606,28641,915,17473.438165122025,23297.917553496034,186.07585769918012,74.43034307967206
93.76815930432082,79183,3481,111372.66237291053,148496.8831638807,1632.0348126917038,652.8139250766816
87.25714766587106,51127,3263,66917.94283069484,89223.92377425979,1423.6003641686864,569.4401456674746
48.609462463751655,34631,2024,25250.914418732755,33667.88589164367,491.92776013316677,196.77110405326673
77.57839610123476,8812,1651,10254.312396661211,13672.416528881615,640.409659815693,256.1638639262772
77.90885866762142,65555,214,76609.72844933883,102146.30459911843,83.36247877435491,33.344991509741966
19.281148195233936,74844,591,21646.17383286133,28861.565110481773,56.97579291691628,22.790317166766513
91.229761601161,5209,850,7128.237422706714,9504.316563608952,387.7264868049342,155.0905947219737
55.472713520307146,49368,1729,41078.65381605785,54771.53842141046,479.5616083830553,191.82464335322211
84.38117194969675,54715,2653,69253.73734841487,92338.31646455315,1119.3162459127275,447.726498365091
38.804464092755055,82603,2307,48080.47721180768,64107.30294907691,447.6094933099295,179.04379732397183
90.59709056465805,29859,884,40577.077907551866,54102.77054340249,400.43914029578855,160.17565611831543
45.02815108607468,85808,699,57956.633825908444,77275.51176787792,157.373388045831,62.94935521833241
10.975388633226853,60212,4010,9912.75150575783,13217.002007677105,220.0565420961984,88.02261683847937
91.48437787773373,26689,3151,36624.39841768253,48832.53122357671,1441.336373463695,576.534549385478
18.21580091075202,30115,1432,8228.532666409455,10971.376888545941,130.42513452098447,52.17005380839379
38.73822738313734,29109,681,16914.465913436172,22552.621217914897,131.90366423958264,52.76146569583306
95.50557703457244,83409,1181,119490.3701231498,159320.49349753305,563.9604323891502,225.5841729556601
95.55464322438004,62146,3736,89075.08286733483,118766.77715644645,1784.9607354314192,713.9842941725677
61.60940993109575,26243,953,24252.236172326186,32336.314896434913,293.56883832167125,117.42753532866851
66.86534909528194,6254,1459,6272.6383986284,8363.517864837866,487.7827216500818,195.11308866003273
50.36009697804878,21904,3747,16546.31346310771,22061.75128414361,943.496416883744,377.3985667534976
36.388969452825805,41788,2549,22809.33383242027,30412.445109893695,463.77741567626487,185.51096627050595
39.57980908329243,64388,3969,38226.9712088255,50969.294945100664,785.4613112579383,314.18452450317534
70.52666104693346,51295,4270,54264.97617603678,72353.30156804904,1505.7442133520294,602.2976853408118
77.7137076493912,20681,2371,24107.95781845589,32143.943757941186,921.2960041835327,368.5184016734131
81.24211393532637,52748,3662,64280.385387908944,85707.18051721192,1487.5431061558259,595.0172424623304
81.06563285150985,30187,3680,36706.923883327916,48942.56517777056,1491.6076444677813,596.6430577871125
18.208549274382133,50030,1763,13664.605802960072,18219.474403946762,160.5083618536785,64.20334474147141
54.49782742323233,33081,2362,27042.639434819226,36056.85257975897,643.6193418683738,257.44773674734955
15.180288401497986,69398,1948,15802.224817307357,21069.633089743144,147.85600903059037,59.14240361223615
59.4575994091362,46267,380,41263.871277937564,55018.49503725009,112.96943887735877,45.18777555094351
49.73774512360393,75404,4958,56256.373999503456,75008.49866600461,1232.9987016141413,493.19948064565654
89.89337644824698,43508,4489,58666.21533765495,78221.6204502066,2017.6568343809035,807.0627337523615
41.58235112968708,39599,1941,24699.292835767184,32932.39044768958,403.5567177136131,161.42268708544526
20.536031478484528,52369,434,16131.771487451344,21509.028649935124,44.563188308311425,17.825275323324572
22.869251384755227,38659,4734,13261.535839248785,17682.047785665047,541.3151802771562,216.5260721108625
78.5359568545725,74419,904,87668.51059740648,116891.34746320863,354.9825249826677,141.9930099930671
65.6396256984635,95417,607,93947.04247905438,125262.72330540583,199.2162639948367,79.68650559793468
19.101040851051124,96447,3072,27633.571304419915,36844.76173922655,293.3919874721453,117.35679498885811
17.569612550349767,48887,2346,12883.884731234237,17178.51297497898,206.09155521560277,82.43662208624112
73.08722183132079,35588,4698,39015.420757995664,52020.56101066089,1716.8188408177255,686.7275363270902
16.548670572777418,74541,1697,18503.316797481024,24671.08906330803,140.4154698100164,56.16618792400656
83.96740533613206,74763,582,94164.82687717862,125553.10250290483,244.3451495281443,97.73805981125773
73.56180044408467,22531,2100,24861.313887085074,33148.41851611343,772.398904662889,308.9595618651556
17.32139025777098,61781,3679,16051.992172730232,21402.656230306977,318.6269737916972,127.45078951667888
17.635394267667273,63583,4282,16819.669105816323,22426.225474421764,377.5737912707563,151.02951650830252
98.7975620651058,49253,4634,72991.14486588983,97321.52648785312,2289.139513048501,915.6558052194005
43.68437161805083,6468,1643,4238.257734383292,5651.010312511055,358.8671128422876,143.54684513691504
43.357793236020186,27524,1527,17900.698515423297,23867.598020564394,331.0367513570141,132.41470054280566
83.15196105317523,45104,4303,56257.29077013623,75009.7210268483,1789.014442059065,715.605776823626
95.25237196454728,83969,2667,119973.69632236607,159964.92842982142,1270.1903801472379,508.07615205889516
98.74009574405838,88752,3658,131450.71466215004,175267.61954953338,1805.9563511588276,722.3825404635311
77.80403667330475,57085,4958,66621.65150243403,88828.86866991204,1928.762069131225,771.50482765249
43.86336269778242,50169,3598,33008.715647775694,44011.620863700926,789.1018949331058,315.64075797324233
17.51506450288019,52426,1547,13773.671574419954,18364.895432559937,135.47902392977826,54.19160957191131
79.94322243346932,81161,3147,97324.07813884204,129765.43751845606,1257.9066049906398,503.16264199625596
60.256382476222456,23498,107,21238.56713139413,28318.089508525507,32.23716462477901,12.894865849911605
48.17998083222786,98493,3225,71180.86278162929,94907.81704217238,776.9021909196744,310.76087636786974
91.57189465852623,50961,4540,69998.92985539732,93331.9064738631,2078.6820087485453,831.4728034994182
20.00777340755362,75997,4742,22807.96133480779,30410.615113077052,474.3843074930964,189.75372299723858
54.336259386177325,82005,3760,66837.67426445207,89116.89901926942,1021.5216764601337,408.60867058405347
11.021828029067716,68677,3167,11354.191253284254,15138.921671045671,174.5306468402873,69.81225873611491
52.17945777947136,65741,4693,51454.9460082034,68606.59467760453,1224.3909767952955,489.7563907181182
15.067294811365361,9178,353,2074.314476680669,2765.7526355742257,26.593775342059864,10.637510136823947
20.693612464126474,25103,4676,7792.076305304503,10389.435073739338,483.81665941127693,193.52666376451077
20.577362209939437,62868,620,19404.864111217088,25873.15214828945,63.78982285081226,25.515929140324904
68.42892719044572,51147,1737,52499.01508514591,69998.68678019455,594.305232649021,237.72209305960843
77.1440391338881,71726,2300,82998.50026375886,110664.66701834515,887.1564500397131,354.86258001588527
62.503188858744366,57760,1864,54152.762827216124,72203.6837696215,582.5297201634975,233.011888065399
96.59552936270877,49886,2618,72281.46866682134,96375.2915557618,1264.435479357858,505.7741917431432
43.73835215713336,2025,2089,1328.5524467729258,1771.4032623639011,456.847088281258,182.7388353125032
35.714087765367466,84076,2334,45040.46464441552,60053.9528592207,416.7834042218383,166.71336168873532
88.17392153705143,26115,4637,34539.92941410147,46053.23921880196,2044.3123708365372,817.724948334615
30.123625466750738,33420,1187,15100.973446482145,20134.631261976192,178.7837171451656,71.51348685806624
96.69002854965501,64981,1101,94245.22117777698,125660.29490370266,532.2786071658509,212.91144286634037
11.09390272208347,90927,4989,15131.029392163256,20174.705856217675,276.7374034023722,110.69496136094888
97.28909440368751,26389,2801,38510.42868328365,51347.2382443782,1362.5337671236437,545.0135068494575
13.884392075551851,3489,1759,726.6396592740061,968.8528790320082,122.11322830447854,48.84529132179142
90.2028802328264,25783,2685,34885.512915644445,46514.01722085926,1210.9736671256944,484.3894668502778
57.49309981776699,13729,791,11839.841510971846,15786.455347962461,227.38520977926845,90.95408391170739
99.36683165073703,61650,3058,91889.47756901907,122519.30342535875,1519.3188559397693,607.7275423759078
16.641690826185897,24926,2115,6222.161783002646,8296.215710670194,175.98588048691587,70.39435219476636
59.846885596118874,26730,3877,23995.60877976386,31994.145039685147,1160.1318772807642,464.0527509123057
97.2372282057189,98862,4986,144196.00282310674,192261.33709747565,2424.1240991685722,969.6496396674289
57.078805975313394,46263,4552,39609.55201253886,52812.736016718474,1299.1136239981329,519.6454495992532
66.64587743217362,98611,2123,98580.24929196108,131440.33238928145,707.445988942523,282.97839557700917
72.61738200861555,66535,3980,72473.96267914854,96631.95023886471,1445.0859019714494,578.0343607885798
50.90869582909959,11753,2001,8974.948531191112,11966.59804158815,509.3415017701414,203.73660070805659
66.48022720756572,28061,1077,27982.524835072527,37310.033113430036,357.99602351274143,143.19840940509658
62.58828807307902,82041,1587,77022.08612705214,102696.11483606952,496.63806585988203,198.65522634395282
91.10422094418901,74237,1021,101449.56075350639,135266.0810046752,465.0870479200849,186.03481916803398
14.090174230731208,33762,2284,7135.686935669206,9514.24924755894,160.9097897149504,64.36391588598016
35.28668706330073,98918,4879,52357.32766391373,69809.77021855164,860.8187309092214,344.3274923636886
95.53703356689029,56546,1824,81033.55650110067,108044.74200146756,871.2977461300394,348.5190984520158
90.12374055018248,21388,2436,28913.498443309538,38551.33125774605,1097.7071599012224,439.082863960489
51.009107750714165,95181,4412,72826.46827231089,97101.95769641451,1125.2609169807545,450.1043667923018
65.8119338021383,36977,4884,36502.91814302502,48670.55752403336,1607.1274234482173,642.850969379287
34.96430646830194,15413,2561,8083.572833939067,10778.097111918756,447.71794432660636,179.08717773064257
26.930904375138518,80985,3667,32714.989362308897,43619.98581641186,493.7781317181648,197.51125268726594
51.7328564445984,72815,17,56503.91913020148,75338.55884026864,4.397292797790864,1.7589171191163455
41.80170052234475,10426,2565,6537.367944689497,8716.490592919328,536.1068091990714,214.44272367962859
62.529050066578485,1660,485,1556.973346657804,2075.9644622104056,151.63294641145282,60.65317856458113
16.996117326848633,79248,2221,20203.624588771505,26938.16611836201,188.74188291465407,75.49675316586163
97.69553268995499,83286,494,122050.05203423387,162733.40271231183,241.30796574418883,96.52318629767554
98.75896700316426,26845,4664,39767.76703799917,53023.68938399889,2303.0591105137905,921.2236442055163
72.83455426177707,31990,2295,34949.66086251373,46599.54781668497,835.7765101538919,334.3106040615568
58.24867297097084,20122,4573,17581.19696282813,23441.595950437506,1331.8559074812483,532.7423629924994
37.8574854657695,52679,3535,29914.417152769074,39885.88953702543,669.131055607476,267.65242224299044
83.24155177362537,70416,3349,87923.05664537408,117230.74219383209,1393.879784449357,557.5519137797428
71.62580552984913,83947,2832,90191.57245221367,120255.4299362849,1014.2214063026637,405.6885625210655
24.63552454104022,28480,4953,10524.296083932382,14032.394778576509,610.098765258861,244.03950610354443
91.98344660444582,2456,2934,3388.670172907784,4518.226897210378,1349.3971616872202,539.7588646748881
84.0283518630852,70426,268,88766.71062464458,118355.61416619277,112.59799149653418,45.03919659861367
95.48199219627317,92547,292,132548.57897682738,176731.43863576985,139.40370860655884,55.761483442623536
75.3147557549524,89999,1908,101673.7905478494,135565.0540637992,718.5027699022459,287.40110796089834
65.20736763422109,20149,4145,19707.948756928807,26277.26500923841,1351.422694219232,540.5690776876928
47.6418732661557,75817,2986,54180.9585813019,72241.27810840253,711.2931678637046,284.51726714548187
93.94556350186119,16182,2277,22803.406628806762,30404.542171742352,1069.5702404686897,427.8280961874759
87.94575005503675,761,3210,1003.9007368782445,1338.5343158376593,1411.52928838334,564.611715353336
14.069680309557047,37512,622,7916.727716581559,10555.63695544208,43.75670576272242,17.502682305088967
12.37302770475268,3020,697,560.4981550252963,747.3308733670618,43.12000155106309,17.248000620425238
43.881703019024464,91294,3700,60092.04293128229,80122.72390837639,811.8115058519526,324.7246023407811
82.94979977036496,60415,622,75171.18229689899,100228.24306253198,257.97387728583504,103.18955091433402
98.854851638345,79661,2317,118123.14504543302,157497.52672724403,1145.2334562302267,458.0933824920907
23.537520199317537,9046,3023,3193.8061158453966,4258.408154460529,355.7696178126846,142.30784712507383
63.47176438169216,94342,1791,89820.79792946404,119761.06390595205,568.3896500380533,227.35586001522134
44.28017709679194,45600,2601,30287.64113420569,40383.52151227425,575.8637031437792,230.34548125751166
97.29229580331429,16409,2706,23947.03922754876,31929.385636731684,1316.3647622188423,526.545904887537
85.79070308221378,55330,3968,71201.99402308333,94935.99203077776,1702.0875491511215,680.8350196604487
85.44958342400241,98756,584,126579.88590931174,168773.18121241566,249.51278359808705,99.80511343923483
52.18238438154732,30127,1920,23581.48041394314,31441.97388525752,500.9508900628543,200.38035602514174
47.33375521038987,72641,3614,51575.56968356896,68767.42624475861,855.3209566517448,342.128382660698
34.60663647376356,59421,679,30845.414188612565,41127.21891815009,117.48953082842728,46.995812331370914
15.073794698583441,1056,4374,238.7689080255617,318.3585440340823,329.6638900580199,131.86555602320797
87.82501386295479,74231,1293,97790.07906091496,130386.77208121994,567.7887146240028,227.1154858496011
83.16109082170698,48008,933,59885.96472252762,79847.95296337016,387.94648868326306,155.17859547330522
99.97459059575175,78439,1135,117628.60367610256,156838.13823480342,567.3558016308912,226.94232065235647
99.69731533665149,26063,1539,38976.166944287215,51968.222592382954,767.1708415155332,306.8683366062133
59.988853504236474,39543,1604,35582.088511770344,47442.784682360456,481.1106051039765,192.44424204159063
79.20886736624594,99359,256,118051.70778964245,157402.2770528566,101.3873502287948,40.55494009151792
95.02891568941853,39163,3721,55824.261377170464,74432.34850289395,1768.0129764016317,707.2051905606527
86.46826516096704,80918,1570,104952.58620442697,139936.78160590262,678.7758815135912,271.5103526054365
32.26132915688779,4803,2410,2324.2674591079813,3099.0232788106414,388.74901634049786,155.49960653619917
50.54897217790842,65228,2253,49458.12535830915,65944.1671444122,569.4341715841383,227.77366863365535
21.62434736363455,72199,3874,23418.843829605765,31225.12510614102,418.8636084336012,167.5454433734405
95.86459245328501,25949,1949,37313.85464355439,49751.806191405856,934.2004534572625,373.680181382905
64.5557171005792,31960,3079,30948.01077801767,41264.01437069022,993.8352647634168,397.53410590536674
30.577852495311646,31685,236,14532.888844709243,19377.18512627899,36.081865944467744,14.432746377787097
70.4530615965271,22115,3557,23371.041858107958,31161.38914414394,1253.0077004942348,501.2030801976939
65.63154164121062,77639,274,76433.50892222927,101911.34522963903,89.91521204845856,35.966084819383425
42.23464462295564,43685,1405,27675.306755307254,36900.40900707634,296.6983784762634,118.67935139050536
20.220183297966614,27058,3567,8206.76579514571,10942.354393527612,360.62696911923456,144.25078764769384
70.44158760335196,26117,655,27595.84415155115,36794.458868734866,230.6961994009777,92.27847976039108
56.827693081341394,76807,3000,65471.46933747882,87295.29244997176,852.4153962201209,340.9661584880484
79.50865525620753,45450,1909,54205.02572091948,72273.36762789264,758.9101144205008,303.56404576820034
56.814715100079404,12301,2514,10483.16715669115,13977.556208921535,714.1609688079981,285.66438752319925
86.69633502866861,29526,2782,38396.939820847045,51195.91976112939,1205.9460202487803,482.37840809951217
59.6716154897037,17878,1164,16002.13712587384,21336.182834498453,347.2888021500755,138.91552086003023
60.484417438184764,45341,597,41136.35956597103,54848.47942129471,180.54598605298153,72.21839442119261
88.89882423925106,42329,4581,56444.97496834887,75259.96662446516,2036.2275692000453,814.4910276800182
46.31345795911573,86752,1831,60266.77657303812,80355.70209738416,423.9997076157045,169.5998830462818
22.061370560557666,48464,995,16037.733942703002,21383.645256937336,109.75531853877439,43.90212741550976
12.590440868200508,98933,4089,18684.151296205215,24912.20172827362,257.4115635503594,102.96462542014376
77.9623530106257,84978,3358,99376.27251205426,132501.696682739,1308.9879070484055,523.5951628193623
65.82785962181183,57156,3841,56436.85716816415,75249.14289088553,1264.224044036896,505.6896176147584
73.36717912893012,27590,1251,30363.007082507727,40484.00944334364,458.91170545145786,183.56468218058316
29.166774535801967,20075,199,8782.844982093366,11710.459976124488,29.020940663122953,11.608376265249182
22.27343280280928,26823,990,8961.6043210463,11948.805761395066,110.25349237390593,44.10139694956237
11.309019910109374,23379,1708,3965.903647176706,5287.871529568941,96.57903003233405,38.63161201293362
41.55288029259373,78401,1725,48866.81051729461,65155.747356392814,358.3935925236209,143.35743700944838
63.09259181691698,11661,2603,11035.840697656033,14714.454263541376,821.1500824971745,328.4600329988698
45.30196405897591,66161,4146,44958.348661588585,59944.46488211811,939.1097149425707,375.6438859770283
49.37274298213561,88497,4443,65540.09453535083,87386.79271380111,1096.8154853481426,438.7261941392571
91.37428250443736,49253,1108,67506.8630428658,90009.15072382108,506.213525074583,202.48541002983322
41.34299203209703,33242,2336,20614.856116964544,27486.47482261939,482.8861469348933,193.15445877395734
56.25905402438297,27016,3257,22798.419052840956,30397.892070454607,916.1786947870767,366.4714779148307
80.52877114670288,64424,905,77819.7832853278,103759.71104710373,364.39268943883053,145.75707577553223
45.68885040891431,45065,1684,30884.520655165852,41179.36087355447,384.7001204430585,153.88004817722341
65.98780302050861,4748,2919,4699.651331120624,6266.2017748274975,963.0919850843231,385.23679403372927
87.61273378720706,35233,940,46302.89174286999,61737.18899049333,411.7798487998732,164.71193951994928
95.45685612918778,50777,4394,72705.19175507652,96940.25567343536,2097.1871291582556,838.8748516633023
23.236613283613416,96159,733,33516.142451084736,44688.18993477965,85.16218768444317,34.064875073777266
93.3928862645345,94688,2950,132647.78421924362,176863.71229232484,1377.5450724018838,551.0180289607536
54.29046637715844,98417,1099,80146.57244161204,106862.09658881604,298.32611274248563,119.33044509699425
33.24199494690625,70235,4588,35021.272726439405,46695.03030191921,762.5713640820294,305.02854563281176
51.322218061443515,35146,945,27056.560139812405,36075.413519749876,242.4974803403206,96.99899213612825
98.20293177569293,47164,2305,69474.64611403173,92632.86148537563,1131.788788714861,452.7155154859445
54.33562845935826,69450,165,56604.14094753648,75472.18793004863,44.82689347897057,17.930757391588227
39.587644925875736,45993,1080,27311.31829613704,36415.091061516054,213.773282599729,85.5093130398916
67.00607688850532,61372,1968,61684.45426202023,82245.93901602697,659.3397965828923,263.7359186331569
31.613105690037376,92252,2511,43745.58339175992,58327.44452234656,396.90254193841923,158.7610167753677
16.827699529779753,67749,4229,17100.89723164573,22801.19630886097,355.82170655719284,142.32868262287715
21.59917497195843,64774,3840,20985.974394504527,27981.299192672705,414.7041594616018,165.88166378464075
21.524125506199518,13860,864,4474.86569273888,5966.487590318507,92.98422218678192,37.19368887471277
23.67124241610649,22027,649,7821.0968504936645,10428.129133991553,76.81318164026557,30.725272656106227
22.49444553844691,86575,2248,29211.84933736562,38949.13244982083,252.83756785214328,101.13502714085732
67.67872703228932,61467,1612,62400.12471740592,83200.16628987456,545.490539880252,218.1962159521008
26.369207595923033,98055,451,38784.48976227349,51712.65301636466,59.46256312880644,23.785025251522576
41.11005549914769,12688,4638,7824.065762597789,10432.087683463718,953.3421870252349,381.336874810094
90.71095689154106,52333,1346,71207.64760507527,94943.53014010037,610.4847398800713,244.19389595202853
52.65654762365851,44838,3710,35415.214235244006,47220.28564699201,976.7789584188654,390.71158336754615
70.08019646689245,33497,958,35212.145115772444,46949.526821029925,335.6841410764148,134.27365643056592
25.508788408146685,82289,3383,31486.390339769743,41981.85378635966,431.4811559238012,172.5924623695205
27.30601169278037,76467,469,31320.131941677544,41760.175922236725,64.03259741956997,25.61303896782799
13.678175463983099,71360,4656,14641.11901664751,19521.49202219668,318.42792480152656,127.37116992061063
25.204155676494807,76719,402,29004.564290175076,38672.7523869001,50.66035290975456,20.264141163901826
35.073130512876276,19916,3948,10477.747009416658,13970.329345888878,692.3435963241777,276.9374385296711
25.93094358490721,42340,1797,16468.74227077457,21958.32302769943,232.9895281103913,93.19581124415652
17.983228038135003,6376,4950,1719.9159295672316,2293.2212394229755,445.0848939438413,178.0339575775365
20.857228399054073,79630,2267,24912.916461250134,33217.221948333514,236.4166839032779,94.56667356131118
51.47008912294532,23599,1148,18219.639498185796,24292.85266424773,295.4383115657061,118.17532462628245
28.570034656521326,88676,3818,38002.14589802527,50669.5278640337,545.4019615929922,218.16078463719688
42.78428749432679,82595,4751,53006.52338390882,70675.36451187842,1016.3407494277329,406.5362997710932
55.30755437693712,71735,2464,59512.31119844377,79349.74826459169,681.3890699238653,272.55562796954615
72.13553457664287,85212,1476,92202.19758517337,122936.26344689784,532.3602451756244,212.94409807024977
13.538092585698905,36046,3684,7319.911280161541,9759.881706882055,249.37166542857383,99.74866617142953
81.94693590181384,55304,1387,67979.9001467087,90639.86686227826,568.302000479079,227.3208001916316
66.51103505418169,51986,2607,51864.64002490034,69152.85336653379,866.9713419312583,346.78853677250333
17.35831287539847,71752,151,18682.404981533866,24909.873308711823,13.105526220925846,5.242210488370339
88.62207616960995,15663,2669,20821.31368566901,27761.751580892014,1182.6616064834448,473.0646425933779
92.87851604786319,92424,4606,128763.05950811562,171684.07934415416,2138.9922245822895,855.5968898329158
15.497016386937737,92564,849,21516.98737260757,28689.316496810094,65.7848345625507,26.313933825020282
34.918988333248336,9947,3628,5210.087654262317,6946.783539016424,633.4304483651248,253.37217934604993
82.55811518137551,26255,3927,32513.449711305213,43351.26628174028,1621.0285915863083,648.4114366345234
77.34337213452925,79771,605,92546.37207815298,123395.16277087065,233.96370070695096,93.5854802827804
26.60689174207396,83410,1914,33289.21260309583,44385.61680412778,254.62795397164777,101.85118158865912
28.841439100303926,67378,290,29149.177255504175,38865.569674005565,41.82008669544069,16.72803467817628
43.34248925122438,18409,433,11968.378269386843,15957.837692515792,93.83648922890079,37.53459569156032
53.60706866719192,719,4375,578.1522355756648,770.8696474342197,1172.6546270948231,469.0618508379293
65.64292943772664,83294,4259,82014.93246879004,109353.24329172005,1397.8661823763887,559.1464729505554
43.202227561279514,50208,1760,32536.461620950828,43381.94882793444,380.17960253925975,152.0718410157039
51.62812445198331,34807,4767,26955.30191700275,35940.40255600367,1230.5563463130222,492.2225385252089
77.2723844320381,20437,1977,23688.23580956344,31584.314412751253,763.8375201106966,305.53500804427864
13.30148826015381,81637,4098,16288.403956412649,21717.87194188353,272.54749445055154,109.01899778022062
32.719324990961866,66604,4188,32688.568825470364,43584.75843396049,685.1426653107416,274.0570661242966
74.20146272960972,47714,2956,53106.72889020897,70808.97185361196,1096.6976191436315,438.67904765745266
90.56861539184794,91528,1459,124343.46344377588,165791.28459170117,660.6980492835307,264.2792197134123
56.05096979040995,91255,2341,76723.9687233579,102298.6249644772,656.0766013967485,262.4306405586994
57.89021367387841,381,2230,330.8425711462151,441.1234281949535,645.4758824637443,258.1903529854977
19.645481020579844,27520,3799,8109.654565295359,10812.872753727146,373.16591198591414,149.26636479436567
50.26711301411092,80996,2820,61071.52628536392,81428.70171381856,708.7662934989639,283.50651739958556
57.935553980952086,39130,4738,34005.27340911982,45340.364545493096,1372.4932738087548,548.9973095235019
31.82234532712567,1158,1541,552.7541383321729,737.0055177762306,245.1911707455033,98.07646829820133
34.231890785444286,86313,4892,44319.85784046078,59093.14378728105,837.3120486119673,334.9248194447869
43.95557467941604,76360,3000,50346.71523780313,67128.95365040418,659.3336201912406,263.73344807649624
11.806407799995373,28504,4503,5047.947718966022,6730.596958621362,265.82127161689584,106.32850864675834
38.987124902486045,29956,1153,17518.47470368308,23357.96627157744,224.76077506283204,89.90431002513282
29.03032062968902,9300,943,4049.7297278416186,5399.639637122158,136.87796176898374,54.751184707593495
39.47476169601232,64278,1470,38060.3809844442,50747.1746459256,290.13949846569056,116.05579938627623
20.778591863732608,34097,2733,10627.31470166536,14169.752935553814,283.9394578179061,113.57578312716244
90.14745526659054,25711,2522,34766.71833538964,46355.62444718619,1136.7594109117067,454.7037643646827
63.42332081986438,41335,295,39324.04449133641,52432.05932178188,93.54939820929997,37.41975928371999
71.11920872300406,35157,274,37505.07031611981,50006.76042149308,97.43331595051558,38.97332638020623
81.02541147466044,1339,2377,1627.395389468555,2169.860519291407,962.9870153763394,385.1948061505358
54.85979790361515,65761,3457,54114.527549094535,72152.70339879271,948.2516067639879,379.3006427055952
17.82282592786813,45372,4926,12129.858869988491,16173.145159984655,438.97620260339204,175.59048104135684
58.3395887636693,89493,1772,78314.77225840584,104419.69634454112,516.8887564461099,206.75550257844398
62.815700621879124,61312,3058,57770.34354792979,77027.12473057305,960.4520625085318,384.18082500341274
77.0895526765897,15498,2391,17921.008310726807,23894.677747635742,921.6056022486299,368.64224089945196
48.84935916067114,56603,2279,41475.30414857203,55300.40553142937,556.6384476358477,222.65537905433908
21.48222725160074,6738,50,2171.208708319287,2894.9449444257157,5.370556812900185,2.1482227251600743
35.539831521885205,6670,77,3555.7601437646144,4741.013525019486,13.682835135925805,5.473134054370322
42.67740667587716,68885,997,44097.49738301698,58796.663177355964,212.74687227924764,85.09874891169906
68.13255171984412,9210,4018,9412.512020096463,12550.016026795285,1368.7829640516682,547.5131856206673
61.37004742020207,79241,3208,72945.35891436347,97260.47855248464,984.3755606200411,393.7502242480165
42.048705330806165,12215,4800,7704.37403423696,10272.498712315946,1009.1689279393479,403.66757117573917
98.78637239136818,39162,2534,58030.0787338614,77373.4383118152,1251.6233381986347,500.6493352794539
64.51973374211985,23011,1095,22269.9538970988,29693.2718627984,353.2455422381062,141.2982168952425
31.350411256239504,32656,2489,15356.685449756358,20475.580599675144,390.1558680839006,156.06234723356025
19.160422535836336,78231,1703,22484.085231015186,29978.780308020247,163.1509978926464,65.26039915705856
23.75732252658988,2069,2325,737.308504612717,983.0780061502893,276.1788743716074,110.47154974864296
32.136195554605735,43853,788,21139.02875484188,28185.371673122507,126.6166104851466,50.64664419405864
24.46132359336001,82911,4599,30421.692006736077,40562.256008981436,562.4881360293134,224.99525441172537
26.79103216461752,4570,1595,1836.5252548845308,2448.700339846041,213.6584815128247,85.46339260512988
35.65856518244624,10325,1502,5522.620282631361,7363.493710175148,267.79582452017127,107.11832980806851
25.603623576527934,23296,670,8946.930222581921,11929.240296775895,85.77213898136858,34.30885559254744
90.70888821637827,13769,1358,18734.56022776969,24979.41363702625,615.9133509892084,246.36534039568338
17.2210371095478,37480,1309,9681.667062987774,12908.889417317032,112.71168788199036,45.084675152796144
57.20602506132292,48420,3950,41548.73600203884,55398.314669385116,1129.8189949611276,451.92759798445104
46.935714429069535,47514,1996,33451.55303074214,44602.070707656196,468.41843000211395,187.3673720008456
98.41407552177458,15677,2054,23142.5619293229,30856.7492390972,1010.7125556086249,404.28502224345
20.08350119512471,88109,3526,26543.058102018647,35390.74413602486,354.0721260700487,141.6288504280195
45.80700391411675,55509,1068,38140.5147040306,50854.01960537413,244.60940090138345,97.84376036055339
97.2523389947832,28725,986,41903.60156437721,55871.46875250295,479.4540312442812,191.7816124977125
87.89564133045822,81140,4587,106977.78506330069,142637.0467510676,2015.8865339140593,806.3546135656238
83.5364863854352,24189,737,30309.961037659377,40413.28138354584,307.8319523303287,123.13278093213148
33.211254434044584,36587,2537,18226.50248967584,24302.003319567786,421.28476249585555,168.51390499834224
25.379882865105923,65938,3146,25102.48074539032,33469.97432718709,399.22555746811616,159.69022298724647
70.17788979319879,97099,352,102213.04381544713,136284.05842059618,123.51308603602988,49.40523441441195
93.64383902148272,94895,1457,133294.98155915405,177726.64207887207,682.1953672715016,272.8781469086006
60.10866037125368,50238,2389,45296.083195965635,60394.77759462084,717.9979481346252,287.1991792538501
61.44514205229099,42923,3669,39561.1474846573,52748.196646209726,1127.2111309492782,450.8844523797113
35.19811842942558,37308,536,19697.571035475143,26263.42804730019,94.33095739086055,37.73238295634422
79.25436398727432,54161,1906,64387.43411872146,85849.91215829528,755.2940887987241,302.1176355194897
26.833937370177104,30759,4764,12380.776193539163,16507.70159138555,639.1843881576186,255.67375526304747
39.131131276381936,31990,2083,18777.07334297187,25036.097790629163,407.55073224351787,163.02029289740716
48.28927947547751,79234,4925,57392.29154939977,76523.0553991997,1189.1235070836337,475.6494028334535
55.68493408160095,47155,415,39387.34599926839,52516.46133235785,115.54623821932196,46.218495287728786
31.816875917357223,19608,1583,9357.979544813106,12477.306059750808,251.83057288588242,100.73222915435298
20.335314226528318,42387,4610,12929.294461797837,17239.059282397116,468.7289929214777,187.49159716859108
64.95580381974693,79016,3750,76988.21691931687,102650.95589242248,1217.9213216202552,487.1685286481021
35.97674979162302,27084,4284,14615.914370344766,19487.885827126356,770.621980536565,308.24879221462606
62.31143992803511,8225,4237,7687.67390112133,10250.231868161774,1320.0678548754238,528.0271419501695
23.892644374678206,36159,1856,12959.01191915984,17278.682558879787,221.72373979701376,88.6894959188055
53.30260916693357,69669,1488,55703.092170766424,74270.7895610219,396.57141220198577,158.62856488079433
57.93304892964273,17187,2405,14935.429679306542,19913.90623907539,696.6449133789538,278.65796535158154
14.664118314018422,5804,781,1276.658140418444,1702.2108538912587,57.26338201624194,22.90535280649678
40.294385037452855,60676,588,36673.53159798734,48898.04213064979,118.4654920101114,47.386196804044566
22.09732092450768,73484,2911,24356.992962247838,32475.990616330448,321.6265060562093,128.65060242248373
15.703747342549097,87228,203,20547.097097938087,27396.129463917452,15.939303552687333,6.375721421074934
99.09642091509507,72560,2017,107856.54452398946,143808.72603198595,999.3874049287338,399.7549619714935
39.01184604772507,27308,1195,15980.032378069143,21306.709837425526,233.09578013515733,93.23831205406293
82.88870012691714,85250,2404,105993.92528729531,141325.23371639373,996.3221755255441,398.5288702102177
32.917658928738746,66124,3008,32649.709185058815,43532.94558007842,495.08159028823076,198.03263611529232
71.33524500015363,39982,1802,42781.886483942144,57042.515311922856,642.7305574513842,257.0922229805537
78.42050739007179,26023,1120,30611.052957177577,40814.73727623677,439.15484138440206,175.66193655376082
63.60748665470599,29265,4015,27922.096454249564,37229.46193899942,1276.9202945932227,510.7681178372891
52.441856969514255,67303,2271,52942.41449428827,70589.88599238436,595.4772858888343,238.19091435553375
47.06568227325417,91849,3746,64844.03776674183,86458.71702232244,881.5402289780505,352.61609159122025
41.39814398886958,4214,3803,2616.776681536446,3489.035575381928,787.185707948355,314.874283179342
93.65762298230433,65065,1946,91407.49859015447,121876.66478687263,911.2886716178211,364.5154686471285
84.75574670089563,36421,4885,46303.33575889979,61737.78101186639,2070.159113169376,828.0636452677504
96.85242195998613,73397,4367,106630.15821895655,142173.54429194206,2114.772633496297,845.909053398519
21.186750113699027,96752,739,30747.90670500912,40997.20894001216,78.2850416701179,31.314016668047163
75.77807276832799,99404,4388,112989.65318194313,150652.8709092575,1662.570916537116,665.0283666148465
94.45064111389341,25526,3461,36164.205976098645,48218.94130146486,1634.4683444759255,653.7873377903702
26.310975954909413,17872,4467,7053.446433992115,9404.59524532282,587.6556479529016,235.06225918116067
15.984664063009975,3812,4546,914.0030911229103,1218.6707881638804,363.3314141522167,145.3325656608867
76.70085843610532,1467,2150,1687.8023898864976,2250.40318651533,824.5342281881323,329.81369127525295
61.70258018619207,91836,1654,84997.77230968702,113330.36307958269,510.2803381398084,204.11213525592336
85.76458990824449,52024,2810,66927.25538079767,89236.34050773023,1204.992488210835,481.99699528433405
22.579513896366056,3826,4972,1295.8383025124479,1727.7844033499305,561.3267154636601,224.53068618546405
81.57405806739011,89252,151,109209.71745946053,145612.95661261404,61.58841384087953,24.635365536351813
28.14645880429701,27823,1465,11746.783849679336,15662.378466239114,206.1728107414756,82.46912429659024
24.729034857913405,9208,4806,3415.5742945749994,4554.0990594333325,594.2387076356591,237.69548305426366
24.783921813789362,77814,2106,28928.041380273084,38570.72184036411,260.97469669920196,104.38987867968079
83.3117248208244,35743,1335,44667.164704060895,59556.219605414524,556.1057631790028,222.44230527160113
69.867749862658,31424,4986,32932.86257526248,43910.4834336833,1741.803004076064,696.7212016304256
57.07588822922074,83460,1223,71453.30447416144,95271.07263221526,349.01905652168483,139.60762260867395
42.29474357111523,9027,1169,5726.919753246857,7635.893004329143,247.21277617316852,98.88511046926742
88.94804867317974,93780,4660,125123.22006856193,166830.9600914159,2072.489534085088,828.9958136340352
45.32005966803718,96646,4509,65700.03730015682,87600.04973354243,1021.7407452158983,408.6962980863593
83.49394955244193,22543,4997,28233.06157141048,37644.08209521397,2086.0963295677616,834.4385318271047
49.52214177131966,80073,4707,59480.796870823186,79307.72916109758,1165.5036065880083,466.20144263520336
43.92499864824168,63549,350,41870.84608645666,55827.79478194221,76.86874763442295,30.74749905376918
51.64118071026458,76843,3838,59523.94873978292,79365.26498637722,990.9942578299773,396.39770313199097
37.12400867477279,60333,1978,33597.042230626,44796.056307501334,367.1564457935029,146.86257831740116
77.2848442158626,25637,713,29720.273267431043,39627.03102324139,275.5204696295502,110.20818785182007
55.24483510832312,77676,4423,64367.967178111605,85823.95623748214,1221.7395284205659,488.6958113682264
30.89914256321356,22712,2439,10526.719888435597,14035.626517914128,376.8150435583894,150.72601742335576
90.96171159471116,94077,1810,128361.07412543462,171148.09883391284,823.203489932136,329.2813959728544
44.55020992358903,6571,4922,4391.091441118553,5854.7885881580705,1096.3806662195261,438.55226648781047
58.919757500258974,35731,4658,31578.9278286263,42105.23710483507,1372.2411521810316,548.8964608724126
91.58248998680922,92159,865,126602.26042041526,168803.01389388702,396.09426919294987,158.43770767717996
66.18141963225929,31448,1822,31219.099268929356,41625.46569190581,602.9127328498822,241.1650931399529
20.520823663752765,64832,2876,19956.09059652629,26608.120795368388,295.0894442847648,118.03577771390593
94.58489112521276,1277,3652,1811.7735895034507,2415.6981193379343,1727.1201119463851,690.8480447785541
66.4937247764276,4860,192,4847.392536201572,6463.190048268762,63.8339757853705,25.5335903141482
40.14150531913775,32879,3122,19797.18830081895,26396.2510677586,626.6088980317403,250.64355921269612
22.53448653970485,21736,4502,7347.14399140537,9796.191988540493,507.2512920087562,202.90051680350248
81.46226703432664,81989,1527,100185.1471781611,133580.19623754814,621.9644088070839,248.78576352283358
65.80654803356622,53651,1366,52958.80662823291,70611.74217097722,449.45872306925725,179.78348922770292
58.01149827786894,11656,2184,10142.730358902603,13523.640478536805,633.4855611943287,253.3942244777315
90.45033247458619,27698,3639,37579.39963321633,50105.86617762177,1645.7437993750957,658.2975197500383
80.97374901020777,11663,3638,14165.9525205908,18887.936694121065,1472.9124944956793,589.1649977982718
23.650739175947606,46919,4106,16645.035470944287,22193.380627925715,485.54967528220436,194.21987011288175
38.05498610159934,73870,3249,42166.82734987715,56222.43646650287,618.2032492204813,247.28129968819255
32.36402258330192,91155,3701,44252.13717871329,59002.84957161772,598.896237904002,239.5584951616008
76.95516633154092,27066,28,31243.0279789423,41657.37063858973,10.773723286415729,4.309489314566291
13.017919126220145,81809,3413,15974.744186954158,21299.65891593888,222.15078988894678,88.86031595557871
61.29007163841849,59989,4689,55150.9516127563,73534.60215034173,1436.9457295627215,574.7782918250886
78.62128171666215,27087,4561,31944.219867888416,42592.293157184555,1792.9583295484804,717.1833318193922
88.90890730855745,78814,3014,105108.9993092497,140145.33241233294,1339.8572331399607,535.9428932559844
40.78735738443167,58448,1142,35759.09196607894,47678.78928810525,232.89581066510485,93.15832426604194
83.91315742048116,24696,3349,31084.79003484304,41446.386713124055,1405.125821005957,562.0503284023829
19.95685632596865,33274,3321,9960.666560854213,13280.888747805619,331.3835992927095,132.55343971708382
86.18070625610663,64206,3382,82999.77638819374,110666.36851759165,1457.3157427907631,582.9262971163052
21.47397960987842,70067,997,22569.25993988027,30092.346586507025,107.04778835524391,42.81911534209757
45.755856150433054,59282,3331,40687.47996464959,54249.97328619945,762.0637841854625,304.825513674185
81.75658292015983,93400,4625,114540.97267114391,152721.29689485856,1890.620980028696,756.2483920114785
23.492568461389638,87263,4964,30750.480024693657,41000.64003292488,583.0855492116908,233.23421968467633
30.632625570937734,39410,183,18108.476606259843,24144.63547501312,28.028852397408027,11.211540958963212
75.00273115537597,56188,3751,63213.80187237398,84285.0691631653,1406.6762228190762,562.6704891276305
74.80328828914669,9006,3062,10105.176214980827,13473.568286641103,1145.2383437068358,458.09533748273435
67.70328695967676,37014,736,37589.54195288213,50119.389270509506,249.14809601161045,99.65923840464419
72.455360002039,45479,3770,49427.95976299097,65903.94635065463,1365.7835360384352,546.313414415374
58.84519990128366,78712,1885,69477.35061944758,92636.46749259677,554.6160090695984,221.84640362783935
32.66191530162575,37750,4043,18494.809539545582,24659.74605272744,660.2606178223646,264.1042471289458
41.112639415352746,46981,999,28972.69368559031,38630.25824745375,205.35763387968697,82.1430535518748
26.34379451212831,46513,3754,18379.933712139362,24506.578282852483,494.4730229926484,197.78920919705936
91.76055052002656,6112,2696,8412.607271676034,11216.809695568045,1236.9322210099579,494.7728884039832
62.50526152895084,50215,429,47080.525615144,62774.034153525325,134.07378597959956,53.62951439183983
46.07662750872759,7251,603,5011.524390986757,6682.032521315676,138.92103193881368,55.56841277552547
51.58052232797194,57816,1784,44732.69218371039,59643.58957828052,460.0982591655098,184.03930366620392
95.25550056506339,93847,2469,134091.64442294257,178788.85923059008,1175.9291544757075,470.37166179028304
23.801626280447216,92753,945,33115.08363585481,44153.444847806415,112.4626841751131,44.98507367004524
62.76068488151175,36478,3818,34340.76394661678,45787.68526215571,1198.1014743880594,479.24058975522377
55.52998109960194,42752,341,35610.26627955273,47480.35503940364,94.67861777482132,37.87144710992853
65.0308811891183,72530,3459,70750.34718970126,94333.79625293502,1124.7090901658012,449.8836360663205
11.629916543875646,13567,2712,2366.7461662614132,3155.661555015218,157.70166833495375,63.0806673339815
88.49115180497364,31110,4016,41294.39598979095,55059.194653054605,1776.9023282438707,710.7609312975483
93.89064542352511,54791,3878,77165.43530100546,102887.24706800729,1820.5396147621518,728.2158459048608
60.861986523028804,64257,4210,58662.13002015392,78216.17336020523,1281.1448163097562,512.4579265239025
72.6985741489203,12389,211,13509.939526964605,18013.252702619473,76.69699572711092,30.67879829084437
93.02494430595661,45076,2507,62897.8858430295,83863.847790706,1166.0676768751662,466.4270707500665
73.65147708820587,43696,1852,48274.12414269365,64365.49885692487,682.0126778367863,272.8050711347145
23.72851386228352,23271,1876,8282.793691337996,11043.724921783996,222.57346002821942,89.02938401128777
61.86595241501318,86465,2006,80238.59363346171,106984.7915112823,620.5155027225823,248.2062010890329
64.60435417445703,99690,919,96606.12101477431,128808.16135303241,296.85700743163005,118.74280297265203
48.17176041721474,44239,4315,31966.057636457444,42621.41018194326,1039.305731001408,415.7222924005632
76.27998120622506,48813,4668,55851.82083929195,74469.09445238927,1780.3747613532928,712.1499045413171
94.09303132921134,29834,3199,42107.57245013537,56143.42993351382,1505.0180361107355,602.0072144442942
93.30116616160987,72688,780,101728.12748932646,135637.50331910196,363.8745480302785,145.5498192121114
50.57554342637189,63746,3165,48359.82886886253,64479.77182515004,800.357974722335,320.14318988893405
20.19142412566797,3754,2511,1136.9790925163634,1515.9721233551513,253.5033298977614,101.40133195910457
98.63570790661011,89122,2724,131859.17340079357,175812.2312010581,1343.4183416880296,537.3673366752118
85.50082778013407,18843,4734,24166.38146791599,32221.841957221324,2023.8045935557734,809.5218374223094
21.219641308294015,48468,3595,15427.103623955914,20569.471498607887,381.4230525165849,152.56922100663397
92.87576943556351,90125,1638,125556.43080570243,167408.57440760324,760.6525516772651,304.2610206709061
88.29067258559155,74272,396,98362.87251415584,131150.49668554112,174.8155317194713,69.92621268778852
56.69542514134649,6541,3431,5562.671637743211,7416.895516990948,972.610018299799,389.0440073199196
63.21478921704363,24711,4018,23431.50984513548,31242.013126847305,1269.9851153704067,507.9940461481627
45.910243348311724,12249,4103,8435.318561602055,11247.091415469406,941.848642290615,376.739456916246
14.928547493982819,59289,4373,13276.47978556121,17701.973047414947,326.41269095593435,130.56507638237375
40.16775174813108,21775,2476,13119.791914733314,17493.055886311085,497.27676664186276,198.9107066567451
82.25681037382103,71131,2292,87765.13768050395,117020.18357400526,942.663046883989,377.0652187535956
10.416882070414257,42768,1866,6682.638185812155,8910.18424774954,97.18950971696502,38.87580388678601
40.014925452202974,13773,2008,8266.883523797875,11022.511365063832,401.7498515401179,160.69994061604717
45.8351824231849,76766,1246,52778.75420847317,70371.67227796423,285.55318649644187,114.22127459857676
58.36560426441306,88304,4679,77308.74478447097,103078.32637929462,1365.4633117659437,546.1853247063775
92.78700547714844,80858,4154,112538.57533306903,150051.43377742538,1927.1861037603733,770.8744415041493
41.17113949293651,65529,1160,40468.55399748955,53958.07199665273,238.79260905903175,95.51704362361271
41.22578817066049,23769,4328,14698.436385426441,19597.915180568587,892.126056013093,356.8504224052372
76.37511232987735,34168,1441,39143.77257130874,52191.696761744985,550.2826843367662,220.11307373470652
50.69961468008265,88889,1829,67599.57073946799,90132.76098595733,463.64797624935585,185.45919049974236
30.214434064598375,9535,2334,4321.419432089183,5761.89257611891,352.6024455338631,141.04097821354523
50.7195564519424,94188,1140,71657.60374643328,95543.47166191103,289.1014717760717,115.64058871042869
22.677131834181985,52349,2668,17806.877615813893,23742.503487751856,302.51293866798767,121.00517546719507
25.874828785560098,37484,3510,14548.38123296902,19397.841643958694,454.1032451865797,181.6412980746319
54.853099546553175,82029,384,67493.17354056315,89990.8980540842,105.3179511293821,42.12718045175284
47.70329045540931,76253,2130,54562.78510644489,72750.38014192652,508.04004335010916,203.21601734004366
92.33613109612901,75488,4030,104554.0479627688,139405.39728369174,1860.5730415869994,744.2292166347997
42.61545092049698,31501,2031,20136.43979169863,26848.586388931508,432.7599040976469,173.10396163905875
62.25295152502391,71931,3715,67168.75584219742,89558.34112292991,1156.3485745773191,462.5394298309277
66.90378591275774,34184,3269,34305.58526462566,45740.78035283421,1093.5423807440252,437.4169522976101
11.178501092950027,55926,3445,9377.53278186485,12503.377042486465,192.54968132606422,77.01987253042569
69.71836348150396,36551,1899,38224.138554186764,50965.51807224902,661.9758612568801,264.790344502752
26.02323701827763,7327,1833,2860.0838644938026,3813.4451526584035,238.50296727251447,95.40118690900579
96.49632857225096,32010,1484,46332.712163966295,61776.94955195506,716.0027580061021,286.4011032024409
23.379645497780167,36141,2252,12674.456519029096,16899.27535870546,263.25480830500464,105.30192332200187
47.316171135432135,89020,3253,63181.28331714252,84241.71108952336,769.5975235178037,307.83900940712147
17.681470127077947,65781,3144,17446.57179643972,23262.09572858629,277.9527103976653,111.18108415906613
99.71868266613527,81671,2080,122161.867980389,162882.49064051866,1037.0742997278066,414.8297198911227
55.19755092981183,65581,369,54298.65881291985,72398.2117505598,101.83948146550283,40.735792586201136
63.58465155880394,68676,2051,65501.09295678629,87334.79060904839,652.0606017355344,260.82424069421376
16.036882964958473,64274,1151,15461.319235346115,20615.09231379482,92.29226146333602,36.91690458533441
77.496442335926,26260,1645,30525.848636121256,40701.13151482834,637.4082382129914,254.96329528519655
28.891503378602717,17733,4010,7684.99544119143,10246.66058825524,579.2746427409845,231.70985709639382
90.82488604966424,94980,1953,129398.21515495665,172530.9535399422,886.9050122749713,354.76200490998855
28.462567643380645,17114,4784,7306.625739732244,9742.167652976326,680.824618029665,272.329847211866
27.16189485972999,80632,3371,32851.768594946225,43802.35812659497,457.813737860749,183.1254951442996
13.28947010632854,49204,2990,9808.426306676844,13077.90174223579,198.6775780896117,79.47103123584469
52.48602505989993,41721,16,32846.54177286128,43795.3890304817,4.198882004791995,1.679552801916798
60.83570199363548,77331,3277,70567.28506304738,94089.71341739652,996.7929771657174,398.71719086628696
15.913777548551714,68488,1601,16348.541951178146,21798.055934904194,127.38978927615646,50.95591571046259
79.79748550255096,16114,4938,19287.850220821594,25717.133627762123,1970.1999170579832,788.0799668231933
50.795995127322485,92678,3274,70615.0685461499,94153.42472819985,831.530440234269,332.6121760937076
57.195124239482205,33855,2616,29045.11396691505,38726.8186225534,748.1122250524273,299.24489002097096
49.668647224440534,40490,3229,30166.252891763957,40221.670522351946,801.9003094385924,320.760123775437
46.06867547877934,23811,3283,16454.118477378222,21938.824636504298,756.2173079841629,302.4869231936652
60.36762981773961,91758,923,83088.19465224227,110784.25953632302,278.5966116088683,111.43864464354732
23.971622133764125,58093,2021,20888.75166925139,27851.668892335187,242.2332416616865,96.89329666467461
26.3735317445744,74796,1452,29589.520205507804,39452.69360734374,191.47184046561017,76.58873618624408
87.56070589121656,27313,3064,35873.183400101974,47830.91120013596,1341.4300142534378,536.5720057013751
95.15039159202695,57884,3556,82615.27900369331,110153.70533825776,1691.7739625062393,676.7095850024957
43.597838465177766,7521,4231,4918.490146449029,6557.98686193204,922.3122727308357,368.9249090923343
34.367020582919835,87036,4922,44867.52005182516,59823.360069100214,845.772376545657,338.3089506182628
67.95995889151142,99173,2938,101096.89504721793,134795.86006295725,998.3317961163027,399.3327184465211
46.78607539882868,17827,1839,12510.830492023784,16681.10732269838,430.1979632922297,172.07918531689188
12.284772009431038,4458,585,821.4827042706535,1095.3102723608713,35.932958127585785,14.373183251034314
24.053733762957133,65208,939,23527.43806822363,31369.917424298175,112.93228001708374,45.1729120068335
74.43750059626578,94118,3769,105088.63021679013,140118.17362238685,1402.7746987366286,561.1098794946514
69.30315477191363,32217,3709,33491.09605930111,44654.79474573482,1285.2270052451381,514.0908020980553
12.438639325313513,88800,1473,16568.2675813176,22091.0234417568,91.61057863093403,36.64423145237361
29.97749457396545,32010,3285,14393.694019689512,19191.59202625268,492.3803483773826,196.95213935095305
30.796731692926425,98132,4938,45332.17311735384,60442.897489805124,760.3713054983534,304.14852219934136
70.47034692388556,55854,1064,59040.76135630056,78721.01514173408,374.9022456350712,149.96089825402848
11.773948397892774,62538,1910,11044.787773611275,14726.383698148366,112.44120719987599,44.976482879950396
19.369772378611646,29471,1467,8562.698426550956,11416.931235401276,142.07728039711643,56.83091215884657
81.99244768358705,51601,1409,63463.384393811626,84617.8458584155,577.6367939308707,231.0547175723483
26.069019584890025,61046,3425,23871.140543687947,31828.187391583928,446.43196039124166,178.57278415649668
68.74714970666872,38567,452,39770.569841056385,53027.42645474185,155.3685583370713,62.147423334828524
31.436450294205386,17725,3660,8358.166221971856,11144.22162929581,575.2870403839586,230.11481615358343
18.949725348341065,33993,4662,9662.370206492367,12883.160275323156,441.7180978698302,176.6872391479321
31.88549718995087,76429,1188,36554.64997096132,48739.533294615096,189.39985330830817,75.75994132332328
75.00402386700932,31107,4468,34997.252556465886,46663.00340862118,1675.5898931889883,670.2359572755954
87.01268212956572,91402,1267,119296.99758009848,159062.66344013132,551.2253412907988,220.49013651631955
84.71978781102925,39632,3644,50364.21945790066,67152.29261053422,1543.594533916953,617.4378135667812
45.74651766566093,54353,1851,37296.90712022503,49729.20949363337,423.3840209956919,169.35360839827678
70.12766229135815,12423,2319,13067.939229683136,17423.918972910848,813.1302442682977,325.2520977073191
28.448586587423886,73479,920,31355.605407859795,41807.473877146396,130.86349830214988,52.345399320859954
36.383295723491194,14310,4350,7809.674427047385,10412.89923606318,791.3366819859334,316.53467279437336
90.67022366690078,16556,4647,22517.043345438142,30022.724460584188,2106.72264690044,842.6890587601761
11.170173115966243,31467,4019,5272.377561601646,7029.836748802196,224.46462876534167,89.78585150613668
17.695767776902127,54724,2179,14525.74793734788,19367.66391646384,192.7953899293487,77.11815597173948
28.70976296314246,10206,2182,4395.177612027479,5860.236816036639,313.22351392788426,125.28940557115371
12.387898348643773,68108,133,12655.724710941453,16874.299614588603,8.23795240184811,3.2951809607392444
26.329189158081757,72340,3168,28569.803155434514,38093.070873912686,417.05435626401504,166.82174250560604
62.473740487272295,64415,795,60363.68990231468,80484.9198697529,248.3331184369074,99.33324737476296
47.92820955332481,69349,2426,49856.601064702845,66475.46808627046,581.36918188183,232.54767275273198
90.34045399692774,70687,806,95788.43507521246,127717.91343361662,364.0720296076188,145.62881184304752
83.56992055645968,10856,4182,13608.525863413892,18144.701151218524,1747.447038835572,698.9788155342288
40.76356165280884,68111,4164,41646.704216016944,55528.938954689256,848.69735361148,339.478941444592
33.34810900881632,36478,1946,18247.08480635403,24329.44640847204,324.4771006557828,129.79084026231314
44.17231673505402,4355,2166,2885.556590717404,3847.408787623205,478.386190240635,191.35447609625402
63.1265448263327,14584,3817,13809.562946208542,18412.750594944722,1204.7701080105596,481.9080432042239
34.125727674058865,56649,1311,28997.82520511641,38663.76694015521,223.69414490345585,89.47765796138235
66.17340170642206,34603,4173,34346.973288709836,45795.96438494645,1380.7080266044961,552.2832106417985
46.84704869721164,73894,3150,51925.73724647635,69234.31632863513,737.8410169810834,295.1364067924334
59.68424627667822,45213,3246,40477.55740361179,53970.07653814905,968.6753170704875,387.470126828195
49.2513876221785,74169,2362,54793.89252824035,73058.52337098714,581.6588878179281,232.66355512717124
36.50191835877259,98217,1942,53776.63373165351,71702.17830887134,354.43362726368184,141.77345090547274
95.3607976265941,5349,2731,7651.273597569779,10201.698130093038,1302.1516915911425,520.860676636457
78.72452147437848,19301,374,22791.929834654682,30389.239779539577,147.21485515708775,58.885942062835106
22.61018581898073,58676,4926,19900.1289467177,26533.50526229027,556.8888767214954,222.7555506885982
88.16211783081215,9786,2400,12941.317276384916,17255.089701846555,1057.9454139697457,423.1781655878983
53.86880784245623,53463,956,43199.82110521856,57599.76147362474,257.49290148694075,102.9971605947763
90.50970042046822,97643,1387,132564.58017233666,176752.77356311557,627.6847724159471,251.07390896637887
81.98697303525837,761,1449,935.8812971974743,1247.8417295966324,593.9956196404469,237.59824785617877
48.26921540223101,44943,3190,32540.450217337027,43387.26695644937,769.8939856655846,307.95759426623385
12.022237748810566,95773,4867,17271.086638752517,23028.115518336686,292.56115561730513,117.02446224692206
34.180962344645145,61063,350,31307.881554765994,41743.842073021326,59.816684103129,23.9266736412516
58.747079319478026,42928,2999,37828.41931539829,50437.892420531054,880.9124543955729,352.3649817582292
67.01303978435325,48704,392,48957.04634485712,65276.06179314282,131.3455579773324,52.53822319093296
33.20989168898821,10626,1566,5293.324636307831,7057.766181743774,260.0334519247777,104.01338076991108
22.54204666655417,69010,309,23334.39960688355,31112.53280917807,34.82746209982619,13.930984839930478
85.14372131193691,25692,148,32812.68731919425,43750.24975892567,63.006353770833314,25.202541508333326
98.5961962633197,29082,368,43010.61869594795,57347.49159459727,181.41700112450826,72.56680044980331
57.312116407241724,307,4941,263.92229605534817,351.8963947404642,1415.8958358409068,566.3583343363628
25.451135726347317,88833,1532,33913.51109967917,45218.01479957223,194.95569966382047,77.9822798655282
34.50765938674321,99036,3466,51262.5083253825,68350.01110051,598.0177371722598,239.20709486890394
11.655160889272006,68719,1637,12013.965017248243,16018.620022997658,95.39749187869137,38.15899675147655
92.28689259044491,29428,1313,40737.280127274185,54316.37350303225,605.8634498562708,242.34537994250832
20.597597460112702,46579,1144,14391.232381418842,19188.30984189179,117.81825747184465,47.12730298873786
61.88648279628282,20203,2196,18754.389178999525,25005.852238666033,679.5135811031853,271.80543244127415
34.66496986184854,39991,3180,20794.30214617777,27725.736194903697,551.1730208033918,220.46920832135672
59.87602022642141,10854,3845,9748.41485306367,12997.88647075156,1151.1164888529515,460.4465955411806
68.62783495166778,81537,2161,83935.61667681203,111914.15556908271,741.5237566527703,296.60950266110814
84.67676233364814,98640,1247,125287.73754886579,167050.31673182105,527.9596131502961,211.18384526011846
28.577914458454288,73082,3745,31327.967166791346,41770.62288905513,535.1214482345566,214.04857929382266
10.989624579263243,56022,2844,9234.91122269228,12313.214963589708,156.2724615171233,62.508984606849324
22.319706706192655,48331,4270,16181.006172254958,21574.674896339944,476.52573817721316,190.61029527088527
91.00167776632946,29401,1008,40133.104920117796,53510.806560157056,458.64845594230053,183.45938237692022
88.65010698062638,91752,2577,122007.36923529646,162676.4923137286,1142.2566284453708,456.90265137814833
63.76717919532775,62811,1317,60079.204386565965,80105.60584875463,419.90687500123323,167.96275000049332
64.0465174390288,41423,666,39794.98337815335,53059.9778375378,213.27490307196592,85.30996122878638
69.853300709163,18852,2670,19753.11637453711,26337.488499382813,932.5415644673259,373.0166257869304
25.783415076110465,98012,2221,37906.26117659609,50541.68156879478,286.3248244202067,114.5299297680827
92.29707513324638,82305,1919,113947.66153262765,151930.21537683686,885.5904359034989,354.2361743613996
47.68934724028658,98552,3740,70498.20823837085,93997.61098449446,891.790793393359,356.7163173573436
44.48246754245477,13495,2056,9004.363492281407,12005.817989708543,457.27976633643505,182.91190653457403
56.70259347545538,86057,3172,73194.82630075896,97593.10173434527,899.3031325207222,359.7212530082889
14.226937009754954,56373,1150,12030.22680076374,16040.30240101832,81.80488780609097,32.72195512243639
24.965503188047148,91978,276,34444.15578345301,45925.54104460401,34.45239439950506,13.780957759802025
76.42302547837333,4995,1855,5725.995183967122,7634.660245289496,708.8235613119126,283.52942452476503
17.45188011326138,76659,1718,20067.655164037562,26756.873552050085,149.91165017291527,59.964660069166115
64.28368985197494,10799,3640,10412.993500672163,13883.99133422955,1169.963155305944,467.9852621223776
32.081419871318886,65161,3221,31356.861003525148,41809.1480047002,516.6712670275906,206.66850681103625
45.036605263777886,9815,2303,6630.514209959699,8840.685613279598,518.5965096124023,207.43860384496094
35.98243630936299,19269,3742,10400.18347867673,13866.911304902307,673.2313833481815,269.2925533392726
42.01054448184542,16263,3839,10248.262273623783,13664.349698165042,806.392401329023,322.5569605316092
74.71413146658209,5882,1520,6592.027819296538,8789.370425728717,567.8273991460239,227.13095965840958
36.74095440608575,88277,485,48650.71848159048,64867.62464212063,89.09681443475793,35.638725773903175
60.976417626720746,84428,986,77221.75481083168,102962.33974777558,300.6137388997333,120.24549555989331
52.84453619791897,35685,1217,28286.359113341077,37715.14548445477,321.5590027643369,128.62360110573476
69.73040488263834,30782,1970,32196.619846460606,42928.82646194747,686.8444880939877,274.7377952375951
94.31467653922822,47964,567,67855.63718291312,90474.18291055084,267.382107988712,106.9528431954848
75.93148874892253,84516,892,96261.38554655906,128348.51406207874,338.6544398201945,135.4617759280778
29.34463407316811,55214,2204,24303.51938573856,32404.692514318078,323.37786748631254,129.351146994525
12.80648215551562,38167,4771,7331.77506644347,9775.700088591293,305.4986318198251,122.19945272793005
33.60376398698426,42785,2677,21566.055632746826,28754.740843662436,449.78638096578436,179.91455238631374
63.55701376302294,18173,4969,17325.32416673124,23100.432222308318,1579.074006942305,631.6296027769221
14.628323213582531,36135,4687,7928.916889842072,10571.889186456096,342.8147545103066,137.12590180412266
54.67296224811127,65077,4800,53369.28546330506,71159.04728440674,1312.1510939546704,524.8604375818682
63.71585640252003,90473,1620,86468.47014457792,115291.2935261039,516.0984368604122,206.4393747441649
40.08195017352647,83462,3498,50179.795880743,66906.39450765733,701.033308534978,280.41332341399124
79.38209833712398,90617,2464,107900.51407522743,143867.35210030325,977.9874515133673,391.1949806053469
19.593842782039463,65550,4504,19265.645915440306,25687.52788725374,441.25333945152875,176.5013357806115
16.762400356222788,10482,1956,2635.5522080089086,3514.069610678545,163.93627548385885,65.57451019354355
75.5369880583243,4537,4820,5140.66972230926,6854.2262964123465,1820.4414122056155,728.1765648822462
54.59421845855786,71071,4809,58200.98550102249,77601.31400136332,1312.7179828360238,525.0871931344095
71.95621567849625,64712,2818,69846.45943480275,93128.61257973699,1013.8630789100122,405.5452315640049
49.13446047433716,90455,3835,66666.86433309253,88889.15244412336,942.153279595415,376.86131183816605
32.17618299151961,62029,3546,29937.84682171455,39917.1290956194,570.4837244396426,228.19348977585707
83.71920859067798,97618,3812,122587.52556307203,163450.03408409606,1595.6881157383225,638.275246295329
81.94742910720814,98964,4187,121647.68061248619,162196.90748331492,1715.5694283594023,686.227771343761
72.52268237689842,12429,4709,13520.766288937059,18027.68838524941,1707.5465565640732,683.0186226256293
34.49306235069665,25269,1980,13074.077888096304,17432.103850795073,341.4813172718968,136.5925269087587
63.12076001821784,87568,3832,82910.3806991295,110547.174265506,1209.3937619490537,483.7575047796215
42.48765072460241,34694,2829,22110.998313590342,29481.33108478712,600.9878194995011,240.39512779980046
18.242386599397072,77057,912,21085.553762846102,28114.071683794806,83.18528289325066,33.27411315730026
92.55822179160185,60731,374,84317.30051438659,112423.06735251544,173.08387475029545,69.23354990011818
22.313676782706526,45133,4268,15106.247613508403,20141.663484677872,476.1738625429573,190.46954501718292
95.52136184387221,63233,3129,90601.53410210357,120802.04546947143,1494.4317060473807,597.7726824189523
50.140519566216014,73265,2568,55103.17749028224,73470.90332037632,643.8042712302137,257.52170849208545
